"Subject","lever_side","reaction","cumulative_count","colony","body_part","log_cumulative_count","box_between_solves","paw_comb","con_pres"
"squirrel_6","right lever","exit",1,"C","right paw",0,2,"ipsi",0
"squirrel_19","right lever","no reaction",1,"C","both paws",0,1,"both",0
"squirrel_19","right lever","no reaction",2,"C","both paws",0.693147180559945,0,"both",0
"squirrel_19","left lever","no reaction",3,"C","both paws",1.09861228866811,1,"both",0
"squirrel_19","left lever","no reaction",4,"C","left paw",1.38629436111989,1,"ipsi",0
"squirrel_19","right lever","no reaction",5,"C","both paws",1.6094379124341,1,"both",0
"squirrel_6","right lever","exit",2,"C","right paw",0.693147180559945,5,"ipsi",0
"squirrel_19","right lever","no reaction",6,"C","both paws",1.79175946922805,1,"both",0
"squirrel_19","right lever","no reaction",7,"C","both paws",1.94591014905531,2,"both",0
"squirrel_19","left lever","no reaction",8,"C","both paws",2.07944154167984,0,"both",0
"squirrel_6","left lever","exit",3,"C","left paw",1.09861228866811,8,"ipsi",0
"squirrel_19","right lever","no reaction",9,"C","both paws",2.19722457733622,1,"both",0
"squirrel_19","right lever","no reaction",10,"C","right paw",2.30258509299405,1,"ipsi",0
"squirrel_19","right lever","no reaction",11,"C","right paw",2.39789527279837,0,"ipsi",0
"squirrel_19","right lever","no reaction",12,"C","both paws",2.484906649788,3,"both",0
"squirrel_19","right lever","no reaction",13,"C","both paws",2.56494935746154,0,"both",0
"squirrel_19","left lever","no reaction",14,"C","both paws",2.63905732961526,1,"both",0
"squirrel_1","left lever","exit",1,"C","left paw",0,7,"ipsi",0
"squirrel_1","left lever","exit",2,"C","left paw",0.693147180559945,4,"ipsi",0
"squirrel_1","right lever","exit",3,"C","right paw",1.09861228866811,6,"ipsi",0
"squirrel_10","left lever","exit",1,"C","both paws",0,2,"both",0
"squirrel_19","right lever","no reaction",15,"C","both paws",2.70805020110221,0,"both",0
"squirrel_19","right lever","no reaction",16,"C","both paws",2.77258872223978,0,"both",0
"squirrel_19","right lever","no reaction",17,"C","both paws",2.83321334405622,0,"both",0
"squirrel_19","left lever","no reaction",18,"C","both paws",2.89037175789616,0,"both",0
"squirrel_19","left lever","no reaction",19,"C","both paws",2.94443897916644,0,"both",0
"squirrel_19","left lever","no reaction",20,"C","both paws",2.99573227355399,0,"both",0
"squirrel_1","left lever","exit",4,"C","both paws",1.38629436111989,9,"both",0
"squirrel_14","left lever","no reaction",1,"C","both paws",0,5,"both",0
"squirrel_14","right lever","no reaction",2,"C","both paws",0.693147180559945,0,"both",0
"squirrel_14","left lever","no reaction",3,"C","both paws",1.09861228866811,4,"both",0
"squirrel_14","left lever","no reaction",4,"C","both paws",1.38629436111989,0,"both",0
"squirrel_18","right lever","flinch",1,"P","left paw",0,1,"contra",0
"squirrel_18","right lever","no reaction",2,"P","right paw",0.693147180559945,4,"ipsi",0
"squirrel_18","right lever","no reaction",3,"P","right paw",1.09861228866811,1,"ipsi",0
"squirrel_18","right lever","no reaction",4,"P","right paw",1.38629436111989,1,"ipsi",0
"squirrel_18","right lever","no reaction",5,"P","right paw",1.6094379124341,1,"ipsi",0
"squirrel_18","right lever","no reaction",6,"P","both paws",1.79175946922805,0,"both",0
"squirrel_18","right lever","no reaction",7,"P","right paw",1.94591014905531,1,"ipsi",0
"squirrel_18","right lever","no reaction",8,"P","right paw",2.07944154167984,1,"ipsi",0
"squirrel_18","right lever","no reaction",9,"P","right paw",2.19722457733622,1,"ipsi",0
"squirrel_18","right lever","no reaction",10,"P","right paw",2.30258509299405,2,"ipsi",0
"squirrel_18","right lever","no reaction",11,"P","right paw",2.39789527279837,0,"ipsi",0
"squirrel_18","right lever","no reaction",12,"P","right paw",2.484906649788,0,"ipsi",0
"squirrel_18","left lever","exit",13,"P","left paw",2.56494935746154,4,"ipsi",1
"squirrel_18","left lever","flinch",14,"P","left paw",2.63905732961526,1,"ipsi",0
"squirrel_18","right lever","no reaction",15,"P","right paw",2.70805020110221,0,"ipsi",0
"squirrel_18","right lever","no reaction",16,"P","right paw",2.77258872223978,5,"ipsi",0
"squirrel_18","right lever","no reaction",17,"P","right paw",2.83321334405622,1,"ipsi",0
"squirrel_18","right lever","no reaction",18,"P","both paws",2.89037175789616,1,"both",0
"squirrel_18","right lever","no reaction",19,"P","both paws",2.94443897916644,2,"both",0
"squirrel_18","right lever","no reaction",20,"P","right paw",2.99573227355399,1,"ipsi",0
"squirrel_18","right lever","no reaction",21,"P","right paw",3.04452243772342,1,"ipsi",0
"squirrel_18","right lever","no reaction",22,"P","right paw",3.09104245335832,0,"ipsi",0
"squirrel_18","right lever","no reaction",23,"P","right paw",3.13549421592915,1,"ipsi",0
"squirrel_18","right lever","no reaction",24,"P","right paw",3.17805383034795,1,"ipsi",0
"squirrel_18","right lever","no reaction",25,"P","right paw",3.2188758248682,1,"ipsi",0
"squirrel_18","right lever","no reaction",26,"P","right paw",3.25809653802148,1,"ipsi",0
"squirrel_18","right lever","no reaction",27,"P","both paws",3.29583686600433,0,"both",0
"squirrel_18","right lever","no reaction",28,"P","right paw",3.3322045101752,0,"ipsi",0
"squirrel_18","right lever","flinch",29,"P","right paw",3.36729582998647,11,"ipsi",0
"squirrel_18","right lever","no reaction",30,"P","right paw",3.40119738166216,1,"ipsi",0
"squirrel_18","right lever","no reaction",31,"P","both paws",3.43398720448515,0,"both",0
"squirrel_18","right lever","no reaction",32,"P","both paws",3.46573590279973,0,"both",0
"squirrel_18","right lever","no reaction",33,"P","right paw",3.49650756146648,0,"ipsi",0
"squirrel_18","right lever","no reaction",34,"P","right paw",3.52636052461616,1,"ipsi",0
"squirrel_18","right lever","no reaction",35,"P","both paws",3.55534806148941,5,"both",0
"squirrel_18","left lever","no reaction",36,"P","left paw",3.58351893845611,3,"ipsi",0
"squirrel_18","right lever","no reaction",37,"P","both paws",3.61091791264422,1,"both",0
"squirrel_18","right lever","no reaction",38,"P","right paw",3.63758615972639,1,"ipsi",0
"squirrel_18","right lever","no reaction",39,"P","right paw",3.66356164612965,0,"ipsi",0
"squirrel_18","right lever","no reaction",40,"P","right paw",3.68887945411394,1,"ipsi",0
"squirrel_18","right lever","no reaction",41,"P","both paws",3.71357206670431,0,"both",0
"squirrel_18","right lever","no reaction",42,"P","both paws",3.73766961828337,0,"both",0
"squirrel_18","right lever","no reaction",43,"P","both paws",3.76120011569356,0,"both",0
"squirrel_18","right lever","no reaction",44,"P","right paw",3.78418963391826,1,"ipsi",0
"squirrel_18","right lever","no reaction",45,"P","right paw",3.80666248977032,0,"ipsi",0
"squirrel_18","right lever","no reaction",46,"P","both paws",3.8286413964891,0,"both",0
"squirrel_18","right lever","no reaction",47,"P","right paw",3.85014760171006,1,"ipsi",0
"squirrel_18","right lever","no reaction",48,"P","right paw",3.87120101090789,1,"ipsi",0
"squirrel_18","left lever","no reaction",49,"P","left paw",3.89182029811063,0,"ipsi",0
"squirrel_18","right lever","alert",50,"P","right paw",3.91202300542815,0,"ipsi",0
"squirrel_18","left lever","no reaction",51,"P","right paw",3.93182563272433,9,"contra",0
"squirrel_18","right lever","no reaction",52,"P","right paw",3.95124371858143,3,"ipsi",0
"squirrel_18","right lever","no reaction",53,"P","both paws",3.97029191355212,1,"both",0
"squirrel_18","right lever","no reaction",54,"P","both paws",3.98898404656427,1,"both",0
"squirrel_18","right lever","no reaction",55,"P","right paw",4.00733318523247,3,"ipsi",0
"squirrel_18","right lever","no reaction",56,"P","right paw",4.02535169073515,1,"ipsi",0
"squirrel_18","right lever","no reaction",57,"P","right paw",4.04305126783455,1,"ipsi",0
"squirrel_18","right lever","no reaction",58,"P","right paw",4.06044301054642,1,"ipsi",0
"squirrel_18","right lever","no reaction",59,"P","right paw",4.07753744390572,0,"ipsi",0
"squirrel_18","right lever","no reaction",60,"P","both paws",4.0943445622221,0,"both",0
"squirrel_18","right lever","no reaction",61,"P","right paw",4.11087386417331,0,"ipsi",0
"squirrel_18","right lever","alert",62,"P","both paws",4.12713438504509,1,"both",0
"squirrel_18","right lever","no reaction",63,"P","right paw",4.14313472639153,1,"ipsi",0
"squirrel_18","right lever","no reaction",64,"P","right paw",4.15888308335967,0,"ipsi",0
"squirrel_18","right lever","no reaction",65,"P","right paw",4.17438726989564,1,"ipsi",0
"squirrel_18","right lever","no reaction",66,"P","right paw",4.18965474202643,1,"ipsi",0
"squirrel_18","right lever","no reaction",67,"P","right paw",4.20469261939097,0,"ipsi",0
"squirrel_18","right lever","no reaction",68,"P","right paw",4.21950770517611,0,"ipsi",0
"squirrel_18","right lever","no reaction",69,"P","right paw",4.23410650459726,0,"ipsi",0
"squirrel_18","right lever","no reaction",70,"P","right paw",4.24849524204936,0,"ipsi",0
"squirrel_18","right lever","no reaction",71,"P","right paw",4.26267987704132,0,"ipsi",0
"squirrel_18","right lever","no reaction",72,"P","right paw",4.27666611901606,1,"ipsi",0
"squirrel_18","right lever","no reaction",73,"P","right paw",4.29045944114839,1,"ipsi",0
"squirrel_18","right lever","no reaction",74,"P","right paw",4.30406509320417,1,"ipsi",0
"squirrel_18","right lever","no reaction",75,"P","right paw",4.31748811353631,1,"ipsi",0
"squirrel_18","right lever","no reaction",76,"P","right paw",4.33073334028633,0,"ipsi",0
"squirrel_18","right lever","no reaction",77,"P","right paw",4.34380542185368,0,"ipsi",0
"squirrel_19","left lever","no reaction",21,"C","both paws",3.04452243772342,2,"both",0
"squirrel_19","left lever","no reaction",22,"C","both paws",3.09104245335832,1,"both",0
"squirrel_19","left lever","no reaction",23,"C","both paws",3.13549421592915,0,"both",0
"squirrel_19","left lever","no reaction",24,"C","both paws",3.17805383034795,0,"both",0
"squirrel_19","left lever","no reaction",25,"C","both paws",3.2188758248682,0,"both",0
"squirrel_19","left lever","no reaction",26,"C","both paws",3.25809653802148,0,"both",0
"squirrel_19","left lever","no reaction",27,"C","both paws",3.29583686600433,0,"both",0
"squirrel_2","left lever","no reaction",1,"C","both paws",0,0,"both",0
"squirrel_2","left lever","no reaction",2,"C","left paw",0.693147180559945,0,"ipsi",0
"squirrel_2","left lever","no reaction",3,"C","left paw",1.09861228866811,0,"ipsi",0
"squirrel_2","left lever","no reaction",4,"C","right paw",1.38629436111989,0,"contra",0
"squirrel_2","left lever","no reaction",5,"C","both paws",1.6094379124341,0,"both",0
"squirrel_2","left lever","no reaction",6,"C","both paws",1.79175946922805,0,"both",0
"squirrel_2","left lever","no reaction",7,"C","both paws",1.94591014905531,0,"both",0
"squirrel_2","left lever","no reaction",8,"C","both paws",2.07944154167984,0,"both",0
"squirrel_2","left lever","no reaction",9,"C","both paws",2.19722457733622,0,"both",0
"squirrel_8","left lever","exit",1,"C","right paw",0,0,"contra",0
"squirrel_2","left lever","no reaction",10,"C","both paws",2.30258509299405,0,"both",0
"squirrel_2","left lever","no reaction",11,"C","both paws",2.39789527279837,0,"both",0
"squirrel_2","left lever","no reaction",12,"C","both paws",2.484906649788,0,"both",0
"squirrel_2","left lever","no reaction",13,"C","left paw",2.56494935746154,0,"ipsi",0
"squirrel_2","left lever","no reaction",14,"C","right paw",2.63905732961526,2,"contra",0
"squirrel_2","right lever","no reaction",15,"C","right paw",2.70805020110221,1,"ipsi",0
"squirrel_2","right lever","no reaction",16,"C","both paws",2.77258872223978,0,"both",0
"squirrel_2","left lever","no reaction",17,"C","both paws",2.83321334405622,0,"both",0
"squirrel_2","right lever","no reaction",18,"C","both paws",2.89037175789616,0,"both",0
"squirrel_6","left lever","exit",4,"C","left paw",1.38629436111989,3,"ipsi",0
"squirrel_6","left lever","exit",5,"C","left paw",1.6094379124341,0,"ipsi",0
"squirrel_19","left lever","no reaction",28,"C","both paws",3.3322045101752,3,"both",0
"squirrel_19","left lever","no reaction",29,"C","both paws",3.36729582998647,0,"both",0
"squirrel_19","right lever","no reaction",30,"C","both paws",3.40119738166216,0,"both",0
"squirrel_19","left lever","no reaction",31,"C","both paws",3.43398720448515,0,"both",0
"squirrel_6","left lever","exit",6,"C","left paw",1.79175946922805,0,"ipsi",0
"squirrel_6","left lever","exit",7,"C","both paws",1.94591014905531,1,"both",0
"squirrel_25","right lever","exit",1,"C","right paw",0,11,"ipsi",0
"squirrel_6","left lever","exit",8,"C","left paw",2.07944154167984,3,"ipsi",0
"squirrel_14","left lever","no reaction",5,"C","left paw",1.6094379124341,2,"ipsi",0
"squirrel_25","right lever","exit",2,"C","left paw",0.693147180559945,7,"contra",0
"squirrel_19","left lever","no reaction",32,"C","both paws",3.46573590279973,2,"both",0
"squirrel_19","right lever","no reaction",33,"C","both paws",3.49650756146648,0,"both",0
"squirrel_14","left lever","no reaction",6,"C","both paws",1.79175946922805,2,"both",0
"squirrel_14","left lever","no reaction",7,"C","both paws",1.94591014905531,0,"both",0
"squirrel_14","left lever","no reaction",8,"C","both paws",2.07944154167984,0,"both",0
"squirrel_14","left lever","no reaction",9,"C","both paws",2.19722457733622,0,"both",0
"squirrel_14","left lever","no reaction",10,"C","both paws",2.30258509299405,1,"both",0
"squirrel_19","right lever","no reaction",34,"C","right paw",3.52636052461616,0,"ipsi",0
"squirrel_19","left lever","no reaction",35,"C","both paws",3.55534806148941,0,"both",0
"squirrel_19","left lever","no reaction",36,"C","both paws",3.58351893845611,0,"both",0
"squirrel_14","right lever","no reaction",11,"C","both paws",2.39789527279837,2,"both",0
"squirrel_14","right lever","no reaction",12,"C","both paws",2.484906649788,2,"both",1
"squirrel_14","right lever","no reaction",13,"C","right paw",2.56494935746154,0,"ipsi",1
"squirrel_14","right lever","no reaction",14,"C","right paw",2.63905732961526,0,"ipsi",0
"squirrel_14","right lever","no reaction",15,"C","both paws",2.70805020110221,2,"both",0
"squirrel_14","left lever","no reaction",16,"C","both paws",2.77258872223978,2,"both",0
"squirrel_14","left lever","no reaction",17,"C","both paws",2.83321334405622,4,"both",0
"squirrel_14","right lever","no reaction",18,"C","both paws",2.89037175789616,2,"both",0
"squirrel_14","left lever","no reaction",19,"C","both paws",2.94443897916644,9,"both",0
"squirrel_1","left lever","exit",5,"C","left paw",1.6094379124341,1,"ipsi",0
"squirrel_1","left lever","exit",6,"C","left paw",1.79175946922805,0,"ipsi",0
"squirrel_18","left lever","flinch",78,"P","left paw",4.35670882668959,7,"ipsi",0
"squirrel_18","left lever","no reaction",79,"P","right paw",4.36944785246702,12,"contra",0
"squirrel_18","left lever","no reaction",80,"P","left paw",4.38202663467388,2,"ipsi",0
"squirrel_18","left lever","no reaction",81,"P","left paw",4.39444915467244,1,"ipsi",0
"squirrel_18","left lever","no reaction",82,"P","left paw",4.40671924726425,2,"ipsi",1
"squirrel_18","left lever","no reaction",83,"P","left paw",4.4188406077966,2,"ipsi",1
"squirrel_18","left lever","no reaction",84,"P","right paw",4.43081679884331,1,"contra",1
"squirrel_18","left lever","no reaction",85,"P","left paw",4.44265125649032,0,"ipsi",1
"squirrel_18","left lever","no reaction",86,"P","both paws",4.45434729625351,0,"both",1
"squirrel_18","left lever","no reaction",87,"P","left paw",4.46590811865458,0,"ipsi",1
"squirrel_18","left lever","no reaction",88,"P","left paw",4.47733681447821,0,"ipsi",1
"squirrel_13","right lever","exit",1,"P","right paw",0,1,"ipsi",0
"squirrel_18","right lever","no reaction",89,"P","both paws",4.48863636973214,8,"both",0
"squirrel_18","right lever","no reaction",90,"P","both paws",4.49980967033027,3,"both",0
"squirrel_18","right lever","no reaction",91,"P","both paws",4.51085950651685,0,"both",0
"squirrel_18","right lever","no reaction",92,"P","right paw",4.52178857704904,0,"ipsi",0
"squirrel_18","right lever","no reaction",93,"P","both paws",4.53259949315326,1,"both",0
"squirrel_18","right lever","no reaction",94,"P","both paws",4.54329478227,0,"both",0
"squirrel_18","right lever","no reaction",95,"P","both paws",4.55387689160054,0,"both",0
"squirrel_18","right lever","no reaction",96,"P","both paws",4.56434819146784,0,"both",0
"squirrel_18","right lever","flinch",97,"P","both paws",4.57471097850338,0,"both",1
"squirrel_18","right lever","no reaction",98,"P","both paws",4.58496747867057,0,"both",0
"squirrel_18","right lever","no reaction",99,"P","right paw",4.59511985013459,0,"ipsi",0
"squirrel_18","right lever","no reaction",100,"P","right paw",4.60517018598809,0,"ipsi",0
"squirrel_18","right lever","no reaction",101,"P","both paws",4.61512051684126,4,"both",0
"squirrel_18","right lever","no reaction",102,"P","right paw",4.62497281328427,1,"ipsi",0
"squirrel_18","right lever","no reaction",103,"P","right paw",4.63472898822964,0,"ipsi",0
"squirrel_18","right lever","no reaction",104,"P","right paw",4.64439089914137,4,"ipsi",0
"squirrel_18","right lever","no reaction",105,"P","both paws",4.65396035015752,0,"both",0
"squirrel_18","right lever","no reaction",106,"P","right paw",4.66343909411207,0,"ipsi",0
"squirrel_18","right lever","no reaction",107,"P","both paws",4.67282883446191,2,"both",0
"squirrel_18","right lever","no reaction",108,"P","right paw",4.68213122712422,2,"ipsi",0
"squirrel_18","right lever","no reaction",109,"P","right paw",4.69134788222914,0,"ipsi",0
"squirrel_18","left lever","no reaction",110,"P","right paw",4.70048036579242,1,"contra",0
"squirrel_18","right lever","no reaction",111,"P","both paws",4.70953020131233,8,"both",0
"squirrel_18","right lever","no reaction",112,"P","both paws",4.71849887129509,3,"both",0
"squirrel_18","right lever","no reaction",113,"P","both paws",4.72738781871234,0,"both",0
"squirrel_18","right lever","no reaction",114,"P","both paws",4.7361984483945,0,"both",0
"squirrel_18","right lever","no reaction",115,"P","right paw",4.74493212836325,2,"ipsi",0
"squirrel_18","right lever","no reaction",116,"P","right paw",4.75359019110636,0,"ipsi",0
"squirrel_18","right lever","no reaction",117,"P","both paws",4.76217393479776,0,"both",0
"squirrel_18","right lever","no reaction",118,"P","right paw",4.77068462446567,0,"ipsi",0
"squirrel_18","right lever","no reaction",119,"P","right paw",4.77912349311153,0,"ipsi",0
"squirrel_18","right lever","no reaction",120,"P","both paws",4.78749174278205,0,"both",0
"squirrel_18","right lever","no reaction",121,"P","left paw",4.79579054559674,0,"contra",0
"squirrel_18","right lever","no reaction",122,"P","right paw",4.80402104473326,0,"ipsi",0
"squirrel_18","right lever","no reaction",123,"P","right paw",4.81218435537242,0,"ipsi",0
"squirrel_18","right lever","no reaction",124,"P","right paw",4.82028156560504,1,"ipsi",0
"squirrel_18","right lever","no reaction",125,"P","right paw",4.8283137373023,6,"ipsi",0
"squirrel_18","right lever","no reaction",126,"P","right paw",4.83628190695148,0,"ipsi",0
"squirrel_18","right lever","no reaction",127,"P","both paws",4.84418708645859,0,"both",0
"squirrel_18","right lever","no reaction",128,"P","both paws",4.85203026391962,1,"both",0
"squirrel_18","right lever","no reaction",129,"P","right paw",4.85981240436167,1,"ipsi",0
"squirrel_18","right lever","no reaction",130,"P","right paw",4.86753445045558,0,"ipsi",0
"squirrel_18","right lever","no reaction",131,"P","right paw",4.87519732320115,0,"ipsi",0
"squirrel_18","right lever","no reaction",132,"P","left paw",4.88280192258637,0,"contra",0
"squirrel_18","right lever","no reaction",133,"P","left paw",4.89034912822175,0,"contra",0
"squirrel_18","right lever","no reaction",134,"P","right paw",4.89783979995091,0,"ipsi",0
"squirrel_18","right lever","no reaction",135,"P","right paw",4.90527477843843,0,"ipsi",0
"squirrel_18","right lever","no reaction",136,"P","right paw",4.91265488573605,0,"ipsi",0
"squirrel_18","left lever","no reaction",137,"P","left paw",4.91998092582813,0,"ipsi",0
"squirrel_18","right lever","no reaction",138,"P","both paws",4.92725368515721,0,"both",0
"squirrel_18","right lever","no reaction",139,"P","right paw",4.93447393313069,0,"ipsi",0
"squirrel_18","left lever","no reaction",140,"P","both paws",4.9416424226093,0,"both",0
"squirrel_18","right lever","no reaction",141,"P","right paw",4.94875989037817,0,"ipsi",0
"squirrel_18","right lever","no reaction",142,"P","both paws",4.95582705760126,1,"both",0
"squirrel_18","right lever","no reaction",143,"P","right paw",4.96284463025991,0,"ipsi",0
"squirrel_18","right lever","no reaction",144,"P","both paws",4.969813299576,0,"both",0
"squirrel_18","right lever","no reaction",145,"P","both paws",4.97673374242057,0,"both",0
"squirrel_18","right lever","no reaction",146,"P","both paws",4.98360662170834,0,"both",0
"squirrel_18","right lever","no reaction",147,"P","both paws",4.99043258677874,0,"both",0
"squirrel_18","right lever","no reaction",148,"P","right paw",4.99721227376411,1,"ipsi",0
"squirrel_18","right lever","no reaction",149,"P","both paws",5.00394630594546,1,"both",0
"squirrel_18","right lever","no reaction",150,"P","both paws",5.01063529409626,0,"both",0
"squirrel_18","right lever","no reaction",151,"P","both paws",5.01727983681492,0,"both",0
"squirrel_18","right lever","no reaction",152,"P","right paw",5.02388052084628,0,"ipsi",0
"squirrel_19","left lever","no reaction",37,"C","both paws",3.61091791264422,3,"both",0
"squirrel_19","right lever","no reaction",38,"C","right paw",3.63758615972639,1,"ipsi",0
"squirrel_19","left lever","no reaction",39,"C","left paw",3.66356164612965,1,"ipsi",0
"squirrel_19","right lever","no reaction",40,"C","both paws",3.68887945411394,5,"both",0
"squirrel_9","left lever","exit",1,"C","both paws",0,4,"both",0
"squirrel_19","right lever","no reaction",41,"C","right paw",3.71357206670431,2,"ipsi",0
"squirrel_8","right lever","exit",2,"C","right paw",0.693147180559945,3,"ipsi",0
"squirrel_19","right lever","no reaction",42,"C","both paws",3.73766961828337,5,"both",0
"squirrel_19","right lever","no reaction",43,"C","left paw",3.76120011569356,1,"contra",0
"squirrel_19","left lever","no reaction",44,"C","left paw",3.78418963391826,3,"ipsi",0
"squirrel_6","right lever","exit",9,"C","right paw",2.19722457733622,6,"ipsi",0
"squirrel_6","right lever","exit",10,"C","right paw",2.30258509299405,8,"ipsi",0
"squirrel_6","left lever","exit",11,"C","right paw",2.39789527279837,2,"contra",0
"squirrel_6","left lever","exit",12,"C","left paw",2.484906649788,3,"ipsi",0
"squirrel_6","left lever","exit",13,"C","right paw",2.56494935746154,2,"contra",0
"squirrel_6","left lever","flinch",14,"C","left paw",2.63905732961526,2,"ipsi",0
"squirrel_19","left lever","no reaction",45,"C","both paws",3.80666248977032,4,"both",1
"squirrel_19","left lever","no reaction",46,"C","both paws",3.8286413964891,1,"both",1
"squirrel_19","left lever","no reaction",47,"C","both paws",3.85014760171006,1,"both",1
"squirrel_19","left lever","no reaction",48,"C","both paws",3.87120101090789,1,"both",1
"squirrel_19","left lever","no reaction",49,"C","both paws",3.89182029811063,1,"both",1
"squirrel_19","left lever","no reaction",50,"C","both paws",3.91202300542815,1,"both",1
"squirrel_19","left lever","no reaction",51,"C","both paws",3.93182563272433,1,"both",1
"squirrel_19","left lever","no reaction",52,"C","both paws",3.95124371858143,1,"both",1
"squirrel_19","left lever","no reaction",53,"C","left paw",3.97029191355212,0,"ipsi",1
"squirrel_19","left lever","no reaction",54,"C","both paws",3.98898404656427,2,"both",1
"squirrel_19","left lever","no reaction",55,"C","both paws",4.00733318523247,2,"both",1
"squirrel_19","left lever","no reaction",56,"C","both paws",4.02535169073515,1,"both",1
"squirrel_19","left lever","no reaction",57,"C","both paws",4.04305126783455,1,"both",1
"squirrel_19","left lever","no reaction",58,"C","both paws",4.06044301054642,3,"both",1
"squirrel_6","left lever","exit",15,"C","left paw",2.70805020110221,9,"ipsi",0
"squirrel_19","left lever","no reaction",59,"C","both paws",4.07753744390572,2,"both",0
"squirrel_6","left lever","flinch",16,"C","left paw",2.77258872223978,3,"ipsi",0
"squirrel_6","left lever","exit",17,"C","left paw",2.83321334405622,1,"ipsi",0
"squirrel_6","left lever","alert",18,"C","left paw",2.89037175789616,1,"ipsi",0
"squirrel_6","right lever","flinch",19,"C","both paws",2.94443897916644,2,"both",0
"squirrel_8","left lever","exit",3,"C","right paw",1.09861228866811,5,"contra",0
"squirrel_19","left lever","no reaction",60,"C","both paws",4.0943445622221,5,"both",0
"squirrel_19","left lever","no reaction",61,"C","both paws",4.11087386417331,1,"both",0
"squirrel_19","left lever","no reaction",62,"C","both paws",4.12713438504509,2,"both",0
"squirrel_19","left lever","no reaction",63,"C","both paws",4.14313472639153,2,"both",0
"squirrel_19","right lever","no reaction",64,"C","both paws",4.15888308335967,6,"both",0
"squirrel_19","right lever","no reaction",65,"C","right paw",4.17438726989564,1,"ipsi",0
"squirrel_19","left lever","no reaction",66,"C","left paw",4.18965474202643,2,"ipsi",0
"squirrel_19","left lever","no reaction",67,"C","left paw",4.20469261939097,1,"ipsi",0
"squirrel_19","left lever","no reaction",68,"C","both paws",4.21950770517611,1,"both",0
"squirrel_19","left lever","no reaction",69,"C","both paws",4.23410650459726,3,"both",0
"squirrel_19","left lever","no reaction",70,"C","both paws",4.24849524204936,0,"both",0
"squirrel_19","left lever","no reaction",71,"C","both paws",4.26267987704132,0,"both",0
"squirrel_10","right lever","exit",2,"C","right paw",0.693147180559945,17,"ipsi",0
"squirrel_1","left lever","flinch",7,"C","right paw",1.94591014905531,22,"contra",0
"squirrel_19","left lever","no reaction",72,"C","both paws",4.27666611901606,2,"both",0
"squirrel_19","left lever","no reaction",73,"C","both paws",4.29045944114839,0,"both",0
"squirrel_19","left lever","no reaction",74,"C","both paws",4.30406509320417,1,"both",0
"squirrel_19","left lever","no reaction",75,"C","both paws",4.31748811353631,1,"both",0
"squirrel_19","left lever","no reaction",76,"C","both paws",4.33073334028633,2,"both",0
"squirrel_19","right lever","no reaction",77,"C","both paws",4.34380542185368,6,"both",0
"squirrel_1","left lever","exit",8,"C","left paw",2.07944154167984,14,"ipsi",0
"squirrel_19","right lever","no reaction",78,"C","both paws",4.35670882668959,8,"both",0
"squirrel_19","right lever","no reaction",79,"C","both paws",4.36944785246702,2,"both",0
"squirrel_19","right lever","no reaction",80,"C","right paw",4.38202663467388,1,"ipsi",0
"squirrel_19","right lever","no reaction",81,"C","both paws",4.39444915467244,2,"both",0
"squirrel_19","right lever","no reaction",82,"C","both paws",4.40671924726425,1,"both",0
"squirrel_19","right lever","no reaction",83,"C","both paws",4.4188406077966,1,"both",0
"squirrel_1","left lever","flinch",9,"C","right paw",2.19722457733622,4,"contra",0
"squirrel_19","right lever","no reaction",84,"C","both paws",4.43081679884331,1,"both",0
"squirrel_1","left lever","flinch",10,"C","left paw",2.30258509299405,10,"ipsi",0
"squirrel_19","right lever","no reaction",85,"C","both paws",4.44265125649032,1,"both",0
"squirrel_19","right lever","no reaction",86,"C","both paws",4.45434729625351,1,"both",0
"squirrel_19","left lever","no reaction",87,"C","both paws",4.46590811865458,12,"both",0
"squirrel_19","left lever","no reaction",88,"C","left paw",4.47733681447821,1,"ipsi",0
"squirrel_19","left lever","no reaction",89,"C","both paws",4.48863636973214,2,"both",0
"squirrel_19","left lever","no reaction",90,"C","both paws",4.49980967033027,2,"both",0
"squirrel_19","left lever","no reaction",91,"C","left paw",4.51085950651685,1,"ipsi",0
"squirrel_19","right lever","no reaction",92,"C","both paws",4.52178857704904,1,"both",0
"squirrel_6","left lever","no reaction",20,"C","left paw",2.99573227355399,13,"ipsi",0
"squirrel_8","right lever","exit",4,"C","right paw",1.38629436111989,8,"ipsi",0
"squirrel_6","right lever","flinch",21,"C","both paws",3.04452243772342,0,"both",0
"squirrel_6","right lever","flinch",22,"C","both paws",3.09104245335832,0,"both",0
"squirrel_6","left lever","no reaction",23,"C","left paw",3.13549421592915,2,"ipsi",0
"squirrel_6","right lever","exit",24,"C","right paw",3.17805383034795,1,"ipsi",0
"squirrel_6","right lever","exit",25,"C","right paw",3.2188758248682,0,"ipsi",0
"squirrel_6","left lever","exit",26,"C","left paw",3.25809653802148,1,"ipsi",0
"squirrel_6","left lever","flinch",27,"C","both paws",3.29583686600433,3,"both",0
"squirrel_8","left lever","exit",5,"C","right paw",1.6094379124341,5,"contra",0
"squirrel_6","left lever","no reaction",28,"C","right paw",3.3322045101752,4,"contra",0
"squirrel_6","left lever","flinch",29,"C","left paw",3.36729582998647,0,"ipsi",0
"squirrel_6","right lever","exit",30,"C","right paw",3.40119738166216,3,"ipsi",0
"squirrel_6","right lever","exit",31,"C","right paw",3.43398720448515,0,"ipsi",0
"squirrel_6","right lever","flinch",32,"C","left paw",3.46573590279973,0,"contra",0
"squirrel_6","right lever","flinch",33,"C","left paw",3.49650756146648,0,"contra",0
"squirrel_6","left lever","flinch",34,"C","right paw",3.52636052461616,2,"contra",0
"squirrel_6","right lever","exit",35,"C","both paws",3.55534806148941,6,"both",0
"squirrel_6","right lever","exit",36,"C","both paws",3.58351893845611,0,"both",0
"squirrel_6","left lever","no reaction",37,"C","left paw",3.61091791264422,1,"ipsi",0
"squirrel_6","left lever","flinch",38,"C","left paw",3.63758615972639,10,"ipsi",0
"squirrel_8","left lever","exit",6,"C","right paw",1.79175946922805,5,"contra",0
"squirrel_6","left lever","no reaction",39,"C","left paw",3.66356164612965,8,"ipsi",0
"squirrel_6","left lever","no reaction",40,"C","right paw",3.68887945411394,1,"contra",0
"squirrel_6","left lever","no reaction",41,"C","left paw",3.71357206670431,5,"ipsi",0
"squirrel_6","left lever","no reaction",42,"C","right paw",3.73766961828337,2,"contra",0
"squirrel_23","right lever","exit",1,"P","right paw",0,20,"ipsi",0
"squirrel_16","right lever","exit",1,"P","left paw",0,10,"contra",0
"squirrel_16","left lever","exit",2,"P","left paw",0.693147180559945,1,"ipsi",0
"squirrel_23","right lever","exit",2,"P","left paw",0.693147180559945,11,"contra",0
"squirrel_22","left lever","exit",1,"P","left paw",0,7,"ipsi",0
"squirrel_18","right lever","no reaction",153,"P","left paw",5.03043792139244,1,"contra",0
"squirrel_18","right lever","no reaction",154,"P","both paws",5.03695260241363,1,"both",0
"squirrel_18","right lever","no reaction",155,"P","right paw",5.04342511691925,1,"ipsi",0
"squirrel_18","right lever","alert",156,"P","both paws",5.04985600724954,1,"both",0
"squirrel_18","right lever","no reaction",157,"P","both paws",5.05624580534831,2,"both",0
"squirrel_18","right lever","no reaction",158,"P","both paws",5.06259503302697,1,"both",0
"squirrel_16","right lever","exit",3,"P","left paw",1.09861228866811,7,"contra",0
"squirrel_16","right lever","exit",4,"P","right paw",1.38629436111989,14,"ipsi",0
"squirrel_18","right lever","no reaction",159,"P","right paw",5.06890420222023,3,"ipsi",0
"squirrel_18","right lever","no reaction",160,"P","right paw",5.07517381523383,1,"ipsi",0
"squirrel_18","right lever","no reaction",161,"P","right paw",5.08140436498446,3,"ipsi",0
"squirrel_18","right lever","no reaction",162,"P","right paw",5.08759633523238,0,"ipsi",0
"squirrel_23","right lever","exit",3,"P","left paw",1.09861228866811,8,"contra",0
"squirrel_16","right lever","exit",5,"P","left paw",1.6094379124341,2,"contra",0
"squirrel_18","right lever","no reaction",163,"P","both paws",5.09375020080676,2,"both",0
"squirrel_18","left lever","no reaction",164,"P","left paw",5.0998664278242,2,"ipsi",0
"squirrel_23","right lever","exit",4,"P","right paw",1.38629436111989,4,"ipsi",0
"squirrel_16","right lever","exit",6,"P","right paw",1.79175946922805,12,"ipsi",0
"squirrel_16","right lever","exit",7,"P","left paw",1.94591014905531,5,"contra",0
"squirrel_18","right lever","no reaction",165,"P","right paw",5.10594547390058,2,"ipsi",0
"squirrel_16","right lever","exit",8,"P","right paw",2.07944154167984,2,"ipsi",0
"squirrel_18","left lever","no reaction",166,"P","left paw",5.11198778835654,1,"ipsi",0
"squirrel_18","right lever","no reaction",167,"P","right paw",5.11799381241676,0,"ipsi",0
"squirrel_18","right lever","no reaction",168,"P","both paws",5.12396397940326,0,"both",0
"squirrel_18","right lever","no reaction",169,"P","right paw",5.12989871492307,2,"ipsi",0
"squirrel_18","right lever","no reaction",170,"P","both paws",5.13579843705026,0,"both",0
"squirrel_18","right lever","no reaction",171,"P","right paw",5.14166355650266,1,"ipsi",0
"squirrel_18","right lever","no reaction",172,"P","right paw",5.14749447681345,0,"ipsi",0
"squirrel_13","right lever","exit",2,"P","left paw",0.693147180559945,5,"contra",0
"squirrel_21","right lever","exit",1,"P","left paw",0,1,"contra",0
"squirrel_18","right lever","no reaction",173,"P","right paw",5.15329159449778,0,"ipsi",0
"squirrel_18","right lever","no reaction",174,"P","both paws",5.15905529921453,0,"both",0
"squirrel_21","right lever","exit",2,"P","left paw",0.693147180559945,0,"contra",0
"squirrel_21","right lever","exit",3,"P","both paws",1.09861228866811,0,"both",0
"squirrel_18","right lever","no reaction",175,"P","right paw",5.16478597392351,0,"ipsi",0
"squirrel_21","left lever","exit",4,"P","left paw",1.38629436111989,2,"ipsi",0
"squirrel_18","right lever","no reaction",176,"P","both paws",5.17048399503815,0,"both",0
"squirrel_18","right lever","no reaction",177,"P","right paw",5.17614973257383,0,"ipsi",0
"squirrel_18","right lever","no reaction",178,"P","both paws",5.18178355029209,0,"both",0
"squirrel_18","right lever","no reaction",179,"P","right paw",5.18738580584075,0,"ipsi",0
"squirrel_18","left lever","flinch",180,"P","left paw",5.19295685089021,0,"ipsi",0
"squirrel_21","left lever","exit",5,"P","left paw",1.6094379124341,1,"ipsi",0
"squirrel_18","right lever","no reaction",181,"P","both paws",5.19849703126583,0,"both",0
"squirrel_23","left lever","exit",5,"P","left paw",1.6094379124341,17,"ipsi",0
"squirrel_23","left lever","exit",6,"P","left paw",1.79175946922805,1,"ipsi",0
"squirrel_23","left lever","exit",7,"P","left paw",1.94591014905531,2,"ipsi",0
"squirrel_23","right lever","exit",8,"P","left paw",2.07944154167984,0,"contra",0
"squirrel_16","right lever","exit",9,"P","right paw",2.19722457733622,2,"ipsi",0
"squirrel_16","left lever","exit",10,"P","left paw",2.30258509299405,0,"ipsi",0
"squirrel_23","left lever","exit",9,"P","right paw",2.19722457733622,1,"contra",0
"squirrel_18","left lever","no reaction",182,"P","both paws",5.2040066870768,3,"both",0
"squirrel_23","left lever","exit",10,"P","right paw",2.30258509299405,0,"contra",1
"squirrel_21","left lever","exit",6,"P","left paw",1.79175946922805,3,"ipsi",0
"squirrel_23","left lever","exit",11,"P","right paw",2.39789527279837,1,"contra",0
"squirrel_21","left lever","exit",7,"P","left paw",1.94591014905531,0,"ipsi",0
"squirrel_21","left lever","exit",8,"P","right paw",2.07944154167984,0,"contra",0
"squirrel_16","left lever","exit",11,"P","left paw",2.39789527279837,4,"ipsi",0
"squirrel_22","left lever","flinch",2,"P","left paw",0.693147180559945,5,"ipsi",0
"squirrel_18","left lever","no reaction",183,"P","both paws",5.20948615284142,1,"both",0
"squirrel_18","left lever","no reaction",184,"P","both paws",5.21493575760899,1,"both",0
"squirrel_18","left lever","no reaction",185,"P","both paws",5.22035582507832,0,"both",0
"squirrel_18","left lever","no reaction",186,"P","both paws",5.2257466737132,0,"both",0
"squirrel_22","left lever","exit",3,"P","left paw",1.09861228866811,0,"ipsi",0
"squirrel_21","left lever","exit",9,"P","both paws",2.19722457733622,0,"both",0
"squirrel_21","left lever","exit",10,"P","left paw",2.30258509299405,0,"ipsi",0
"squirrel_18","left lever","no reaction",187,"P","both paws",5.23110861685459,0,"both",0
"squirrel_18","right lever","no reaction",188,"P","both paws",5.23644196282995,3,"both",0
"squirrel_18","left lever","no reaction",189,"P","left paw",5.24174701505964,1,"ipsi",0
"squirrel_18","left lever","no reaction",190,"P","both paws",5.24702407216049,0,"both",0
"squirrel_18","left lever","no reaction",191,"P","both paws",5.25227342804663,0,"both",0
"squirrel_22","right lever","exit",4,"P","right paw",1.38629436111989,8,"ipsi",0
"squirrel_22","right lever","exit",5,"P","right paw",1.6094379124341,2,"ipsi",0
"squirrel_22","right lever","exit",6,"P","right paw",1.79175946922805,1,"ipsi",0
"squirrel_13","left lever","exit",3,"P","left paw",1.09861228866811,6,"ipsi",0
"squirrel_22","left lever","exit",7,"P","left paw",1.94591014905531,3,"ipsi",0
"squirrel_22","right lever","exit",8,"P","right paw",2.07944154167984,2,"ipsi",0
"squirrel_22","left lever","exit",9,"P","left paw",2.19722457733622,1,"ipsi",0
"squirrel_22","left lever","exit",10,"P","left paw",2.30258509299405,0,"ipsi",0
"squirrel_22","left lever","flinch",11,"P","left paw",2.39789527279837,0,"ipsi",0
"squirrel_8","right lever","exit",7,"C","left paw",1.94591014905531,1,"contra",0
"squirrel_8","left lever","exit",8,"C","left paw",2.07944154167984,1,"ipsi",0
"squirrel_8","right lever","exit",9,"C","right paw",2.19722457733622,1,"ipsi",0
"squirrel_8","left lever","exit",10,"C","left paw",2.30258509299405,0,"ipsi",0
"squirrel_8","right lever","exit",11,"C","right paw",2.39789527279837,3,"ipsi",0
"squirrel_8","left lever","exit",12,"C","right paw",2.484906649788,1,"contra",0
"squirrel_8","left lever","exit",13,"C","right paw",2.56494935746154,1,"contra",0
"squirrel_8","left lever","exit",14,"C","left paw",2.63905732961526,0,"ipsi",0
"squirrel_8","right lever","exit",15,"C","right paw",2.70805020110221,2,"ipsi",0
"squirrel_8","right lever","exit",16,"C","right paw",2.77258872223978,0,"ipsi",0
"squirrel_8","left lever","exit",17,"C","left paw",2.83321334405622,1,"ipsi",0
"squirrel_8","left lever","exit",18,"C","both paws",2.89037175789616,5,"both",0
"squirrel_17","right lever","exit",1,"C","both paws",0,3,"both",0
"squirrel_8","left lever","exit",19,"C","left paw",2.94443897916644,1,"ipsi",0
"squirrel_8","right lever","exit",20,"C","both paws",2.99573227355399,0,"both",0
"squirrel_8","right lever","exit",21,"C","right paw",3.04452243772342,2,"ipsi",0
"squirrel_17","left lever","exit",2,"C","both paws",0.693147180559945,0,"both",0
"squirrel_17","right lever","exit",3,"C","right paw",1.09861228866811,2,"ipsi",0
"squirrel_17","right lever","exit",4,"C","both paws",1.38629436111989,2,"both",0
"squirrel_8","right lever","exit",22,"C","right paw",3.09104245335832,0,"ipsi",0
"squirrel_8","left lever","exit",23,"C","left paw",3.13549421592915,1,"ipsi",0
"squirrel_8","left lever","exit",24,"C","left paw",3.17805383034795,0,"ipsi",0
"squirrel_8","left lever","exit",25,"C","both paws",3.2188758248682,1,"both",0
"squirrel_2","left lever","exit",19,"C","left paw",2.94443897916644,1,"ipsi",0
"squirrel_2","left lever","alert",20,"C","left paw",2.99573227355399,2,"ipsi",0
"squirrel_2","right lever","no reaction",21,"C","right paw",3.04452243772342,2,"ipsi",0
"squirrel_2","left lever","no reaction",22,"C","both paws",3.09104245335832,1,"both",0
"squirrel_1","left lever","exit",11,"C","right paw",2.39789527279837,4,"contra",0
"squirrel_1","left lever","exit",12,"C","left paw",2.484906649788,7,"ipsi",0
"squirrel_1","right lever","exit",13,"C","right paw",2.56494935746154,6,"ipsi",0
"squirrel_1","right lever","exit",14,"C","right paw",2.63905732961526,2,"ipsi",0
"squirrel_2","right lever","no reaction",23,"C","both paws",3.13549421592915,6,"both",0
"squirrel_2","right lever","exit",24,"C","right paw",3.17805383034795,1,"ipsi",0
"squirrel_2","right lever","no reaction",25,"C","right paw",3.2188758248682,1,"ipsi",0
"squirrel_1","right lever","exit",15,"C","right paw",2.70805020110221,2,"ipsi",0
"squirrel_2","right lever","no reaction",26,"C","right paw",3.25809653802148,1,"ipsi",0
"squirrel_2","right lever","no reaction",27,"C","both paws",3.29583686600433,1,"both",0
"squirrel_2","right lever","no reaction",28,"C","left paw",3.3322045101752,1,"contra",1
"squirrel_1","right lever","exit",16,"C","right paw",2.77258872223978,2,"ipsi",0
"squirrel_2","right lever","no reaction",29,"C","both paws",3.36729582998647,1,"both",1
"squirrel_1","left lever","flinch",17,"C","left paw",2.83321334405622,1,"ipsi",0
"squirrel_2","left lever","no reaction",30,"C","both paws",3.40119738166216,1,"both",0
"squirrel_1","right lever","exit",18,"C","right paw",2.89037175789616,3,"ipsi",0
"squirrel_2","right lever","no reaction",31,"C","both paws",3.43398720448515,1,"both",0
"squirrel_2","left lever","no reaction",32,"C","right paw",3.46573590279973,2,"contra",0
"squirrel_2","left lever","no reaction",33,"C","both paws",3.49650756146648,1,"both",0
"squirrel_2","left lever","no reaction",34,"C","left paw",3.52636052461616,1,"ipsi",0
"squirrel_5","left lever","flinch",1,"C","left paw",0,21,"ipsi",1
"squirrel_2","left lever","no reaction",35,"C","right paw",3.55534806148941,1,"contra",0
"squirrel_2","left lever","no reaction",36,"C","left paw",3.58351893845611,2,"ipsi",0
"squirrel_2","left lever","no reaction",37,"C","left paw",3.61091791264422,1,"ipsi",0
"squirrel_5","left lever","flinch",2,"C","left paw",0.693147180559945,5,"ipsi",0
"squirrel_5","left lever","exit",3,"C","left paw",1.09861228866811,1,"ipsi",0
"squirrel_5","left lever","exit",4,"C","left paw",1.38629436111989,1,"ipsi",0
"squirrel_5","left lever","flinch",5,"C","both paws",1.6094379124341,1,"both",0
"squirrel_1","left lever","no reaction",19,"C","left paw",2.94443897916644,23,"ipsi",0
"squirrel_1","left lever","flinch",20,"C","left paw",2.99573227355399,1,"ipsi",0
"squirrel_1","left lever","alert",21,"C","left paw",3.04452243772342,2,"ipsi",0
"squirrel_5","left lever","alert",6,"C","both paws",1.79175946922805,9,"both",0
"squirrel_5","left lever","exit",7,"C","left paw",1.94591014905531,3,"ipsi",0
"squirrel_1","left lever","exit",22,"C","right paw",3.09104245335832,9,"contra",0
"squirrel_5","left lever","exit",8,"C","left paw",2.07944154167984,6,"ipsi",1
"squirrel_1","left lever","exit",23,"C","left paw",3.13549421592915,5,"ipsi",1
"squirrel_5","left lever","exit",9,"C","left paw",2.19722457733622,6,"ipsi",0
"squirrel_5","left lever","exit",10,"C","left paw",2.30258509299405,1,"ipsi",1
"squirrel_5","right lever","flinch",11,"C","right paw",2.39789527279837,2,"ipsi",0
"squirrel_5","right lever","exit",12,"C","left paw",2.484906649788,4,"contra",0
"squirrel_5","right lever","exit",13,"C","left paw",2.56494935746154,2,"contra",0
"squirrel_1","right lever","exit",24,"C","right paw",3.17805383034795,12,"ipsi",1
"squirrel_5","right lever","exit",14,"C","left paw",2.63905732961526,0,"contra",0
"squirrel_1","left lever","flinch",25,"C","left paw",3.2188758248682,1,"ipsi",1
"squirrel_16","left lever","exit",12,"P","right paw",2.484906649788,3,"contra",0
"squirrel_16","left lever","exit",13,"P","right paw",2.56494935746154,1,"contra",0
"squirrel_18","left lever","no reaction",192,"P","left paw",5.25749537202778,2,"ipsi",0
"squirrel_23","left lever","exit",12,"P","left paw",2.484906649788,5,"ipsi",0
"squirrel_18","left lever","no reaction",193,"P","left paw",5.26269018890489,1,"ipsi",0
"squirrel_16","right lever","exit",14,"P","left paw",2.63905732961526,5,"contra",0
"squirrel_16","right lever","exit",15,"P","right paw",2.70805020110221,1,"ipsi",0
"squirrel_18","left lever","no reaction",194,"P","left paw",5.26785815906333,1,"ipsi",0
"squirrel_18","left lever","no reaction",195,"P","both paws",5.27299955856375,1,"both",1
"squirrel_16","left lever","exit",16,"P","right paw",2.77258872223978,1,"contra",0
"squirrel_16","left lever","exit",17,"P","left paw",2.83321334405622,4,"ipsi",0
"squirrel_16","right lever","exit",18,"P","left paw",2.89037175789616,1,"contra",0
"squirrel_18","left lever","flinch",196,"P","both paws",5.27811465923052,1,"both",0
"squirrel_16","right lever","exit",19,"P","left paw",2.94443897916644,2,"contra",0
"squirrel_22","right lever","flinch",12,"P","right paw",2.484906649788,8,"ipsi",0
"squirrel_16","right lever","exit",20,"P","right paw",2.99573227355399,1,"ipsi",0
"squirrel_22","right lever","exit",13,"P","right paw",2.56494935746154,0,"ipsi",0
"squirrel_22","left lever","exit",14,"P","both paws",2.63905732961526,1,"both",0
"squirrel_18","left lever","no reaction",197,"P","both paws",5.28320372873799,1,"both",0
"squirrel_16","right lever","exit",21,"P","left paw",3.04452243772342,2,"contra",0
"squirrel_22","right lever","flinch",15,"P","right paw",2.70805020110221,1,"ipsi",0
"squirrel_16","right lever","exit",22,"P","left paw",3.09104245335832,1,"contra",0
"squirrel_22","right lever","no reaction",16,"P","right paw",2.77258872223978,0,"ipsi",0
"squirrel_16","left lever","exit",23,"P","left paw",3.13549421592915,1,"ipsi",0
"squirrel_22","right lever","no reaction",17,"P","right paw",2.83321334405622,0,"ipsi",0
"squirrel_18","left lever","no reaction",198,"P","left paw",5.28826703069454,2,"ipsi",0
"squirrel_22","right lever","no reaction",18,"P","both paws",2.89037175789616,0,"both",0
"squirrel_16","left lever","exit",24,"P","left paw",3.17805383034795,3,"ipsi",0
"squirrel_22","right lever","no reaction",19,"P","right paw",2.94443897916644,1,"ipsi",0
"squirrel_22","right lever","no reaction",20,"P","right paw",2.99573227355399,0,"ipsi",0
"squirrel_22","right lever","no reaction",21,"P","right paw",3.04452243772342,0,"ipsi",0
"squirrel_18","left lever","no reaction",199,"P","right paw",5.29330482472449,2,"contra",0
"squirrel_16","left lever","exit",25,"P","right paw",3.2188758248682,1,"contra",0
"squirrel_16","left lever","exit",26,"P","right paw",3.25809653802148,1,"contra",0
"squirrel_22","right lever","no reaction",22,"P","right paw",3.09104245335832,0,"ipsi",0
"squirrel_18","left lever","no reaction",200,"P","left paw",5.29831736654804,1,"ipsi",0
"squirrel_18","left lever","no reaction",201,"P","left paw",5.30330490805908,1,"ipsi",0
"squirrel_16","left lever","exit",27,"P","left paw",3.29583686600433,1,"ipsi",0
"squirrel_22","right lever","no reaction",23,"P","right paw",3.13549421592915,1,"ipsi",0
"squirrel_22","right lever","no reaction",24,"P","right paw",3.17805383034795,0,"ipsi",0
"squirrel_22","right lever","no reaction",25,"P","right paw",3.2188758248682,0,"ipsi",0
"squirrel_22","right lever","no reaction",26,"P","right paw",3.25809653802148,0,"ipsi",0
"squirrel_22","right lever","no reaction",27,"P","right paw",3.29583686600433,0,"ipsi",0
"squirrel_16","left lever","exit",28,"P","left paw",3.3322045101752,3,"ipsi",0
"squirrel_22","right lever","no reaction",28,"P","right paw",3.3322045101752,0,"ipsi",0
"squirrel_22","right lever","no reaction",29,"P","right paw",3.36729582998647,0,"ipsi",0
"squirrel_16","left lever","exit",29,"P","right paw",3.36729582998647,1,"contra",0
"squirrel_22","right lever","no reaction",30,"P","left paw",3.40119738166216,0,"contra",0
"squirrel_22","right lever","no reaction",31,"P","right paw",3.43398720448515,0,"ipsi",0
"squirrel_22","right lever","no reaction",32,"P","right paw",3.46573590279973,0,"ipsi",0
"squirrel_23","left lever","exit",13,"P","left paw",2.56494935746154,9,"ipsi",0
"squirrel_22","right lever","no reaction",33,"P","right paw",3.49650756146648,0,"ipsi",0
"squirrel_22","right lever","no reaction",34,"P","right paw",3.52636052461616,0,"ipsi",0
"squirrel_22","right lever","no reaction",35,"P","right paw",3.55534806148941,0,"ipsi",0
"squirrel_16","left lever","exit",30,"P","left paw",3.40119738166216,3,"ipsi",0
"squirrel_22","right lever","no reaction",36,"P","left paw",3.58351893845611,0,"contra",0
"squirrel_22","right lever","flinch",37,"P","both paws",3.61091791264422,0,"both",0
"squirrel_16","left lever","exit",31,"P","left paw",3.43398720448515,2,"ipsi",0
"squirrel_22","right lever","alert",38,"P","right paw",3.63758615972639,1,"ipsi",0
"squirrel_22","right lever","alert",39,"P","both paws",3.66356164612965,0,"both",0
"squirrel_16","left lever","exit",32,"P","right paw",3.46573590279973,3,"contra",0
"squirrel_18","right lever","no reaction",202,"P","both paws",5.30826769740121,1,"both",0
"squirrel_18","right lever","no reaction",203,"P","both paws",5.31320597904179,1,"both",0
"squirrel_18","right lever","no reaction",204,"P","both paws",5.31811999384422,0,"both",0
"squirrel_16","left lever","exit",33,"P","right paw",3.49650756146648,1,"contra",0
"squirrel_18","right lever","no reaction",205,"P","both paws",5.32300997913841,1,"both",0
"squirrel_18","right lever","no reaction",206,"P","both paws",5.32787616878958,1,"both",0
"squirrel_16","left lever","exit",34,"P","right paw",3.52636052461616,1,"contra",0
"squirrel_18","right lever","no reaction",207,"P","both paws",5.33271879326537,1,"both",0
"squirrel_18","right lever","no reaction",208,"P","right paw",5.33753807970132,0,"ipsi",0
"squirrel_18","right lever","no reaction",209,"P","right paw",5.34233425196481,2,"ipsi",0
"squirrel_18","right lever","no reaction",210,"P","right paw",5.34710753071747,0,"ipsi",0
"squirrel_18","right lever","no reaction",211,"P","right paw",5.35185813347607,0,"ipsi",0
"squirrel_16","left lever","exit",35,"P","right paw",3.55534806148941,3,"contra",0
"squirrel_18","right lever","no reaction",212,"P","right paw",5.35658627467201,1,"ipsi",0
"squirrel_18","right lever","no reaction",213,"P","right paw",5.36129216570943,0,"ipsi",0
"squirrel_18","right lever","no reaction",214,"P","both paws",5.36597601502185,1,"both",0
"squirrel_16","left lever","exit",36,"P","right paw",3.58351893845611,1,"contra",0
"squirrel_18","right lever","no reaction",215,"P","right paw",5.37063802812766,1,"ipsi",0
"squirrel_23","left lever","exit",14,"P","left paw",2.63905732961526,6,"ipsi",0
"squirrel_18","right lever","no reaction",216,"P","right paw",5.37527840768417,1,"ipsi",0
"squirrel_16","left lever","exit",37,"P","left paw",3.61091791264422,1,"ipsi",0
"squirrel_18","right lever","no reaction",217,"P","right paw",5.37989735354046,1,"ipsi",0
"squirrel_18","right lever","no reaction",218,"P","right paw",5.38449506278909,0,"ipsi",0
"squirrel_18","right lever","no reaction",219,"P","right paw",5.3890717298165,1,"ipsi",0
"squirrel_18","right lever","no reaction",220,"P","both paws",5.39362754635236,1,"both",0
"squirrel_16","left lever","exit",38,"P","right paw",3.63758615972639,1,"contra",0
"squirrel_18","right lever","no reaction",221,"P","both paws",5.39816270151775,1,"both",0
"squirrel_18","right lever","no reaction",222,"P","both paws",5.40267738187228,1,"both",0
"squirrel_23","left lever","exit",15,"P","right paw",2.70805020110221,3,"contra",0
"squirrel_18","right lever","no reaction",223,"P","right paw",5.40717177146012,1,"ipsi",0
"squirrel_18","right lever","no reaction",224,"P","both paws",5.41164605185504,1,"both",0
"squirrel_23","left lever","exit",16,"P","right paw",2.77258872223978,2,"contra",0
"squirrel_16","left lever","exit",39,"P","left paw",3.66356164612965,3,"ipsi",0
"squirrel_16","left lever","exit",40,"P","left paw",3.68887945411394,1,"ipsi",0
"squirrel_23","left lever","exit",17,"P","left paw",2.83321334405622,4,"ipsi",0
"squirrel_16","left lever","exit",41,"P","left paw",3.71357206670431,1,"ipsi",0
"squirrel_16","left lever","exit",42,"P","left paw",3.73766961828337,2,"ipsi",0
"squirrel_23","left lever","exit",18,"P","left paw",2.89037175789616,3,"ipsi",0
"squirrel_16","left lever","exit",43,"P","left paw",3.76120011569356,2,"ipsi",0
"squirrel_16","left lever","exit",44,"P","left paw",3.78418963391826,1,"ipsi",0
"squirrel_23","left lever","exit",19,"P","left paw",2.94443897916644,13,"ipsi",0
"squirrel_23","left lever","exit",20,"P","right paw",2.99573227355399,1,"contra",0
"squirrel_22","left lever","exit",40,"P","right paw",3.68887945411394,3,"contra",0
"squirrel_6","left lever","exit",43,"C","right paw",3.76120011569356,10,"contra",0
"squirrel_6","left lever","exit",44,"C","right paw",3.78418963391826,0,"contra",0
"squirrel_6","left lever","exit",45,"C","both paws",3.80666248977032,0,"both",0
"squirrel_6","left lever","exit",46,"C","both paws",3.8286413964891,1,"both",0
"squirrel_6","left lever","flinch",47,"C","left paw",3.85014760171006,4,"ipsi",0
"squirrel_6","left lever","no reaction",48,"C","right paw",3.87120101090789,0,"contra",0
"squirrel_6","left lever","exit",49,"C","right paw",3.89182029811063,1,"contra",0
"squirrel_6","left lever","exit",50,"C","left paw",3.91202300542815,0,"ipsi",0
"squirrel_6","left lever","flinch",51,"C","right paw",3.93182563272433,1,"contra",0
"squirrel_6","left lever","no reaction",52,"C","right paw",3.95124371858143,0,"contra",0
"squirrel_6","left lever","no reaction",53,"C","right paw",3.97029191355212,2,"contra",0
"squirrel_6","left lever","no reaction",54,"C","left paw",3.98898404656427,0,"ipsi",0
"squirrel_6","left lever","no reaction",55,"C","left paw",4.00733318523247,1,"ipsi",0
"squirrel_6","left lever","no reaction",56,"C","left paw",4.02535169073515,0,"ipsi",0
"squirrel_6","left lever","no reaction",57,"C","right paw",4.04305126783455,1,"contra",0
"squirrel_6","left lever","no reaction",58,"C","left paw",4.06044301054642,0,"ipsi",0
"squirrel_6","left lever","no reaction",59,"C","left paw",4.07753744390572,4,"ipsi",0
"squirrel_6","left lever","no reaction",60,"C","left paw",4.0943445622221,0,"ipsi",0
"squirrel_6","left lever","no reaction",61,"C","right paw",4.11087386417331,0,"contra",0
"squirrel_6","left lever","no reaction",62,"C","left paw",4.12713438504509,0,"ipsi",0
"squirrel_6","left lever","no reaction",63,"C","right paw",4.14313472639153,1,"contra",0
"squirrel_6","left lever","no reaction",64,"C","left paw",4.15888308335967,1,"ipsi",0
"squirrel_6","left lever","no reaction",65,"C","right paw",4.17438726989564,0,"contra",0
"squirrel_6","left lever","no reaction",66,"C","left paw",4.18965474202643,0,"ipsi",0
"squirrel_6","left lever","no reaction",67,"C","left paw",4.20469261939097,1,"ipsi",0
"squirrel_6","left lever","no reaction",68,"C","both paws",4.21950770517611,0,"both",0
"squirrel_6","left lever","no reaction",69,"C","right paw",4.23410650459726,0,"contra",0
"squirrel_6","left lever","no reaction",70,"C","left paw",4.24849524204936,1,"ipsi",0
"squirrel_6","left lever","no reaction",71,"C","left paw",4.26267987704132,0,"ipsi",0
"squirrel_6","left lever","no reaction",72,"C","right paw",4.27666611901606,0,"contra",0
"squirrel_6","left lever","no reaction",73,"C","left paw",4.29045944114839,1,"ipsi",0
"squirrel_6","left lever","no reaction",74,"C","right paw",4.30406509320417,0,"contra",0
"squirrel_6","left lever","no reaction",75,"C","right paw",4.31748811353631,0,"contra",0
"squirrel_6","left lever","no reaction",76,"C","left paw",4.33073334028633,0,"ipsi",0
"squirrel_6","left lever","no reaction",77,"C","right paw",4.34380542185368,0,"contra",0
"squirrel_6","left lever","no reaction",78,"C","left paw",4.35670882668959,0,"ipsi",0
"squirrel_6","left lever","no reaction",79,"C","both paws",4.36944785246702,0,"both",0
"squirrel_6","left lever","no reaction",80,"C","both paws",4.38202663467388,0,"both",0
"squirrel_6","left lever","no reaction",81,"C","left paw",4.39444915467244,1,"ipsi",0
"squirrel_6","left lever","no reaction",82,"C","left paw",4.40671924726425,0,"ipsi",0
"squirrel_6","left lever","no reaction",83,"C","right paw",4.4188406077966,0,"contra",0
"squirrel_6","left lever","no reaction",84,"C","left paw",4.43081679884331,0,"ipsi",0
"squirrel_6","left lever","no reaction",85,"C","left paw",4.44265125649032,0,"ipsi",0
"squirrel_6","left lever","no reaction",86,"C","left paw",4.45434729625351,0,"ipsi",0
"squirrel_6","left lever","no reaction",87,"C","left paw",4.46590811865458,0,"ipsi",0
"squirrel_6","left lever","no reaction",88,"C","right paw",4.47733681447821,0,"contra",0
"squirrel_6","left lever","no reaction",89,"C","both paws",4.48863636973214,0,"both",0
"squirrel_6","left lever","no reaction",90,"C","left paw",4.49980967033027,0,"ipsi",0
"squirrel_6","left lever","no reaction",91,"C","left paw",4.51085950651685,0,"ipsi",0
"squirrel_6","left lever","no reaction",92,"C","left paw",4.52178857704904,0,"ipsi",0
"squirrel_6","left lever","no reaction",93,"C","left paw",4.53259949315326,0,"ipsi",0
"squirrel_6","left lever","no reaction",94,"C","right paw",4.54329478227,0,"contra",0
"squirrel_6","left lever","no reaction",95,"C","right paw",4.55387689160054,0,"contra",0
"squirrel_6","left lever","no reaction",96,"C","left paw",4.56434819146784,0,"ipsi",0
"squirrel_6","left lever","no reaction",97,"C","right paw",4.57471097850338,0,"contra",0
"squirrel_6","left lever","no reaction",98,"C","both paws",4.58496747867057,0,"both",0
"squirrel_6","left lever","no reaction",99,"C","both paws",4.59511985013459,0,"both",0
"squirrel_6","left lever","flinch",100,"C","left paw",4.60517018598809,0,"ipsi",0
"squirrel_6","left lever","no reaction",101,"C","both paws",4.61512051684126,0,"both",0
"squirrel_6","left lever","no reaction",102,"C","left paw",4.62497281328427,0,"ipsi",0
"squirrel_6","left lever","no reaction",103,"C","left paw",4.63472898822964,0,"ipsi",0
"squirrel_6","left lever","no reaction",104,"C","both paws",4.64439089914137,0,"both",0
"squirrel_6","left lever","no reaction",105,"C","left paw",4.65396035015752,0,"ipsi",0
"squirrel_6","left lever","no reaction",106,"C","both paws",4.66343909411207,0,"both",0
"squirrel_6","left lever","no reaction",107,"C","left paw",4.67282883446191,0,"ipsi",0
"squirrel_6","left lever","no reaction",108,"C","right paw",4.68213122712422,0,"contra",0
"squirrel_6","left lever","no reaction",109,"C","right paw",4.69134788222914,0,"contra",0
"squirrel_6","left lever","no reaction",110,"C","left paw",4.70048036579242,0,"ipsi",0
"squirrel_6","left lever","no reaction",111,"C","right paw",4.70953020131233,0,"contra",0
"squirrel_6","left lever","no reaction",112,"C","left paw",4.71849887129509,0,"ipsi",0
"squirrel_6","left lever","no reaction",113,"C","left paw",4.72738781871234,0,"ipsi",0
"squirrel_6","left lever","no reaction",114,"C","both paws",4.7361984483945,0,"both",0
"squirrel_6","left lever","no reaction",115,"C","left paw",4.74493212836325,0,"ipsi",0
"squirrel_6","left lever","no reaction",116,"C","right paw",4.75359019110636,0,"contra",0
"squirrel_6","left lever","no reaction",117,"C","both paws",4.76217393479776,1,"both",0
"squirrel_6","left lever","no reaction",118,"C","both paws",4.77068462446567,0,"both",0
"squirrel_6","left lever","no reaction",119,"C","left paw",4.77912349311153,0,"ipsi",0
"squirrel_6","left lever","no reaction",120,"C","both paws",4.78749174278205,0,"both",0
"squirrel_6","left lever","no reaction",121,"C","both paws",4.79579054559674,0,"both",0
"squirrel_6","left lever","no reaction",122,"C","right paw",4.80402104473326,0,"contra",0
"squirrel_6","left lever","no reaction",123,"C","both paws",4.81218435537242,0,"both",0
"squirrel_6","left lever","no reaction",124,"C","both paws",4.82028156560504,0,"both",0
"squirrel_6","left lever","no reaction",125,"C","both paws",4.8283137373023,0,"both",0
"squirrel_6","left lever","no reaction",126,"C","left paw",4.83628190695148,0,"ipsi",0
"squirrel_6","left lever","no reaction",127,"C","left paw",4.84418708645859,0,"ipsi",0
"squirrel_6","left lever","no reaction",128,"C","left paw",4.85203026391962,0,"ipsi",0
"squirrel_6","left lever","no reaction",129,"C","both paws",4.85981240436167,0,"both",0
"squirrel_6","left lever","no reaction",130,"C","left paw",4.86753445045558,0,"ipsi",0
"squirrel_6","left lever","no reaction",131,"C","right paw",4.87519732320115,0,"contra",0
"squirrel_6","left lever","no reaction",132,"C","left paw",4.88280192258637,0,"ipsi",0
"squirrel_6","left lever","no reaction",133,"C","both paws",4.89034912822175,0,"both",0
"squirrel_6","left lever","no reaction",134,"C","left paw",4.89783979995091,0,"ipsi",0
"squirrel_6","left lever","no reaction",135,"C","left paw",4.90527477843843,0,"ipsi",0
"squirrel_6","left lever","no reaction",136,"C","both paws",4.91265488573605,0,"both",0
"squirrel_6","left lever","no reaction",137,"C","left paw",4.91998092582813,0,"ipsi",0
"squirrel_6","left lever","no reaction",138,"C","left paw",4.92725368515721,1,"ipsi",0
"squirrel_6","left lever","no reaction",139,"C","right paw",4.93447393313069,0,"contra",0
"squirrel_6","left lever","no reaction",140,"C","right paw",4.9416424226093,0,"contra",0
"squirrel_6","left lever","no reaction",141,"C","both paws",4.94875989037817,0,"both",0
"squirrel_6","left lever","no reaction",142,"C","left paw",4.95582705760126,1,"ipsi",0
"squirrel_6","left lever","no reaction",143,"C","left paw",4.96284463025991,0,"ipsi",0
"squirrel_6","left lever","no reaction",144,"C","left paw",4.969813299576,0,"ipsi",0
"squirrel_6","left lever","no reaction",145,"C","left paw",4.97673374242057,1,"ipsi",0
"squirrel_5","left lever","exit",15,"C","left paw",2.70805020110221,0,"ipsi",0
"squirrel_5","right lever","no reaction",16,"C","right paw",2.77258872223978,10,"ipsi",1
"squirrel_5","right lever","exit",17,"C","both paws",2.83321334405622,1,"both",1
"squirrel_1","right lever","exit",26,"C","both paws",3.25809653802148,5,"both",1
"squirrel_5","right lever","exit",18,"C","right paw",2.89037175789616,2,"ipsi",0
"squirrel_5","right lever","exit",19,"C","left paw",2.94443897916644,0,"contra",1
"squirrel_1","left lever","exit",27,"C","both paws",3.29583686600433,2,"both",1
"squirrel_1","right lever","exit",28,"C","both paws",3.3322045101752,2,"both",1
"squirrel_1","right lever","exit",29,"C","both paws",3.36729582998647,0,"both",0
"squirrel_5","right lever","exit",20,"C","left paw",2.99573227355399,0,"contra",0
"squirrel_5","right lever","exit",21,"C","left paw",3.04452243772342,0,"contra",0
"squirrel_5","right lever","flinch",22,"C","left paw",3.09104245335832,0,"contra",0
"squirrel_5","right lever","exit",23,"C","right paw",3.13549421592915,1,"ipsi",0
"squirrel_5","left lever","exit",24,"C","both paws",3.17805383034795,0,"both",1
"squirrel_1","right lever","exit",30,"C","both paws",3.40119738166216,0,"both",1
"squirrel_5","right lever","exit",25,"C","left paw",3.2188758248682,0,"contra",1
"squirrel_1","right lever","exit",31,"C","right paw",3.43398720448515,1,"ipsi",1
"squirrel_1","right lever","exit",32,"C","left paw",3.46573590279973,1,"contra",0
"squirrel_1","right lever","exit",33,"C","right paw",3.49650756146648,0,"ipsi",0
"squirrel_5","right lever","exit",26,"C","right paw",3.25809653802148,1,"ipsi",0
"squirrel_5","right lever","exit",27,"C","right paw",3.29583686600433,0,"ipsi",1
"squirrel_5","right lever","exit",28,"C","right paw",3.3322045101752,1,"ipsi",0
"squirrel_5","right lever","exit",29,"C","left paw",3.36729582998647,0,"contra",0
"squirrel_5","right lever","exit",30,"C","right paw",3.40119738166216,1,"ipsi",0
"squirrel_10","right lever","exit",3,"C","right paw",1.09861228866811,24,"ipsi",0
"squirrel_1","right lever","exit",34,"C","left paw",3.52636052461616,2,"contra",0
"squirrel_5","right lever","exit",31,"C","right paw",3.43398720448515,4,"ipsi",0
"squirrel_1","right lever","flinch",35,"C","left paw",3.55534806148941,0,"contra",0
"squirrel_1","right lever","flinch",36,"C","right paw",3.58351893845611,0,"ipsi",0
"squirrel_5","right lever","exit",32,"C","left paw",3.46573590279973,0,"contra",0
"squirrel_5","right lever","exit",33,"C","right paw",3.49650756146648,1,"ipsi",0
"squirrel_5","right lever","exit",34,"C","right paw",3.52636052461616,0,"ipsi",1
"squirrel_1","right lever","flinch",37,"C","right paw",3.61091791264422,1,"ipsi",1
"squirrel_5","right lever","no reaction",35,"C","right paw",3.55534806148941,0,"ipsi",1
"squirrel_1","right lever","no reaction",38,"C","right paw",3.63758615972639,0,"ipsi",1
"squirrel_1","right lever","no reaction",39,"C","right paw",3.66356164612965,0,"ipsi",1
"squirrel_1","right lever","flinch",40,"C","right paw",3.68887945411394,0,"ipsi",1
"squirrel_5","right lever","exit",36,"C","right paw",3.58351893845611,0,"ipsi",1
"squirrel_5","right lever","exit",37,"C","right paw",3.61091791264422,0,"ipsi",1
"squirrel_1","right lever","no reaction",41,"C","right paw",3.71357206670431,0,"ipsi",1
"squirrel_1","right lever","flinch",42,"C","right paw",3.73766961828337,1,"ipsi",1
"squirrel_1","right lever","exit",43,"C","left paw",3.76120011569356,1,"contra",1
"squirrel_1","right lever","flinch",44,"C","right paw",3.78418963391826,1,"ipsi",1
"squirrel_5","right lever","exit",38,"C","left paw",3.63758615972639,2,"contra",1
"squirrel_10","right lever","exit",4,"C","both paws",1.38629436111989,2,"both",0
"squirrel_5","right lever","no reaction",39,"C","right paw",3.66356164612965,10,"ipsi",0
"squirrel_5","right lever","flinch",40,"C","right paw",3.68887945411394,0,"ipsi",0
"squirrel_23","right lever","exit",21,"P","left paw",3.04452243772342,5,"contra",0
"squirrel_23","right lever","exit",22,"P","right paw",3.09104245335832,0,"ipsi",0
"squirrel_23","right lever","exit",23,"P","left paw",3.13549421592915,2,"contra",0
"squirrel_23","right lever","exit",24,"P","right paw",3.17805383034795,1,"ipsi",0
"squirrel_16","right lever","exit",45,"P","left paw",3.80666248977032,2,"contra",0
"squirrel_16","right lever","exit",46,"P","left paw",3.8286413964891,0,"contra",0
"squirrel_16","right lever","exit",47,"P","left paw",3.85014760171006,1,"contra",0
"squirrel_16","left lever","exit",48,"P","left paw",3.87120101090789,6,"ipsi",0
"squirrel_23","left lever","exit",25,"P","left paw",3.2188758248682,5,"ipsi",0
"squirrel_18","right lever","no reaction",225,"P","both paws",5.41610040220442,2,"both",0
"squirrel_18","right lever","no reaction",226,"P","both paws",5.42053499927229,1,"both",0
"squirrel_18","right lever","no reaction",227,"P","both paws",5.4249500174814,0,"both",0
"squirrel_18","right lever","no reaction",228,"P","both paws",5.42934562895444,0,"both",0
"squirrel_18","right lever","no reaction",229,"P","both paws",5.43372200355424,1,"both",0
"squirrel_18","right lever","no reaction",230,"P","both paws",5.4380793089232,1,"both",0
"squirrel_18","right lever","no reaction",231,"P","right paw",5.44241771052179,4,"ipsi",0
"squirrel_18","right lever","no reaction",232,"P","both paws",5.44673737166631,0,"both",0
"squirrel_18","right lever","no reaction",233,"P","left paw",5.4510384535657,1,"contra",0
"squirrel_18","right lever","no reaction",234,"P","both paws",5.4553211153577,1,"both",1
"squirrel_23","right lever","exit",26,"P","left paw",3.25809653802148,0,"contra",1
"squirrel_18","right lever","no reaction",235,"P","both paws",5.45958551414416,2,"both",0
"squirrel_18","right lever","no reaction",236,"P","both paws",5.46383180502561,1,"both",0
"squirrel_23","right lever","exit",27,"P","left paw",3.29583686600433,2,"contra",0
"squirrel_18","right lever","no reaction",237,"P","both paws",5.46806014113513,2,"both",0
"squirrel_23","right lever","exit",28,"P","right paw",3.3322045101752,3,"ipsi",0
"squirrel_23","right lever","exit",29,"P","right paw",3.36729582998647,1,"ipsi",0
"squirrel_18","left lever","no reaction",238,"P","both paws",5.47227067367148,1,"both",0
"squirrel_18","left lever","no reaction",239,"P","both paws",5.47646355193151,0,"both",1
"squirrel_23","right lever","exit",30,"P","right paw",3.40119738166216,0,"ipsi",0
"squirrel_18","left lever","no reaction",240,"P","both paws",5.48063892334199,0,"both",1
"squirrel_18","left lever","no reaction",241,"P","both paws",5.48479693349065,0,"both",1
"squirrel_18","left lever","no reaction",242,"P","both paws",5.48893772615669,0,"both",1
"squirrel_18","left lever","no reaction",243,"P","both paws",5.49306144334055,0,"both",1
"squirrel_18","left lever","no reaction",244,"P","both paws",5.4971682252932,0,"both",1
"squirrel_18","left lever","no reaction",245,"P","both paws",5.50125821054473,0,"both",1
"squirrel_23","right lever","exit",31,"P","right paw",3.43398720448515,2,"ipsi",0
"squirrel_18","left lever","no reaction",246,"P","both paws",5.50533153593236,4,"both",0
"squirrel_23","right lever","exit",32,"P","right paw",3.46573590279973,1,"ipsi",0
"squirrel_18","left lever","no reaction",247,"P","both paws",5.50938833662798,1,"both",0
"squirrel_18","left lever","no reaction",248,"P","both paws",5.51342874616498,0,"both",0
"squirrel_23","right lever","exit",33,"P","right paw",3.49650756146648,3,"ipsi",0
"squirrel_18","left lever","no reaction",249,"P","left paw",5.51745289646471,0,"ipsi",1
"squirrel_23","right lever","exit",34,"P","right paw",3.52636052461616,2,"ipsi",0
"squirrel_23","right lever","exit",35,"P","right paw",3.55534806148941,0,"ipsi",0
"squirrel_18","left lever","exit",250,"P","both paws",5.52146091786225,1,"both",0
"squirrel_18","right lever","no reaction",251,"P","both paws",5.52545293913178,0,"both",1
"squirrel_18","left lever","no reaction",252,"P","left paw",5.52942908751142,2,"ipsi",0
"squirrel_16","right lever","exit",49,"P","right paw",3.89182029811063,21,"ipsi",0
"squirrel_23","right lever","exit",36,"P","right paw",3.58351893845611,3,"ipsi",0
"squirrel_23","right lever","exit",37,"P","left paw",3.61091791264422,0,"contra",0
"squirrel_23","right lever","exit",38,"P","right paw",3.63758615972639,0,"ipsi",0
"squirrel_23","left lever","exit",39,"P","left paw",3.66356164612965,1,"ipsi",0
"squirrel_23","right lever","exit",40,"P","right paw",3.68887945411394,0,"ipsi",0
"squirrel_16","right lever","exit",50,"P","right paw",3.91202300542815,0,"ipsi",0
"squirrel_16","right lever","exit",51,"P","right paw",3.93182563272433,0,"ipsi",0
"squirrel_23","right lever","exit",41,"P","left paw",3.71357206670431,0,"contra",0
"squirrel_23","right lever","exit",42,"P","right paw",3.73766961828337,7,"ipsi",0
"squirrel_18","right lever","no reaction",253,"P","right paw",5.53338948872752,1,"ipsi",0
"squirrel_22","right lever","exit",41,"P","right paw",3.71357206670431,10,"ipsi",0
"squirrel_18","right lever","no reaction",254,"P","both paws",5.53733426701854,4,"both",0
"squirrel_18","right lever","flinch",255,"P","right paw",5.54126354515843,2,"ipsi",0
"squirrel_18","right lever","no reaction",256,"P","right paw",5.54517744447956,0,"ipsi",0
"squirrel_18","right lever","no reaction",257,"P","both paws",5.54907608489522,2,"both",0
"squirrel_18","right lever","no reaction",258,"P","both paws",5.55295958492162,1,"both",0
"squirrel_18","left lever","no reaction",259,"P","both paws",5.55682806169954,3,"both",0
"squirrel_13","right lever","exit",4,"P","right paw",1.38629436111989,5,"ipsi",0
"squirrel_18","left lever","no reaction",260,"P","both paws",5.56068163101553,3,"both",0
"squirrel_18","left lever","no reaction",261,"P","both paws",5.56452040732269,1,"both",0
"squirrel_18","left lever","no reaction",262,"P","both paws",5.5683445037611,1,"both",0
"squirrel_18","left lever","no reaction",263,"P","both paws",5.57215403217776,1,"both",0
"squirrel_18","left lever","no reaction",264,"P","both paws",5.57594910314632,1,"both",0
"squirrel_18","left lever","no reaction",265,"P","both paws",5.57972982598622,1,"both",0
"squirrel_18","right lever","no reaction",266,"P","both paws",5.5834963087817,1,"both",0
"squirrel_23","left lever","exit",43,"P","right paw",3.76120011569356,16,"contra",0
"squirrel_18","left lever","no reaction",267,"P","both paws",5.58724865840025,2,"both",0
"squirrel_18","left lever","no reaction",268,"P","both paws",5.59098698051086,1,"both",0
"squirrel_13","right lever","flinch",5,"P","both paws",1.6094379124341,7,"both",0
"squirrel_18","left lever","no reaction",269,"P","both paws",5.59471137960184,2,"both",0
"squirrel_18","left lever","no reaction",270,"P","left paw",5.59842195899838,0,"ipsi",0
"squirrel_22","left lever","no reaction",42,"P","right paw",3.73766961828337,12,"contra",0
"squirrel_18","right lever","flinch",271,"P","right paw",5.6021188208797,1,"ipsi",0
"squirrel_18","right lever","no reaction",272,"P","right paw",5.605802066296,1,"ipsi",0
"squirrel_18","right lever","no reaction",273,"P","right paw",5.60947179518496,1,"ipsi",0
"squirrel_18","right lever","no reaction",274,"P","right paw",5.61312810638807,1,"ipsi",0
"squirrel_18","right lever","no reaction",275,"P","right paw",5.61677109766657,1,"ipsi",0
"squirrel_18","right lever","no reaction",276,"P","right paw",5.62040086571715,0,"ipsi",0
"squirrel_18","right lever","no reaction",277,"P","right paw",5.62401750618734,0,"ipsi",0
"squirrel_18","right lever","no reaction",278,"P","right paw",5.62762111369064,0,"ipsi",0
"squirrel_16","left lever","exit",52,"P","left paw",3.95124371858143,4,"ipsi",0
"squirrel_18","right lever","no reaction",279,"P","both paws",5.63121178182137,4,"both",0
"squirrel_18","right lever","no reaction",280,"P","both paws",5.63478960316925,1,"both",1
"squirrel_16","right lever","exit",53,"P","right paw",3.97029191355212,1,"ipsi",0
"squirrel_18","left lever","no reaction",281,"P","both paws",5.63835466933375,1,"both",1
"squirrel_23","left lever","exit",44,"P","left paw",3.78418963391826,6,"ipsi",0
"squirrel_23","left lever","exit",45,"P","left paw",3.80666248977032,1,"ipsi",0
"squirrel_23","left lever","exit",46,"P","left paw",3.8286413964891,1,"ipsi",0
"squirrel_23","left lever","exit",47,"P","left paw",3.85014760171006,1,"ipsi",0
"squirrel_23","left lever","exit",48,"P","left paw",3.87120101090789,5,"ipsi",0
"squirrel_16","left lever","exit",54,"P","left paw",3.98898404656427,1,"ipsi",0
"squirrel_18","right lever","no reaction",282,"P","right paw",5.64190707093811,2,"ipsi",0
"squirrel_18","left lever","no reaction",283,"P","both paws",5.64544689764324,3,"both",1
"squirrel_18","left lever","no reaction",284,"P","both paws",5.64897423816121,1,"both",0
"squirrel_18","left lever","no reaction",285,"P","both paws",5.65248918026865,1,"both",1
"squirrel_23","left lever","exit",49,"P","left paw",3.89182029811063,5,"ipsi",0
"squirrel_18","left lever","no reaction",286,"P","left paw",5.65599181081985,2,"ipsi",0
"squirrel_18","left lever","no reaction",287,"P","both paws",5.65948221575962,1,"both",0
"squirrel_18","left lever","no reaction",288,"P","both paws",5.66296048013595,1,"both",0
"squirrel_18","left lever","no reaction",289,"P","both paws",5.66642668811243,2,"both",0
"squirrel_18","left lever","no reaction",290,"P","both paws",5.66988092298052,1,"both",0
"squirrel_18","left lever","no reaction",291,"P","both paws",5.67332326717149,1,"both",0
"squirrel_23","left lever","exit",50,"P","left paw",3.91202300542815,7,"ipsi",0
"squirrel_23","left lever","exit",51,"P","left paw",3.93182563272433,2,"ipsi",0
"squirrel_13","left lever","exit",6,"P","left paw",1.79175946922805,1,"ipsi",0
"squirrel_13","right lever","exit",7,"P","right paw",1.94591014905531,1,"ipsi",0
"squirrel_16","left lever","exit",55,"P","right paw",4.00733318523247,0,"contra",0
"squirrel_13","left lever","exit",8,"P","right paw",2.07944154167984,1,"contra",0
"squirrel_13","right lever","exit",9,"P","right paw",2.19722457733622,1,"ipsi",0
"squirrel_13","right lever","exit",10,"P","right paw",2.30258509299405,0,"ipsi",0
"squirrel_13","right lever","exit",11,"P","right paw",2.39789527279837,1,"ipsi",0
"squirrel_18","left lever","flinch",292,"P","both paws",5.67675380226828,1,"both",0
"squirrel_18","left lever","no reaction",293,"P","both paws",5.68017260901707,0,"both",0
"squirrel_13","right lever","exit",12,"P","right paw",2.484906649788,1,"ipsi",0
"squirrel_18","left lever","no reaction",294,"P","right paw",5.68357976733868,2,"contra",0
"squirrel_13","left lever","exit",13,"P","left paw",2.56494935746154,2,"ipsi",0
"squirrel_18","left lever","no reaction",295,"P","both paws",5.68697535633982,0,"both",0
"squirrel_18","left lever","no reaction",296,"P","both paws",5.69035945432406,0,"both",0
"squirrel_18","left lever","no reaction",297,"P","both paws",5.6937321388027,0,"both",0
"squirrel_18","left lever","no reaction",298,"P","right paw",5.6970934865054,0,"contra",0
"squirrel_18","left lever","no reaction",299,"P","right paw",5.70044357339069,0,"contra",0
"squirrel_13","left lever","flinch",14,"P","right paw",2.63905732961526,4,"contra",0
"squirrel_13","right lever","exit",15,"P","right paw",2.70805020110221,1,"ipsi",0
"squirrel_6","right lever","exit",146,"C","right paw",4.98360662170834,4,"ipsi",0
"squirrel_6","left lever","exit",147,"C","right paw",4.99043258677874,3,"contra",0
"squirrel_6","left lever","alert",148,"C","right paw",4.99721227376411,3,"contra",0
"squirrel_6","left lever","no reaction",149,"C","right paw",5.00394630594546,1,"contra",0
"squirrel_6","left lever","no reaction",150,"C","both paws",5.01063529409626,1,"both",0
"squirrel_6","left lever","no reaction",151,"C","right paw",5.01727983681492,1,"contra",0
"squirrel_6","left lever","no reaction",152,"C","both paws",5.02388052084628,1,"both",0
"squirrel_6","left lever","no reaction",153,"C","left paw",5.03043792139244,1,"ipsi",0
"squirrel_6","left lever","no reaction",154,"C","both paws",5.03695260241363,1,"both",0
"squirrel_6","left lever","no reaction",155,"C","right paw",5.04342511691925,1,"contra",0
"squirrel_6","left lever","no reaction",156,"C","both paws",5.04985600724954,2,"both",0
"squirrel_6","left lever","no reaction",157,"C","left paw",5.05624580534831,2,"ipsi",0
"squirrel_6","left lever","no reaction",158,"C","left paw",5.06259503302697,1,"ipsi",1
"squirrel_6","left lever","exit",159,"C","both paws",5.06890420222023,1,"both",1
"squirrel_6","left lever","exit",160,"C","both paws",5.07517381523383,1,"both",0
"squirrel_6","left lever","no reaction",161,"C","left paw",5.08140436498446,1,"ipsi",0
"squirrel_6","left lever","no reaction",162,"C","left paw",5.08759633523238,1,"ipsi",0
"squirrel_6","left lever","no reaction",163,"C","left paw",5.09375020080676,1,"ipsi",0
"squirrel_6","left lever","no reaction",164,"C","left paw",5.0998664278242,1,"ipsi",1
"squirrel_6","left lever","no reaction",165,"C","left paw",5.10594547390058,1,"ipsi",1
"squirrel_19","left lever","no reaction",93,"C","both paws",4.53259949315326,1,"both",1
"squirrel_19","left lever","no reaction",94,"C","both paws",4.54329478227,2,"both",1
"squirrel_19","left lever","no reaction",95,"C","both paws",4.55387689160054,1,"both",1
"squirrel_19","left lever","no reaction",96,"C","both paws",4.56434819146784,1,"both",1
"squirrel_19","left lever","no reaction",97,"C","both paws",4.57471097850338,1,"both",1
"squirrel_19","left lever","no reaction",98,"C","both paws",4.58496747867057,1,"both",1
"squirrel_19","left lever","no reaction",99,"C","both paws",4.59511985013459,1,"both",1
"squirrel_19","left lever","no reaction",100,"C","left paw",4.60517018598809,1,"ipsi",1
"squirrel_6","left lever","no reaction",166,"C","both paws",5.11198778835654,4,"both",0
"squirrel_19","right lever","no reaction",101,"C","both paws",4.61512051684126,3,"both",0
"squirrel_19","left lever","no reaction",102,"C","both paws",4.62497281328427,1,"both",1
"squirrel_19","left lever","no reaction",103,"C","both paws",4.63472898822964,0,"both",1
"squirrel_19","left lever","no reaction",104,"C","both paws",4.64439089914137,0,"both",0
"squirrel_6","left lever","no reaction",167,"C","left paw",5.11799381241676,1,"ipsi",0
"squirrel_19","left lever","no reaction",105,"C","both paws",4.65396035015752,2,"both",0
"squirrel_6","left lever","no reaction",168,"C","left paw",5.12396397940326,2,"ipsi",0
"squirrel_6","left lever","no reaction",169,"C","left paw",5.12989871492307,1,"ipsi",0
"squirrel_19","right lever","no reaction",106,"C","right paw",4.66343909411207,2,"ipsi",0
"squirrel_6","left lever","no reaction",170,"C","both paws",5.13579843705026,2,"both",0
"squirrel_6","left lever","no reaction",171,"C","left paw",5.14166355650266,1,"ipsi",0
"squirrel_6","left lever","no reaction",172,"C","both paws",5.14749447681345,1,"both",0
"squirrel_8","left lever","exit",26,"C","right paw",3.25809653802148,1,"contra",0
"squirrel_8","right lever","exit",27,"C","right paw",3.29583686600433,6,"ipsi",0
"squirrel_6","left lever","no reaction",173,"C","both paws",5.15329159449778,3,"both",0
"squirrel_6","left lever","no reaction",174,"C","both paws",5.15905529921453,1,"both",0
"squirrel_6","left lever","no reaction",175,"C","both paws",5.16478597392351,1,"both",0
"squirrel_6","left lever","no reaction",176,"C","both paws",5.17048399503815,2,"both",0
"squirrel_6","left lever","no reaction",177,"C","left paw",5.17614973257383,1,"ipsi",0
"squirrel_6","left lever","no reaction",178,"C","both paws",5.18178355029209,1,"both",0
"squirrel_6","left lever","no reaction",179,"C","both paws",5.18738580584075,1,"both",0
"squirrel_6","left lever","no reaction",180,"C","both paws",5.19295685089021,1,"both",0
"squirrel_6","left lever","no reaction",181,"C","left paw",5.19849703126583,1,"ipsi",0
"squirrel_6","left lever","no reaction",182,"C","left paw",5.2040066870768,1,"ipsi",0
"squirrel_6","left lever","no reaction",183,"C","left paw",5.20948615284142,1,"ipsi",0
"squirrel_6","left lever","no reaction",184,"C","left paw",5.21493575760899,1,"ipsi",0
"squirrel_6","left lever","no reaction",185,"C","left paw",5.22035582507832,1,"ipsi",0
"squirrel_6","left lever","no reaction",186,"C","left paw",5.2257466737132,1,"ipsi",0
"squirrel_6","left lever","no reaction",187,"C","left paw",5.23110861685459,1,"ipsi",1
"squirrel_6","left lever","no reaction",188,"C","left paw",5.23644196282995,1,"ipsi",0
"squirrel_6","left lever","no reaction",189,"C","left paw",5.24174701505964,1,"ipsi",0
"squirrel_6","left lever","no reaction",190,"C","both paws",5.24702407216049,1,"both",0
"squirrel_6","left lever","no reaction",191,"C","left paw",5.25227342804663,1,"ipsi",0
"squirrel_6","left lever","no reaction",192,"C","left paw",5.25749537202778,1,"ipsi",0
"squirrel_6","left lever","no reaction",193,"C","both paws",5.26269018890489,1,"both",1
"squirrel_6","left lever","no reaction",194,"C","both paws",5.26785815906333,1,"both",1
"squirrel_6","left lever","no reaction",195,"C","left paw",5.27299955856375,1,"ipsi",1
"squirrel_6","left lever","no reaction",196,"C","left paw",5.27811465923052,1,"ipsi",1
"squirrel_19","right lever","no reaction",107,"C","both paws",4.67282883446191,1,"both",0
"squirrel_19","left lever","flinch",108,"C","both paws",4.68213122712422,1,"both",1
"squirrel_6","left lever","no reaction",197,"C","left paw",5.28320372873799,1,"ipsi",0
"squirrel_6","left lever","no reaction",198,"C","left paw",5.28826703069454,1,"ipsi",0
"squirrel_6","left lever","no reaction",199,"C","both paws",5.29330482472449,1,"both",0
"squirrel_6","left lever","no reaction",200,"C","both paws",5.29831736654804,1,"both",0
"squirrel_6","left lever","no reaction",201,"C","both paws",5.30330490805908,1,"both",1
"squirrel_6","left lever","no reaction",202,"C","right paw",5.30826769740121,2,"contra",0
"squirrel_6","left lever","no reaction",203,"C","both paws",5.31320597904179,1,"both",0
"squirrel_6","left lever","no reaction",204,"C","left paw",5.31811999384422,1,"ipsi",0
"squirrel_6","left lever","no reaction",205,"C","left paw",5.32300997913841,1,"ipsi",0
"squirrel_6","left lever","no reaction",206,"C","right paw",5.32787616878958,1,"contra",1
"squirrel_6","left lever","no reaction",207,"C","left paw",5.33271879326537,0,"ipsi",0
"squirrel_6","left lever","no reaction",208,"C","left paw",5.33753807970132,2,"ipsi",0
"squirrel_6","left lever","no reaction",209,"C","both paws",5.34233425196481,2,"both",0
"squirrel_6","left lever","no reaction",210,"C","left paw",5.34710753071747,1,"ipsi",0
"squirrel_6","left lever","no reaction",211,"C","right paw",5.35185813347607,1,"contra",0
"squirrel_6","left lever","no reaction",212,"C","right paw",5.35658627467201,2,"contra",0
"squirrel_19","right lever","exit",109,"C","both paws",4.69134788222914,3,"both",0
"squirrel_19","right lever","alert",110,"C","both paws",4.70048036579242,2,"both",0
"squirrel_6","right lever","no reaction",213,"C","both paws",5.36129216570943,2,"both",1
"squirrel_6","left lever","no reaction",214,"C","both paws",5.36597601502185,1,"both",1
"squirrel_6","left lever","no reaction",215,"C","right paw",5.37063802812766,1,"contra",0
"squirrel_6","left lever","no reaction",216,"C","right paw",5.37527840768417,1,"contra",0
"squirrel_19","right lever","alert",111,"C","both paws",4.70953020131233,3,"both",1
"squirrel_19","right lever","alert",112,"C","both paws",4.71849887129509,1,"both",1
"squirrel_19","right lever","no reaction",113,"C","both paws",4.72738781871234,1,"both",1
"squirrel_19","right lever","no reaction",114,"C","both paws",4.7361984483945,1,"both",1
"squirrel_19","right lever","no reaction",115,"C","both paws",4.74493212836325,1,"both",1
"squirrel_19","right lever","no reaction",116,"C","both paws",4.75359019110636,1,"both",1
"squirrel_6","left lever","no reaction",217,"C","both paws",5.37989735354046,3,"both",1
"squirrel_6","right lever","no reaction",218,"C","both paws",5.38449506278909,1,"both",1
"squirrel_6","right lever","no reaction",219,"C","both paws",5.3890717298165,1,"both",1
"squirrel_6","left lever","no reaction",220,"C","left paw",5.39362754635236,2,"ipsi",0
"squirrel_6","right lever","no reaction",221,"C","both paws",5.39816270151775,2,"both",0
"squirrel_6","left lever","no reaction",222,"C","both paws",5.40267738187228,1,"both",0
"squirrel_6","left lever","no reaction",223,"C","both paws",5.40717177146012,1,"both",0
"squirrel_6","left lever","no reaction",224,"C","both paws",5.41164605185504,1,"both",0
"squirrel_8","right lever","no reaction",28,"C","right paw",3.3322045101752,4,"ipsi",0
"squirrel_8","right lever","exit",29,"C","right paw",3.36729582998647,0,"ipsi",0
"squirrel_8","right lever","flinch",30,"C","left paw",3.40119738166216,0,"contra",0
"squirrel_8","right lever","exit",31,"C","left paw",3.43398720448515,1,"contra",0
"squirrel_17","left lever","exit",5,"C","both paws",1.6094379124341,2,"both",0
"squirrel_8","left lever","no reaction",32,"C","left paw",3.46573590279973,0,"ipsi",0
"squirrel_8","right lever","exit",33,"C","both paws",3.49650756146648,1,"both",0
"squirrel_17","right lever","exit",6,"C","right paw",1.79175946922805,1,"ipsi",0
"squirrel_8","right lever","flinch",34,"C","both paws",3.52636052461616,1,"both",0
"squirrel_8","left lever","flinch",35,"C","both paws",3.55534806148941,1,"both",0
"squirrel_8","left lever","no reaction",36,"C","both paws",3.58351893845611,0,"both",0
"squirrel_8","left lever","exit",37,"C","both paws",3.61091791264422,1,"both",0
"squirrel_8","left lever","flinch",38,"C","both paws",3.63758615972639,0,"both",0
"squirrel_17","right lever","exit",7,"C","right paw",1.94591014905531,1,"ipsi",0
"squirrel_8","right lever","no reaction",39,"C","right paw",3.66356164612965,2,"ipsi",0
"squirrel_8","right lever","exit",40,"C","left paw",3.68887945411394,0,"contra",0
"squirrel_17","right lever","exit",8,"C","both paws",2.07944154167984,2,"both",0
"squirrel_8","right lever","no reaction",41,"C","both paws",3.71357206670431,2,"both",0
"squirrel_17","right lever","exit",9,"C","left paw",2.19722457733622,0,"contra",0
"squirrel_8","right lever","exit",42,"C","right paw",3.73766961828337,0,"ipsi",0
"squirrel_8","left lever","no reaction",43,"C","both paws",3.76120011569356,0,"both",0
"squirrel_8","left lever","no reaction",44,"C","both paws",3.78418963391826,0,"both",0
"squirrel_8","right lever","no reaction",45,"C","right paw",3.80666248977032,0,"ipsi",0
"squirrel_8","left lever","no reaction",46,"C","both paws",3.8286413964891,1,"both",0
"squirrel_17","right lever","exit",10,"C","right paw",2.30258509299405,1,"ipsi",0
"squirrel_17","left lever","exit",11,"C","left paw",2.39789527279837,0,"ipsi",0
"squirrel_17","left lever","exit",12,"C","left paw",2.484906649788,0,"ipsi",0
"squirrel_8","right lever","no reaction",47,"C","left paw",3.85014760171006,1,"contra",0
"squirrel_8","left lever","no reaction",48,"C","left paw",3.87120101090789,0,"ipsi",0
"squirrel_8","right lever","flinch",49,"C","right paw",3.89182029811063,1,"ipsi",0
"squirrel_17","right lever","exit",13,"C","right paw",2.56494935746154,1,"ipsi",0
"squirrel_6","left lever","no reaction",225,"C","left paw",5.41610040220442,1,"ipsi",0
"squirrel_17","right lever","exit",14,"C","right paw",2.63905732961526,1,"ipsi",0
"squirrel_6","left lever","no reaction",226,"C","left paw",5.42053499927229,1,"ipsi",0
"squirrel_6","left lever","no reaction",227,"C","both paws",5.4249500174814,1,"both",0
"squirrel_6","left lever","no reaction",228,"C","both paws",5.42934562895444,0,"both",0
"squirrel_6","left lever","no reaction",229,"C","both paws",5.43372200355424,0,"both",0
"squirrel_6","left lever","no reaction",230,"C","both paws",5.4380793089232,2,"both",0
"squirrel_6","left lever","no reaction",231,"C","left paw",5.44241771052179,0,"ipsi",0
"squirrel_8","left lever","exit",50,"C","left paw",3.91202300542815,8,"ipsi",0
"squirrel_6","left lever","no reaction",232,"C","both paws",5.44673737166631,0,"both",0
"squirrel_6","left lever","no reaction",233,"C","both paws",5.4510384535657,0,"both",0
"squirrel_6","left lever","no reaction",234,"C","both paws",5.4553211153577,0,"both",0
"squirrel_8","right lever","flinch",51,"C","right paw",3.93182563272433,0,"ipsi",0
"squirrel_6","left lever","no reaction",235,"C","right paw",5.45958551414416,0,"contra",0
"squirrel_6","left lever","no reaction",236,"C","both paws",5.46383180502561,0,"both",0
"squirrel_8","right lever","no reaction",52,"C","right paw",3.95124371858143,1,"ipsi",0
"squirrel_6","left lever","no reaction",237,"C","left paw",5.46806014113513,0,"ipsi",1
"squirrel_8","right lever","flinch",53,"C","right paw",3.97029191355212,1,"ipsi",0
"squirrel_6","left lever","no reaction",238,"C","right paw",5.47227067367148,0,"contra",0
"squirrel_6","left lever","no reaction",239,"C","both paws",5.47646355193151,0,"both",0
"squirrel_6","left lever","no reaction",240,"C","right paw",5.48063892334199,0,"contra",0
"squirrel_6","left lever","no reaction",241,"C","both paws",5.48479693349065,0,"both",0
"squirrel_6","left lever","no reaction",242,"C","left paw",5.48893772615669,0,"ipsi",0
"squirrel_6","left lever","no reaction",243,"C","both paws",5.49306144334055,0,"both",0
"squirrel_8","left lever","no reaction",54,"C","both paws",3.98898404656427,1,"both",0
"squirrel_6","left lever","no reaction",244,"C","left paw",5.4971682252932,0,"ipsi",0
"squirrel_8","right lever","exit",55,"C","both paws",4.00733318523247,0,"both",0
"squirrel_6","left lever","no reaction",245,"C","both paws",5.50125821054473,0,"both",0
"squirrel_6","left lever","no reaction",246,"C","left paw",5.50533153593236,0,"ipsi",0
"squirrel_6","left lever","no reaction",247,"C","both paws",5.50938833662798,0,"both",0
"squirrel_6","left lever","no reaction",248,"C","left paw",5.51342874616498,0,"ipsi",0
"squirrel_6","left lever","no reaction",249,"C","both paws",5.51745289646471,0,"both",0
"squirrel_6","left lever","no reaction",250,"C","left paw",5.52146091786225,0,"ipsi",0
"squirrel_6","left lever","no reaction",251,"C","left paw",5.52545293913178,0,"ipsi",0
"squirrel_6","left lever","no reaction",252,"C","both paws",5.52942908751142,0,"both",0
"squirrel_6","left lever","no reaction",253,"C","both paws",5.53338948872752,0,"both",0
"squirrel_6","left lever","no reaction",254,"C","both paws",5.53733426701854,0,"both",0
"squirrel_6","left lever","no reaction",255,"C","left paw",5.54126354515843,0,"ipsi",0
"squirrel_6","left lever","no reaction",256,"C","both paws",5.54517744447956,0,"both",0
"squirrel_6","left lever","no reaction",257,"C","left paw",5.54907608489522,0,"ipsi",0
"squirrel_6","left lever","no reaction",258,"C","left paw",5.55295958492162,0,"ipsi",0
"squirrel_6","left lever","no reaction",259,"C","left paw",5.55682806169954,0,"ipsi",0
"squirrel_6","left lever","no reaction",260,"C","left paw",5.56068163101553,0,"ipsi",1
"squirrel_6","left lever","no reaction",261,"C","right paw",5.56452040732269,0,"contra",0
"squirrel_6","left lever","no reaction",262,"C","both paws",5.5683445037611,0,"both",0
"squirrel_6","left lever","no reaction",263,"C","left paw",5.57215403217776,0,"ipsi",0
"squirrel_8","left lever","flinch",56,"C","right paw",4.02535169073515,8,"contra",1
"squirrel_6","left lever","no reaction",264,"C","left paw",5.57594910314632,0,"ipsi",1
"squirrel_6","left lever","no reaction",265,"C","both paws",5.57972982598622,0,"both",1
"squirrel_6","left lever","no reaction",266,"C","both paws",5.5834963087817,0,"both",1
"squirrel_6","left lever","no reaction",267,"C","both paws",5.58724865840025,0,"both",1
"squirrel_6","left lever","no reaction",268,"C","both paws",5.59098698051086,0,"both",1
"squirrel_6","left lever","no reaction",269,"C","both paws",5.59471137960184,0,"both",1
"squirrel_6","left lever","no reaction",270,"C","both paws",5.59842195899838,0,"both",1
"squirrel_6","left lever","no reaction",271,"C","both paws",5.6021188208797,0,"both",1
"squirrel_6","left lever","no reaction",272,"C","both paws",5.605802066296,0,"both",1
"squirrel_6","left lever","no reaction",273,"C","both paws",5.60947179518496,0,"both",1
"squirrel_6","left lever","no reaction",274,"C","both paws",5.61312810638807,0,"both",1
"squirrel_6","left lever","no reaction",275,"C","both paws",5.61677109766657,0,"both",1
"squirrel_6","left lever","no reaction",276,"C","both paws",5.62040086571715,0,"both",1
"squirrel_6","left lever","no reaction",277,"C","both paws",5.62401750618734,0,"both",1
"squirrel_6","left lever","no reaction",278,"C","both paws",5.62762111369064,0,"both",1
"squirrel_6","left lever","no reaction",279,"C","both paws",5.63121178182137,0,"both",1
"squirrel_6","left lever","no reaction",280,"C","both paws",5.63478960316925,0,"both",1
"squirrel_6","left lever","no reaction",281,"C","both paws",5.63835466933375,0,"both",1
"squirrel_6","left lever","no reaction",282,"C","both paws",5.64190707093811,0,"both",1
"squirrel_6","left lever","no reaction",283,"C","left paw",5.64544689764324,0,"ipsi",1
"squirrel_6","left lever","no reaction",284,"C","left paw",5.64897423816121,0,"ipsi",1
"squirrel_6","left lever","no reaction",285,"C","both paws",5.65248918026865,0,"both",1
"squirrel_6","left lever","no reaction",286,"C","both paws",5.65599181081985,0,"both",1
"squirrel_6","left lever","no reaction",287,"C","both paws",5.65948221575962,1,"both",1
"squirrel_6","left lever","no reaction",288,"C","both paws",5.66296048013595,0,"both",1
"squirrel_6","left lever","no reaction",289,"C","both paws",5.66642668811243,0,"both",1
"squirrel_6","left lever","no reaction",290,"C","both paws",5.66988092298052,0,"both",1
"squirrel_6","left lever","no reaction",291,"C","both paws",5.67332326717149,0,"both",1
"squirrel_6","left lever","no reaction",292,"C","both paws",5.67675380226828,0,"both",1
"squirrel_6","left lever","no reaction",293,"C","both paws",5.68017260901707,0,"both",1
"squirrel_6","left lever","no reaction",294,"C","both paws",5.68357976733868,1,"both",1
"squirrel_6","left lever","no reaction",295,"C","both paws",5.68697535633982,0,"both",1
"squirrel_6","left lever","no reaction",296,"C","both paws",5.69035945432406,0,"both",1
"squirrel_6","left lever","no reaction",297,"C","both paws",5.6937321388027,0,"both",1
"squirrel_6","left lever","no reaction",298,"C","both paws",5.6970934865054,0,"both",1
"squirrel_6","left lever","no reaction",299,"C","both paws",5.70044357339069,0,"both",1
"squirrel_6","left lever","no reaction",300,"C","left paw",5.7037824746562,0,"ipsi",1
"squirrel_6","left lever","no reaction",301,"C","both paws",5.70711026474888,0,"both",1
"squirrel_6","left lever","no reaction",302,"C","both paws",5.71042701737487,0,"both",1
"squirrel_6","left lever","no reaction",303,"C","both paws",5.71373280550937,0,"both",1
"squirrel_6","left lever","no reaction",304,"C","left paw",5.71702770140622,0,"ipsi",1
"squirrel_9","right lever","exit",2,"C","both paws",0.693147180559945,2,"both",0
"squirrel_9","right lever","exit",3,"C","right paw",1.09861228866811,3,"ipsi",0
"squirrel_5","right lever","flinch",41,"C","right paw",3.71357206670431,3,"ipsi",0
"squirrel_9","right lever","exit",4,"C","right paw",1.38629436111989,2,"ipsi",0
"squirrel_9","right lever","exit",5,"C","right paw",1.6094379124341,0,"ipsi",0
"squirrel_9","right lever","exit",6,"C","right paw",1.79175946922805,0,"ipsi",0
"squirrel_9","right lever","exit",7,"C","left paw",1.94591014905531,1,"contra",0
"squirrel_5","right lever","exit",42,"C","left paw",3.73766961828337,1,"contra",0
"squirrel_5","left lever","exit",43,"C","left paw",3.76120011569356,0,"ipsi",0
"squirrel_5","left lever","no reaction",44,"C","left paw",3.78418963391826,0,"ipsi",1
"squirrel_9","left lever","exit",8,"C","both paws",2.07944154167984,2,"both",0
"squirrel_5","right lever","flinch",45,"C","right paw",3.80666248977032,1,"ipsi",1
"squirrel_9","left lever","exit",9,"C","left paw",2.19722457733622,1,"ipsi",0
"squirrel_5","right lever","exit",46,"C","right paw",3.8286413964891,0,"ipsi",1
"squirrel_9","left lever","exit",10,"C","left paw",2.30258509299405,2,"ipsi",0
"squirrel_5","left lever","no reaction",47,"C","left paw",3.85014760171006,4,"ipsi",0
"squirrel_5","right lever","exit",48,"C","left paw",3.87120101090789,2,"contra",0
"squirrel_5","right lever","no reaction",49,"C","right paw",3.89182029811063,0,"ipsi",0
"squirrel_5","right lever","exit",50,"C","right paw",3.91202300542815,0,"ipsi",0
"squirrel_8","left lever","exit",57,"C","right paw",4.04305126783455,3,"contra",0
"squirrel_1","right lever","exit",45,"C","right paw",3.80666248977032,3,"ipsi",0
"squirrel_14","right lever","alert",20,"C","both paws",2.99573227355399,7,"both",1
"squirrel_14","left lever","no reaction",21,"C","left paw",3.04452243772342,4,"ipsi",0
"squirrel_14","right lever","no reaction",22,"C","both paws",3.09104245335832,6,"both",0
"squirrel_14","right lever","no reaction",23,"C","both paws",3.13549421592915,2,"both",1
"squirrel_1","left lever","exit",46,"C","both paws",3.8286413964891,13,"both",0
"squirrel_14","left lever","no reaction",24,"C","left paw",3.17805383034795,1,"ipsi",1
"squirrel_14","left lever","no reaction",25,"C","both paws",3.2188758248682,1,"both",1
"squirrel_14","left lever","no reaction",26,"C","both paws",3.25809653802148,1,"both",0
"squirrel_14","right lever","no reaction",27,"C","both paws",3.29583686600433,4,"both",1
"squirrel_14","left lever","no reaction",28,"C","both paws",3.3322045101752,3,"both",0
"squirrel_14","right lever","no reaction",29,"C","right paw",3.36729582998647,2,"ipsi",0
"squirrel_14","right lever","no reaction",30,"C","both paws",3.40119738166216,2,"both",0
"squirrel_14","right lever","no reaction",31,"C","right paw",3.43398720448515,1,"ipsi",0
"squirrel_1","left lever","exit",47,"C","left paw",3.85014760171006,7,"ipsi",0
"squirrel_14","right lever","no reaction",32,"C","both paws",3.46573590279973,1,"both",1
"squirrel_14","right lever","no reaction",33,"C","both paws",3.49650756146648,1,"both",1
"squirrel_8","left lever","exit",58,"C","both paws",4.06044301054642,3,"both",0
"squirrel_14","left lever","no reaction",34,"C","both paws",3.52636052461616,4,"both",0
"squirrel_1","left lever","no reaction",48,"C","both paws",3.87120101090789,8,"both",0
"squirrel_14","right lever","no reaction",35,"C","right paw",3.55534806148941,4,"ipsi",0
"squirrel_14","right lever","no reaction",36,"C","both paws",3.58351893845611,1,"both",1
"squirrel_14","right lever","no reaction",37,"C","both paws",3.61091791264422,1,"both",0
"squirrel_14","right lever","no reaction",38,"C","both paws",3.63758615972639,1,"both",1
"squirrel_1","right lever","no reaction",49,"C","right paw",3.89182029811063,9,"ipsi",0
"squirrel_1","right lever","flinch",50,"C","right paw",3.91202300542815,1,"ipsi",0
"squirrel_1","right lever","flinch",51,"C","right paw",3.93182563272433,3,"ipsi",0
"squirrel_1","left lever","alert",52,"C","both paws",3.95124371858143,2,"both",0
"squirrel_1","left lever","flinch",53,"C","left paw",3.97029191355212,1,"ipsi",0
"squirrel_8","left lever","flinch",59,"C","both paws",4.07753744390572,5,"both",0
"squirrel_8","left lever","exit",60,"C","left paw",4.0943445622221,1,"ipsi",0
"squirrel_1","left lever","flinch",54,"C","left paw",3.98898404656427,2,"ipsi",0
"squirrel_8","left lever","flinch",61,"C","both paws",4.11087386417331,2,"both",0
"squirrel_1","left lever","flinch",55,"C","left paw",4.00733318523247,1,"ipsi",0
"squirrel_14","left lever","no reaction",39,"C","both paws",3.66356164612965,1,"both",0
"squirrel_8","left lever","exit",62,"C","both paws",4.12713438504509,1,"both",0
"squirrel_14","right lever","no reaction",40,"C","both paws",3.68887945411394,1,"both",0
"squirrel_14","right lever","no reaction",41,"C","both paws",3.71357206670431,2,"both",0
"squirrel_14","right lever","no reaction",42,"C","both paws",3.73766961828337,1,"both",0
"squirrel_14","right lever","no reaction",43,"C","both paws",3.76120011569356,1,"both",0
"squirrel_14","right lever","no reaction",44,"C","both paws",3.78418963391826,1,"both",0
"squirrel_14","right lever","no reaction",45,"C","both paws",3.80666248977032,1,"both",0
"squirrel_8","left lever","alert",63,"C","left paw",4.14313472639153,5,"ipsi",0
"squirrel_8","left lever","alert",64,"C","left paw",4.15888308335967,3,"ipsi",0
"squirrel_1","left lever","alert",56,"C","left paw",4.02535169073515,1,"ipsi",0
"squirrel_1","right lever","alert",57,"C","right paw",4.04305126783455,4,"ipsi",0
"squirrel_1","right lever","flinch",58,"C","right paw",4.06044301054642,2,"ipsi",0
"squirrel_14","left lever","no reaction",46,"C","both paws",3.8286413964891,1,"both",0
"squirrel_14","left lever","no reaction",47,"C","left paw",3.85014760171006,0,"ipsi",0
"squirrel_14","left lever","no reaction",48,"C","both paws",3.87120101090789,2,"both",0
"squirrel_17","left lever","exit",15,"C","left paw",2.70805020110221,8,"ipsi",0
"squirrel_14","right lever","no reaction",49,"C","both paws",3.89182029811063,2,"both",0
"squirrel_14","right lever","no reaction",50,"C","both paws",3.91202300542815,1,"both",0
"squirrel_14","right lever","no reaction",51,"C","both paws",3.93182563272433,1,"both",0
"squirrel_14","right lever","no reaction",52,"C","both paws",3.95124371858143,1,"both",0
"squirrel_14","right lever","no reaction",53,"C","both paws",3.97029191355212,2,"both",1
"squirrel_8","left lever","flinch",65,"C","left paw",4.17438726989564,12,"ipsi",0
"squirrel_1","left lever","no reaction",59,"C","left paw",4.07753744390572,5,"ipsi",0
"squirrel_1","left lever","no reaction",60,"C","left paw",4.0943445622221,2,"ipsi",0
"squirrel_1","left lever","no reaction",61,"C","both paws",4.11087386417331,1,"both",0
"squirrel_1","left lever","no reaction",62,"C","both paws",4.12713438504509,2,"both",0
"squirrel_1","left lever","no reaction",63,"C","left paw",4.14313472639153,2,"ipsi",0
"squirrel_8","left lever","no reaction",66,"C","left paw",4.18965474202643,17,"ipsi",0
"squirrel_5","left lever","no reaction",51,"C","left paw",3.93182563272433,6,"ipsi",0
"squirrel_5","left lever","no reaction",52,"C","both paws",3.95124371858143,2,"both",0
"squirrel_1","left lever","no reaction",64,"C","left paw",4.15888308335967,3,"ipsi",0
"squirrel_5","right lever","no reaction",53,"C","both paws",3.97029191355212,0,"both",0
"squirrel_1","left lever","no reaction",65,"C","left paw",4.17438726989564,2,"ipsi",0
"squirrel_5","left lever","no reaction",54,"C","both paws",3.98898404656427,1,"both",1
"squirrel_8","left lever","flinch",67,"C","right paw",4.20469261939097,1,"contra",0
"squirrel_5","left lever","no reaction",55,"C","right paw",4.00733318523247,1,"contra",0
"squirrel_5","left lever","no reaction",56,"C","left paw",4.02535169073515,4,"ipsi",0
"squirrel_5","left lever","no reaction",57,"C","left paw",4.04305126783455,2,"ipsi",1
"squirrel_5","left lever","no reaction",58,"C","both paws",4.06044301054642,1,"both",1
"squirrel_8","left lever","alert",68,"C","both paws",4.21950770517611,4,"both",0
"squirrel_1","left lever","no reaction",66,"C","left paw",4.18965474202643,2,"ipsi",0
"squirrel_5","left lever","no reaction",59,"C","left paw",4.07753744390572,2,"ipsi",1
"squirrel_1","left lever","no reaction",67,"C","left paw",4.20469261939097,1,"ipsi",0
"squirrel_5","left lever","flinch",60,"C","left paw",4.0943445622221,1,"ipsi",1
"squirrel_5","left lever","no reaction",61,"C","left paw",4.11087386417331,1,"ipsi",1
"squirrel_5","left lever","no reaction",62,"C","left paw",4.12713438504509,0,"ipsi",1
"squirrel_5","left lever","no reaction",63,"C","left paw",4.14313472639153,2,"ipsi",0
"squirrel_5","right lever","no reaction",64,"C","right paw",4.15888308335967,1,"ipsi",0
"squirrel_5","left lever","no reaction",65,"C","both paws",4.17438726989564,3,"both",0
"squirrel_1","left lever","no reaction",68,"C","left paw",4.21950770517611,1,"ipsi",0
"squirrel_1","left lever","no reaction",69,"C","left paw",4.23410650459726,1,"ipsi",0
"squirrel_5","left lever","no reaction",66,"C","left paw",4.18965474202643,2,"ipsi",0
"squirrel_1","left lever","no reaction",70,"C","left paw",4.24849524204936,1,"ipsi",0
"squirrel_14","right lever","no reaction",54,"C","both paws",3.98898404656427,1,"both",0
"squirrel_14","right lever","no reaction",55,"C","both paws",4.00733318523247,1,"both",0
"squirrel_14","right lever","no reaction",56,"C","both paws",4.02535169073515,1,"both",0
"squirrel_14","right lever","no reaction",57,"C","both paws",4.04305126783455,1,"both",0
"squirrel_14","left lever","no reaction",58,"C","both paws",4.06044301054642,4,"both",0
"squirrel_14","left lever","no reaction",59,"C","left paw",4.07753744390572,1,"ipsi",1
"squirrel_14","left lever","no reaction",60,"C","left paw",4.0943445622221,0,"ipsi",1
"squirrel_14","left lever","no reaction",61,"C","both paws",4.11087386417331,1,"both",0
"squirrel_1","right lever","alert",71,"C","left paw",4.26267987704132,6,"contra",0
"squirrel_1","left lever","no reaction",72,"C","left paw",4.27666611901606,1,"ipsi",1
"squirrel_1","left lever","no reaction",73,"C","left paw",4.29045944114839,0,"ipsi",0
"squirrel_14","left lever","no reaction",62,"C","both paws",4.12713438504509,1,"both",1
"squirrel_14","left lever","no reaction",63,"C","both paws",4.14313472639153,0,"both",1
"squirrel_14","left lever","no reaction",64,"C","both paws",4.15888308335967,0,"both",1
"squirrel_5","left lever","flinch",67,"C","both paws",4.20469261939097,15,"both",1
"squirrel_14","right lever","no reaction",65,"C","both paws",4.17438726989564,6,"both",1
"squirrel_14","right lever","no reaction",66,"C","both paws",4.18965474202643,1,"both",0
"squirrel_1","left lever","flinch",74,"C","left paw",4.30406509320417,10,"ipsi",0
"squirrel_1","left lever","flinch",75,"C","left paw",4.31748811353631,1,"ipsi",0
"squirrel_1","right lever","no reaction",76,"C","right paw",4.33073334028633,7,"ipsi",0
"squirrel_1","right lever","no reaction",77,"C","right paw",4.34380542185368,0,"ipsi",0
"squirrel_1","right lever","no reaction",78,"C","right paw",4.35670882668959,0,"ipsi",0
"squirrel_1","right lever","no reaction",79,"C","right paw",4.36944785246702,1,"ipsi",0
"squirrel_1","right lever","no reaction",80,"C","both paws",4.38202663467388,5,"both",0
"squirrel_5","right lever","no reaction",68,"C","both paws",4.21950770517611,5,"both",0
"squirrel_1","right lever","no reaction",81,"C","left paw",4.39444915467244,2,"contra",0
"squirrel_1","right lever","no reaction",82,"C","right paw",4.40671924726425,2,"ipsi",0
"squirrel_5","left lever","exit",69,"C","both paws",4.23410650459726,4,"both",0
"squirrel_5","left lever","no reaction",70,"C","left paw",4.24849524204936,1,"ipsi",0
"squirrel_1","left lever","no reaction",83,"C","left paw",4.4188406077966,3,"ipsi",1
"squirrel_1","right lever","no reaction",84,"C","right paw",4.43081679884331,3,"ipsi",1
"squirrel_5","right lever","no reaction",71,"C","both paws",4.26267987704132,3,"both",0
"squirrel_5","right lever","no reaction",72,"C","both paws",4.27666611901606,2,"both",0
"squirrel_1","left lever","no reaction",85,"C","left paw",4.44265125649032,1,"ipsi",1
"squirrel_5","right lever","no reaction",73,"C","left paw",4.29045944114839,1,"contra",0
"squirrel_1","right lever","no reaction",86,"C","right paw",4.45434729625351,2,"ipsi",1
"squirrel_13","left lever","exit",16,"P","left paw",2.77258872223978,2,"ipsi",0
"squirrel_18","left lever","no reaction",300,"P","left paw",5.7037824746562,1,"ipsi",0
"squirrel_18","right lever","no reaction",301,"P","right paw",5.70711026474888,1,"ipsi",0
"squirrel_18","right lever","no reaction",302,"P","right paw",5.71042701737487,0,"ipsi",0
"squirrel_18","right lever","no reaction",303,"P","left paw",5.71373280550937,0,"contra",0
"squirrel_18","left lever","no reaction",304,"P","right paw",5.71702770140622,0,"contra",0
"squirrel_18","left lever","no reaction",305,"P","right paw",5.72031177660741,0,"contra",0
"squirrel_18","left lever","no reaction",306,"P","both paws",5.72358510195238,0,"both",0
"squirrel_18","left lever","no reaction",307,"P","right paw",5.7268477475872,0,"contra",0
"squirrel_18","left lever","no reaction",308,"P","left paw",5.73009978297357,0,"ipsi",0
"squirrel_18","left lever","no reaction",309,"P","left paw",5.73334127689775,0,"ipsi",0
"squirrel_18","left lever","no reaction",310,"P","right paw",5.73657229747919,0,"contra",0
"squirrel_18","left lever","no reaction",311,"P","both paws",5.73979291217923,0,"both",0
"squirrel_18","left lever","no reaction",312,"P","both paws",5.74300318780948,0,"both",0
"squirrel_18","left lever","no reaction",313,"P","right paw",5.74620319054015,0,"contra",0
"squirrel_18","left lever","no reaction",314,"P","left paw",5.74939298590825,0,"ipsi",0
"squirrel_18","left lever","no reaction",315,"P","left paw",5.75257263882563,0,"ipsi",0
"squirrel_18","left lever","no reaction",316,"P","right paw",5.75574221358691,0,"contra",0
"squirrel_18","left lever","no reaction",317,"P","left paw",5.75890177387728,0,"ipsi",0
"squirrel_18","left lever","no reaction",318,"P","left paw",5.76205138278018,0,"ipsi",0
"squirrel_18","left lever","no reaction",319,"P","left paw",5.76519110278484,0,"ipsi",0
"squirrel_18","left lever","no reaction",320,"P","left paw",5.76832099579377,0,"ipsi",0
"squirrel_18","left lever","no reaction",321,"P","left paw",5.77144112313002,0,"ipsi",0
"squirrel_18","left lever","no reaction",322,"P","left paw",5.77455154554441,0,"ipsi",0
"squirrel_18","left lever","no reaction",323,"P","both paws",5.77765232322266,0,"both",0
"squirrel_18","left lever","no reaction",324,"P","right paw",5.78074351579233,0,"contra",0
"squirrel_18","left lever","no reaction",325,"P","left paw",5.78382518232974,0,"ipsi",0
"squirrel_18","left lever","no reaction",326,"P","right paw",5.78689738136671,0,"contra",0
"squirrel_18","left lever","no reaction",327,"P","both paws",5.78996017089725,0,"both",0
"squirrel_18","left lever","no reaction",328,"P","left paw",5.79301360838414,0,"ipsi",0
"squirrel_18","left lever","no reaction",329,"P","left paw",5.79605775076537,0,"ipsi",0
"squirrel_18","left lever","no reaction",330,"P","left paw",5.79909265446053,0,"ipsi",0
"squirrel_18","left lever","no reaction",331,"P","left paw",5.80211837537706,0,"ipsi",0
"squirrel_18","left lever","no reaction",332,"P","left paw",5.80513496891649,0,"ipsi",0
"squirrel_18","left lever","no reaction",333,"P","both paws",5.80814248998044,1,"both",0
"squirrel_18","right lever","no reaction",334,"P","both paws",5.8111409929767,3,"both",0
"squirrel_18","right lever","no reaction",335,"P","right paw",5.81413053182507,1,"ipsi",0
"squirrel_18","left lever","no reaction",336,"P","both paws",5.8171111599632,1,"both",0
"squirrel_16","right lever","no reaction",56,"P","left paw",4.02535169073515,9,"contra",0
"squirrel_18","left lever","no reaction",337,"P","both paws",5.82008293035236,3,"both",0
"squirrel_13","right lever","exit",17,"P","both paws",2.83321334405622,5,"both",0
"squirrel_18","left lever","no reaction",338,"P","both paws",5.82304589548302,2,"both",0
"squirrel_18","left lever","no reaction",339,"P","left paw",5.82600010738045,2,"ipsi",0
"squirrel_16","left lever","exit",57,"P","right paw",4.04305126783455,5,"contra",0
"squirrel_16","left lever","exit",58,"P","right paw",4.06044301054642,0,"contra",0
"squirrel_16","left lever","exit",59,"P","left paw",4.07753744390572,4,"ipsi",0
"squirrel_13","right lever","exit",18,"P","right paw",2.89037175789616,1,"ipsi",0
"squirrel_16","left lever","exit",60,"P","left paw",4.0943445622221,1,"ipsi",0
"squirrel_23","left lever","exit",52,"P","left paw",3.95124371858143,4,"ipsi",0
"squirrel_16","left lever","exit",61,"P","left paw",4.11087386417331,1,"ipsi",0
"squirrel_23","left lever","exit",53,"P","left paw",3.97029191355212,1,"ipsi",0
"squirrel_16","left lever","exit",62,"P","left paw",4.12713438504509,1,"ipsi",0
"squirrel_16","right lever","exit",63,"P","right paw",4.14313472639153,2,"ipsi",0
"squirrel_23","left lever","exit",54,"P","left paw",3.98898404656427,4,"ipsi",0
"squirrel_16","right lever","exit",64,"P","left paw",4.15888308335967,2,"contra",0
"squirrel_23","left lever","exit",55,"P","right paw",4.00733318523247,1,"contra",0
"squirrel_23","left lever","exit",56,"P","left paw",4.02535169073515,4,"ipsi",0
"squirrel_18","right lever","no reaction",340,"P","right paw",5.82894561761021,5,"ipsi",0
"squirrel_18","right lever","no reaction",341,"P","both paws",5.83188247728352,1,"both",0
"squirrel_18","right lever","no reaction",342,"P","both paws",5.8348107370626,1,"both",0
"squirrel_23","left lever","exit",57,"P","left paw",4.04305126783455,3,"ipsi",0
"squirrel_18","right lever","no reaction",343,"P","both paws",5.83773044716594,1,"both",0
"squirrel_18","right lever","no reaction",344,"P","right paw",5.8406416573734,3,"ipsi",0
"squirrel_18","right lever","no reaction",345,"P","both paws",5.84354441703136,1,"both",0
"squirrel_18","right lever","no reaction",346,"P","both paws",5.84643877505772,1,"both",0
"squirrel_18","right lever","no reaction",347,"P","left paw",5.84932477994686,1,"contra",0
"squirrel_18","right lever","no reaction",348,"P","both paws",5.85220247977447,1,"both",0
"squirrel_23","left lever","exit",58,"P","left paw",4.06044301054642,1,"ipsi",0
"squirrel_18","right lever","no reaction",349,"P","both paws",5.85507192220243,1,"both",0
"squirrel_18","right lever","no reaction",350,"P","right paw",5.85793315448346,1,"ipsi",0
"squirrel_22","right lever","exit",43,"P","right paw",3.76120011569356,9,"ipsi",0
"squirrel_18","right lever","no reaction",351,"P","right paw",5.86078622346587,1,"ipsi",0
"squirrel_18","right lever","no reaction",352,"P","both paws",5.8636311755981,1,"both",0
"squirrel_18","right lever","no reaction",353,"P","both paws",5.8664680569333,1,"both",0
"squirrel_18","right lever","no reaction",354,"P","right paw",5.86929691313377,1,"ipsi",0
"squirrel_23","left lever","exit",59,"P","left paw",4.07753744390572,2,"ipsi",0
"squirrel_18","right lever","no reaction",355,"P","both paws",5.87211778947542,1,"both",0
"squirrel_18","right lever","no reaction",356,"P","right paw",5.87493073085203,2,"ipsi",0
"squirrel_23","left lever","exit",60,"P","left paw",4.0943445622221,1,"ipsi",0
"squirrel_18","left lever","no reaction",357,"P","right paw",5.87773578177964,3,"contra",0
"squirrel_18","left lever","no reaction",358,"P","both paws",5.8805329864007,3,"both",0
"squirrel_18","left lever","no reaction",359,"P","both paws",5.88332238848828,1,"both",0
"squirrel_18","left lever","no reaction",360,"P","both paws",5.88610403145016,1,"both",0
"squirrel_23","right lever","exit",61,"P","right paw",4.11087386417331,3,"ipsi",0
"squirrel_23","right lever","exit",62,"P","left paw",4.12713438504509,1,"contra",0
"squirrel_16","right lever","exit",65,"P","left paw",4.17438726989564,3,"contra",0
"squirrel_16","right lever","exit",66,"P","right paw",4.18965474202643,1,"ipsi",0
"squirrel_18","right lever","no reaction",361,"P","right paw",5.88887795833288,2,"ipsi",0
"squirrel_18","right lever","no reaction",362,"P","both paws",5.89164421182577,2,"both",0
"squirrel_18","left lever","no reaction",363,"P","both paws",5.89440283426485,0,"both",0
"squirrel_18","left lever","no reaction",364,"P","left paw",5.89715386763674,2,"ipsi",0
"squirrel_16","right lever","exit",67,"P","left paw",4.20469261939097,2,"contra",0
"squirrel_18","left lever","no reaction",365,"P","both paws",5.89989735358249,1,"both",0
"squirrel_18","left lever","no reaction",366,"P","both paws",5.90263333340137,1,"both",0
"squirrel_16","left lever","exit",68,"P","left paw",4.21950770517611,2,"ipsi",0
"squirrel_18","left lever","no reaction",367,"P","left paw",5.90536184805457,1,"ipsi",0
"squirrel_18","left lever","no reaction",368,"P","both paws",5.90808293816893,1,"both",0
"squirrel_18","left lever","no reaction",369,"P","left paw",5.91079664404053,1,"ipsi",0
"squirrel_18","left lever","no reaction",370,"P","both paws",5.91350300563827,2,"both",0
"squirrel_18","left lever","no reaction",371,"P","left paw",5.91620206260743,1,"ipsi",0
"squirrel_18","left lever","no reaction",372,"P","both paws",5.91889385427315,1,"both",0
"squirrel_16","left lever","exit",69,"P","left paw",4.23410650459726,7,"ipsi",0
"squirrel_16","left lever","exit",70,"P","left paw",4.24849524204936,1,"ipsi",0
"squirrel_16","right lever","exit",71,"P","right paw",4.26267987704132,1,"ipsi",0
"squirrel_16","left lever","exit",72,"P","right paw",4.27666611901606,2,"contra",0
"squirrel_16","left lever","exit",73,"P","left paw",4.29045944114839,1,"ipsi",0
"squirrel_16","left lever","exit",74,"P","left paw",4.30406509320417,1,"ipsi",0
"squirrel_16","left lever","exit",75,"P","left paw",4.31748811353631,1,"ipsi",0
"squirrel_16","left lever","exit",76,"P","right paw",4.33073334028633,4,"contra",0
"squirrel_16","left lever","flinch",77,"P","left paw",4.34380542185368,1,"ipsi",0
"squirrel_16","left lever","exit",78,"P","right paw",4.35670882668959,2,"contra",0
"squirrel_23","left lever","exit",63,"P","left paw",4.14313472639153,4,"ipsi",0
"squirrel_22","left lever","no reaction",44,"P","right paw",3.78418963391826,18,"contra",0
"squirrel_23","left lever","exit",64,"P","left paw",4.15888308335967,1,"ipsi",0
"squirrel_22","right lever","no reaction",45,"P","right paw",3.80666248977032,1,"ipsi",0
"squirrel_23","left lever","exit",65,"P","left paw",4.17438726989564,2,"ipsi",0
"squirrel_22","left lever","flinch",46,"P","both paws",3.8286413964891,2,"both",0
"squirrel_22","left lever","no reaction",47,"P","left paw",3.85014760171006,1,"ipsi",0
"squirrel_22","left lever","no reaction",48,"P","left paw",3.87120101090789,0,"ipsi",0
"squirrel_22","left lever","no reaction",49,"P","left paw",3.89182029811063,0,"ipsi",0
"squirrel_16","left lever","exit",79,"P","left paw",4.36944785246702,2,"ipsi",0
"squirrel_23","left lever","exit",66,"P","right paw",4.18965474202643,3,"contra",0
"squirrel_16","left lever","exit",80,"P","right paw",4.38202663467388,1,"contra",0
"squirrel_23","left lever","exit",67,"P","left paw",4.20469261939097,1,"ipsi",0
"squirrel_16","left lever","alert",81,"P","left paw",4.39444915467244,2,"ipsi",0
"squirrel_16","left lever","exit",82,"P","left paw",4.40671924726425,1,"ipsi",0
"squirrel_16","left lever","exit",83,"P","left paw",4.4188406077966,2,"ipsi",0
"squirrel_16","left lever","exit",84,"P","left paw",4.43081679884331,1,"ipsi",0
"squirrel_16","left lever","exit",85,"P","left paw",4.44265125649032,2,"ipsi",0
"squirrel_16","left lever","flinch",86,"P","left paw",4.45434729625351,4,"ipsi",0
"squirrel_16","left lever","exit",87,"P","left paw",4.46590811865458,5,"ipsi",0
"squirrel_16","left lever","exit",88,"P","right paw",4.47733681447821,2,"contra",0
"squirrel_16","left lever","exit",89,"P","left paw",4.48863636973214,1,"ipsi",0
"squirrel_16","left lever","exit",90,"P","both paws",4.49980967033027,2,"both",0
"squirrel_16","left lever","exit",91,"P","left paw",4.51085950651685,1,"ipsi",0
"squirrel_16","left lever","flinch",92,"P","left paw",4.52178857704904,1,"ipsi",0
"squirrel_22","left lever","no reaction",50,"P","left paw",3.91202300542815,4,"ipsi",0
"squirrel_22","left lever","no reaction",51,"P","left paw",3.93182563272433,1,"ipsi",0
"squirrel_22","left lever","alert",52,"P","left paw",3.95124371858143,0,"ipsi",0
"squirrel_22","right lever","no reaction",53,"P","right paw",3.97029191355212,2,"ipsi",0
"squirrel_22","left lever","flinch",54,"P","left paw",3.98898404656427,1,"ipsi",0
"squirrel_22","left lever","no reaction",55,"P","right paw",4.00733318523247,1,"contra",0
"squirrel_22","left lever","no reaction",56,"P","left paw",4.02535169073515,0,"ipsi",0
"squirrel_22","left lever","no reaction",57,"P","both paws",4.04305126783455,0,"both",0
"squirrel_22","left lever","no reaction",58,"P","left paw",4.06044301054642,0,"ipsi",0
"squirrel_22","left lever","no reaction",59,"P","left paw",4.07753744390572,0,"ipsi",0
"squirrel_22","left lever","no reaction",60,"P","left paw",4.0943445622221,0,"ipsi",0
"squirrel_22","left lever","no reaction",61,"P","both paws",4.11087386417331,0,"both",0
"squirrel_22","left lever","no reaction",62,"P","both paws",4.12713438504509,0,"both",0
"squirrel_22","left lever","no reaction",63,"P","both paws",4.14313472639153,0,"both",0
"squirrel_22","left lever","no reaction",64,"P","left paw",4.15888308335967,0,"ipsi",0
"squirrel_22","left lever","no reaction",65,"P","left paw",4.17438726989564,1,"ipsi",0
"squirrel_22","left lever","no reaction",66,"P","left paw",4.18965474202643,0,"ipsi",0
"squirrel_22","left lever","no reaction",67,"P","left paw",4.20469261939097,0,"ipsi",0
"squirrel_22","left lever","no reaction",68,"P","left paw",4.21950770517611,0,"ipsi",0
"squirrel_10","right lever","exit",5,"C","both paws",1.6094379124341,6,"both",0
"squirrel_6","left lever","flinch",305,"C","right paw",5.72031177660741,3,"contra",0
"squirrel_10","left lever","exit",6,"C","both paws",1.79175946922805,2,"both",0
"squirrel_10","left lever","exit",7,"C","both paws",1.94591014905531,1,"both",0
"squirrel_6","left lever","no reaction",306,"C","both paws",5.72358510195238,2,"both",0
"squirrel_10","left lever","exit",8,"C","both paws",2.07944154167984,2,"both",0
"squirrel_6","left lever","no reaction",307,"C","both paws",5.7268477475872,1,"both",0
"squirrel_6","left lever","no reaction",308,"C","both paws",5.73009978297357,1,"both",0
"squirrel_10","left lever","exit",9,"C","right paw",2.19722457733622,2,"contra",0
"squirrel_6","left lever","no reaction",309,"C","left paw",5.73334127689775,1,"ipsi",0
"squirrel_6","left lever","no reaction",310,"C","both paws",5.73657229747919,1,"both",0
"squirrel_10","left lever","exit",10,"C","right paw",2.30258509299405,1,"contra",0
"squirrel_10","left lever","exit",11,"C","left paw",2.39789527279837,1,"ipsi",0
"squirrel_6","left lever","no reaction",311,"C","both paws",5.73979291217923,1,"both",0
"squirrel_6","left lever","no reaction",312,"C","left paw",5.74300318780948,1,"ipsi",0
"squirrel_6","left lever","no reaction",313,"C","both paws",5.74620319054015,1,"both",0
"squirrel_6","left lever","no reaction",314,"C","left paw",5.74939298590825,1,"ipsi",0
"squirrel_6","left lever","no reaction",315,"C","both paws",5.75257263882563,1,"both",0
"squirrel_6","left lever","no reaction",316,"C","left paw",5.75574221358691,0,"ipsi",0
"squirrel_6","left lever","no reaction",317,"C","both paws",5.75890177387728,1,"both",0
"squirrel_6","left lever","no reaction",318,"C","both paws",5.76205138278018,2,"both",0
"squirrel_6","left lever","no reaction",319,"C","both paws",5.76519110278484,1,"both",0
"squirrel_6","left lever","no reaction",320,"C","left paw",5.76832099579377,0,"ipsi",0
"squirrel_6","left lever","no reaction",321,"C","both paws",5.77144112313002,2,"both",0
"squirrel_8","left lever","exit",69,"C","left paw",4.23410650459726,7,"ipsi",0
"squirrel_6","left lever","no reaction",322,"C","both paws",5.77455154554441,1,"both",0
"squirrel_6","left lever","no reaction",323,"C","left paw",5.77765232322266,1,"ipsi",0
"squirrel_6","left lever","no reaction",324,"C","right paw",5.78074351579233,1,"contra",0
"squirrel_6","left lever","no reaction",325,"C","both paws",5.78382518232974,1,"both",0
"squirrel_6","left lever","no reaction",326,"C","both paws",5.78689738136671,1,"both",0
"squirrel_6","left lever","no reaction",327,"C","both paws",5.78996017089725,1,"both",0
"squirrel_8","left lever","exit",70,"C","right paw",4.24849524204936,3,"contra",0
"squirrel_6","left lever","no reaction",328,"C","left paw",5.79301360838414,1,"ipsi",0
"squirrel_6","left lever","no reaction",329,"C","both paws",5.79605775076537,1,"both",0
"squirrel_6","left lever","no reaction",330,"C","both paws",5.79909265446053,1,"both",0
"squirrel_6","left lever","no reaction",331,"C","both paws",5.80211837537706,1,"both",0
"squirrel_6","left lever","no reaction",332,"C","both paws",5.80513496891649,1,"both",0
"squirrel_6","left lever","no reaction",333,"C","both paws",5.80814248998044,1,"both",0
"squirrel_8","left lever","no reaction",71,"C","left paw",4.26267987704132,5,"ipsi",0
"squirrel_8","left lever","no reaction",72,"C","left paw",4.27666611901606,1,"ipsi",0
"squirrel_6","left lever","no reaction",334,"C","both paws",5.8111409929767,1,"both",0
"squirrel_6","left lever","no reaction",335,"C","both paws",5.81413053182507,1,"both",0
"squirrel_6","left lever","no reaction",336,"C","both paws",5.8171111599632,2,"both",0
"squirrel_6","left lever","no reaction",337,"C","both paws",5.82008293035236,1,"both",0
"squirrel_6","left lever","no reaction",338,"C","both paws",5.82304589548302,1,"both",0
"squirrel_8","left lever","flinch",73,"C","both paws",4.29045944114839,3,"both",0
"squirrel_6","left lever","no reaction",339,"C","both paws",5.82600010738045,1,"both",0
"squirrel_6","right lever","no reaction",340,"C","right paw",5.82894561761021,2,"ipsi",0
"squirrel_6","left lever","no reaction",341,"C","both paws",5.83188247728352,1,"both",0
"squirrel_6","left lever","no reaction",342,"C","right paw",5.8348107370626,1,"contra",0
"squirrel_6","left lever","no reaction",343,"C","both paws",5.83773044716594,3,"both",0
"squirrel_6","left lever","no reaction",344,"C","right paw",5.8406416573734,1,"contra",0
"squirrel_6","left lever","no reaction",345,"C","both paws",5.84354441703136,1,"both",0
"squirrel_6","left lever","no reaction",346,"C","both paws",5.84643877505772,1,"both",0
"squirrel_6","left lever","no reaction",347,"C","both paws",5.84932477994686,1,"both",0
"squirrel_6","left lever","no reaction",348,"C","both paws",5.85220247977447,1,"both",0
"squirrel_6","left lever","no reaction",349,"C","right paw",5.85507192220243,1,"contra",0
"squirrel_6","left lever","no reaction",350,"C","left paw",5.85793315448346,0,"ipsi",0
"squirrel_6","left lever","no reaction",351,"C","left paw",5.86078622346587,1,"ipsi",0
"squirrel_6","left lever","no reaction",352,"C","both paws",5.8636311755981,2,"both",0
"squirrel_6","left lever","no reaction",353,"C","left paw",5.8664680569333,1,"ipsi",0
"squirrel_6","left lever","no reaction",354,"C","right paw",5.86929691313377,1,"contra",0
"squirrel_6","left lever","no reaction",355,"C","both paws",5.87211778947542,1,"both",0
"squirrel_10","left lever","exit",12,"C","both paws",2.484906649788,9,"both",0
"squirrel_6","left lever","no reaction",356,"C","left paw",5.87493073085203,1,"ipsi",0
"squirrel_6","left lever","no reaction",357,"C","both paws",5.87773578177964,1,"both",0
"squirrel_6","left lever","no reaction",358,"C","left paw",5.8805329864007,1,"ipsi",0
"squirrel_6","left lever","no reaction",359,"C","left paw",5.88332238848828,2,"ipsi",0
"squirrel_6","left lever","no reaction",360,"C","right paw",5.88610403145016,2,"contra",0
"squirrel_6","left lever","no reaction",361,"C","both paws",5.88887795833288,1,"both",0
"squirrel_19","left lever","no reaction",117,"C","both paws",4.76217393479776,2,"both",0
"squirrel_6","left lever","no reaction",362,"C","both paws",5.89164421182577,1,"both",0
"squirrel_6","left lever","no reaction",363,"C","both paws",5.89440283426485,1,"both",1
"squirrel_19","left lever","no reaction",118,"C","left paw",4.77068462446567,1,"ipsi",0
"squirrel_6","left lever","no reaction",364,"C","both paws",5.89715386763674,1,"both",0
"squirrel_6","left lever","no reaction",365,"C","both paws",5.89989735358249,1,"both",0
"squirrel_19","left lever","no reaction",119,"C","both paws",4.77912349311153,3,"both",1
"squirrel_6","left lever","no reaction",366,"C","both paws",5.90263333340137,1,"both",0
"squirrel_6","left lever","no reaction",367,"C","both paws",5.90536184805457,1,"both",0
"squirrel_6","left lever","no reaction",368,"C","both paws",5.90808293816893,0,"both",0
"squirrel_6","left lever","no reaction",369,"C","both paws",5.91079664404053,1,"both",0
"squirrel_6","left lever","no reaction",370,"C","right paw",5.91350300563827,1,"contra",0
"squirrel_6","left lever","no reaction",371,"C","both paws",5.91620206260743,1,"both",0
"squirrel_6","left lever","no reaction",372,"C","both paws",5.91889385427315,1,"both",0
"squirrel_6","left lever","no reaction",373,"C","both paws",5.92157841964382,1,"both",0
"squirrel_6","left lever","no reaction",374,"C","both paws",5.92425579741453,2,"both",0
"squirrel_6","left lever","no reaction",375,"C","both paws",5.92692602597041,0,"both",0
"squirrel_6","left lever","no reaction",376,"C","both paws",5.92958914338989,1,"both",0
"squirrel_6","left lever","no reaction",377,"C","left paw",5.93224518744801,1,"ipsi",0
"squirrel_6","left lever","no reaction",378,"C","both paws",5.93489419561959,1,"both",0
"squirrel_6","left lever","no reaction",379,"C","both paws",5.93753620508243,1,"both",0
"squirrel_6","left lever","no reaction",380,"C","both paws",5.94017125272043,1,"both",0
"squirrel_6","left lever","no reaction",381,"C","both paws",5.9427993751267,1,"both",1
"squirrel_6","left lever","no reaction",382,"C","both paws",5.94542060860658,2,"both",0
"squirrel_6","left lever","no reaction",383,"C","both paws",5.94803498918065,1,"both",0
"squirrel_6","left lever","no reaction",384,"C","both paws",5.95064255258773,2,"both",0
"squirrel_6","left lever","no reaction",385,"C","both paws",5.95324333428778,0,"both",0
"squirrel_6","left lever","no reaction",386,"C","both paws",5.95583736946483,1,"both",0
"squirrel_6","left lever","no reaction",387,"C","both paws",5.95842469302978,1,"both",0
"squirrel_6","left lever","no reaction",388,"C","both paws",5.96100533962327,1,"both",0
"squirrel_6","left lever","no reaction",389,"C","both paws",5.96357934361845,1,"both",0
"squirrel_6","left lever","no reaction",390,"C","both paws",5.96614673912369,1,"both",0
"squirrel_6","left lever","no reaction",391,"C","both paws",5.96870755998537,1,"both",0
"squirrel_6","left lever","no reaction",392,"C","both paws",5.97126183979046,1,"both",0
"squirrel_6","left lever","no reaction",393,"C","both paws",5.97380961186926,1,"both",0
"squirrel_6","left lever","no reaction",394,"C","both paws",5.97635090929793,2,"both",0
"squirrel_6","left lever","no reaction",395,"C","both paws",5.97888576490112,2,"both",0
"squirrel_6","left lever","no reaction",396,"C","both paws",5.98141421125448,1,"both",0
"squirrel_6","left lever","no reaction",397,"C","right paw",5.98393628068719,1,"contra",0
"squirrel_6","left lever","no reaction",398,"C","both paws",5.98645200528444,1,"both",0
"squirrel_6","left lever","no reaction",399,"C","both paws",5.98896141688986,1,"both",0
"squirrel_6","left lever","no reaction",400,"C","left paw",5.99146454710798,1,"ipsi",0
"squirrel_6","left lever","no reaction",401,"C","left paw",5.99396142730657,1,"ipsi",0
"squirrel_6","left lever","no reaction",402,"C","left paw",5.99645208861902,1,"ipsi",0
"squirrel_6","left lever","no reaction",403,"C","both paws",5.99893656194668,1,"both",0
"squirrel_6","left lever","no reaction",404,"C","both paws",6.00141487796115,1,"both",0
"squirrel_6","left lever","no reaction",405,"C","both paws",6.00388706710654,1,"both",0
"squirrel_6","left lever","no reaction",406,"C","left paw",6.00635315960173,1,"ipsi",0
"squirrel_6","left lever","no reaction",407,"C","left paw",6.00881318544259,1,"ipsi",0
"squirrel_6","left lever","no reaction",408,"C","both paws",6.01126717440416,1,"both",0
"squirrel_6","left lever","no reaction",409,"C","both paws",6.0137151560428,1,"both",0
"squirrel_6","left lever","no reaction",410,"C","both paws",6.01615715969835,1,"both",0
"squirrel_6","left lever","no reaction",411,"C","both paws",6.01859321449623,1,"both",0
"squirrel_6","left lever","no reaction",412,"C","both paws",6.02102334934953,1,"both",0
"squirrel_6","left lever","no reaction",413,"C","both paws",6.02344759296103,1,"both",0
"squirrel_6","left lever","no reaction",414,"C","both paws",6.02586597382531,1,"both",0
"squirrel_6","left lever","no reaction",415,"C","both paws",6.0282785202307,1,"both",0
"squirrel_6","left lever","no reaction",416,"C","both paws",6.03068526026126,1,"both",0
"squirrel_6","left lever","no reaction",417,"C","both paws",6.0330862217988,1,"both",0
"squirrel_6","left lever","no reaction",418,"C","both paws",6.03548143252476,1,"both",0
"squirrel_6","left lever","no reaction",419,"C","both paws",6.03787091992214,1,"both",0
"squirrel_6","left lever","no reaction",420,"C","both paws",6.04025471127741,1,"both",0
"squirrel_6","left lever","no reaction",421,"C","both paws",6.04263283368238,1,"both",0
"squirrel_6","left lever","no reaction",422,"C","both paws",6.04500531403601,1,"both",0
"squirrel_6","left lever","no reaction",423,"C","both paws",6.04737217904628,1,"both",0
"squirrel_6","left lever","no reaction",424,"C","both paws",6.04973345523196,1,"both",0
"squirrel_6","left lever","no reaction",425,"C","both paws",6.05208916892442,1,"both",0
"squirrel_6","left lever","no reaction",426,"C","left paw",6.05443934626937,1,"ipsi",0
"squirrel_6","left lever","no reaction",427,"C","both paws",6.05678401322862,1,"both",0
"squirrel_6","left lever","no reaction",428,"C","both paws",6.0591231955818,2,"both",0
"squirrel_6","left lever","no reaction",429,"C","left paw",6.06145691892802,1,"ipsi",0
"squirrel_6","left lever","no reaction",430,"C","both paws",6.06378520868761,1,"both",0
"squirrel_6","left lever","no reaction",431,"C","both paws",6.06610809010375,2,"both",0
"squirrel_6","left lever","no reaction",432,"C","right paw",6.06842558824411,1,"contra",0
"squirrel_6","left lever","no reaction",433,"C","right paw",6.07073772800249,1,"contra",0
"squirrel_6","left lever","no reaction",434,"C","both paws",6.07304453410041,1,"both",0
"squirrel_6","left lever","no reaction",435,"C","both paws",6.07534603108868,1,"both",0
"squirrel_6","left lever","no reaction",436,"C","both paws",6.07764224334903,1,"both",0
"squirrel_6","left lever","no reaction",437,"C","left paw",6.07993319509559,1,"ipsi",0
"squirrel_6","left lever","no reaction",438,"C","left paw",6.08221891037645,1,"ipsi",0
"squirrel_6","left lever","no reaction",439,"C","left paw",6.08449941307517,1,"ipsi",0
"squirrel_6","left lever","no reaction",440,"C","left paw",6.08677472691231,2,"ipsi",0
"squirrel_6","left lever","no reaction",441,"C","right paw",6.08904487544685,2,"contra",0
"squirrel_6","left lever","no reaction",442,"C","right paw",6.0913098820777,1,"contra",0
"squirrel_6","left lever","no reaction",443,"C","both paws",6.09356977004514,1,"both",0
"squirrel_6","left lever","no reaction",444,"C","left paw",6.09582456243222,1,"ipsi",0
"squirrel_6","left lever","no reaction",445,"C","both paws",6.09807428216624,1,"both",0
"squirrel_6","left lever","no reaction",446,"C","right paw",6.10031895202006,1,"contra",0
"squirrel_6","left lever","no reaction",447,"C","right paw",6.10255859461357,1,"contra",0
"squirrel_6","left lever","no reaction",448,"C","left paw",6.10479323241498,1,"ipsi",0
"squirrel_6","left lever","no reaction",449,"C","right paw",6.10702288774225,1,"contra",0
"squirrel_6","left lever","no reaction",450,"C","right paw",6.10924758276437,1,"contra",0
"squirrel_6","left lever","no reaction",451,"C","left paw",6.11146733950268,1,"ipsi",0
"squirrel_6","left lever","no reaction",452,"C","both paws",6.11368217983223,2,"both",0
"squirrel_6","left lever","no reaction",453,"C","right paw",6.11589212548303,1,"contra",0
"squirrel_6","left lever","no reaction",454,"C","left paw",6.11809719804135,1,"ipsi",0
"squirrel_6","right lever","flinch",455,"C","left paw",6.12029741895095,0,"contra",0
"squirrel_6","left lever","no reaction",456,"C","right paw",6.12249280951439,1,"contra",0
"squirrel_6","left lever","no reaction",457,"C","both paws",6.12468339089421,1,"both",0
"squirrel_6","right lever","flinch",458,"C","both paws",6.12686918411419,0,"both",0
"squirrel_6","left lever","no reaction",459,"C","right paw",6.12905021006055,1,"contra",0
"squirrel_6","left lever","no reaction",460,"C","both paws",6.13122648948314,2,"both",0
"squirrel_6","left lever","no reaction",461,"C","right paw",6.13339804299665,1,"contra",0
"squirrel_6","left lever","no reaction",462,"C","right paw",6.13556489108174,1,"contra",0
"squirrel_6","left lever","no reaction",463,"C","right paw",6.13772705408623,1,"contra",0
"squirrel_6","left lever","no reaction",464,"C","both paws",6.13988455222626,1,"both",0
"squirrel_6","right lever","exit",465,"C","both paws",6.14203740558736,1,"both",0
"squirrel_6","left lever","no reaction",466,"C","left paw",6.14418563412565,1,"ipsi",0
"squirrel_6","left lever","no reaction",467,"C","both paws",6.1463292576689,1,"both",0
"squirrel_6","left lever","no reaction",468,"C","left paw",6.14846829591765,1,"ipsi",0
"squirrel_6","left lever","no reaction",469,"C","both paws",6.15060276844628,1,"both",0
"squirrel_6","left lever","no reaction",470,"C","left paw",6.1527326947041,1,"ipsi",0
"squirrel_6","left lever","no reaction",471,"C","right paw",6.15485809401642,1,"contra",0
"squirrel_6","left lever","no reaction",472,"C","right paw",6.15697898558556,1,"contra",0
"squirrel_6","left lever","no reaction",473,"C","left paw",6.15909538849193,0,"ipsi",0
"squirrel_6","right lever","alert",474,"C","right paw",6.16120732169508,1,"ipsi",0
"squirrel_6","left lever","no reaction",475,"C","right paw",6.16331480403464,2,"contra",0
"squirrel_6","left lever","no reaction",476,"C","left paw",6.16541785423142,1,"ipsi",0
"squirrel_6","left lever","no reaction",477,"C","both paws",6.16751649088834,1,"both",0
"squirrel_6","left lever","no reaction",478,"C","left paw",6.16961073249146,1,"ipsi",0
"squirrel_6","left lever","no reaction",479,"C","left paw",6.17170059741091,1,"ipsi",0
"squirrel_6","left lever","no reaction",480,"C","both paws",6.17378610390194,1,"both",0
"squirrel_6","left lever","no reaction",481,"C","both paws",6.17586727010576,1,"both",0
"squirrel_6","left lever","no reaction",482,"C","left paw",6.1779441140506,2,"ipsi",0
"squirrel_6","left lever","no reaction",483,"C","right paw",6.18001665365257,1,"contra",0
"squirrel_6","left lever","no reaction",484,"C","both paws",6.18208490671663,1,"both",0
"squirrel_6","right lever","no reaction",485,"C","left paw",6.18414889093748,0,"contra",0
"squirrel_6","right lever","no reaction",486,"C","right paw",6.18620862390049,1,"ipsi",0
"squirrel_6","left lever","no reaction",487,"C","left paw",6.18826412308259,0,"ipsi",0
"squirrel_6","left lever","no reaction",488,"C","both paws",6.19031540585315,1,"both",0
"squirrel_6","right lever","no reaction",489,"C","left paw",6.19236248947487,0,"contra",0
"squirrel_6","left lever","no reaction",490,"C","right paw",6.19440539110467,1,"contra",0
"squirrel_6","left lever","no reaction",491,"C","right paw",6.19644412779452,2,"contra",0
"squirrel_10","left lever","exit",13,"C","both paws",2.56494935746154,2,"both",0
"squirrel_9","left lever","exit",11,"C","right paw",2.39789527279837,1,"contra",0
"squirrel_25","left lever","exit",3,"C","left paw",1.09861228866811,3,"ipsi",0
"squirrel_9","right lever","flinch",12,"C","both paws",2.484906649788,1,"both",0
"squirrel_25","left lever","exit",4,"C","left paw",1.38629436111989,2,"ipsi",0
"squirrel_25","right lever","exit",5,"C","right paw",1.6094379124341,0,"ipsi",0
"squirrel_25","left lever","exit",6,"C","left paw",1.79175946922805,1,"ipsi",0
"squirrel_25","left lever","exit",7,"C","left paw",1.94591014905531,0,"ipsi",0
"squirrel_25","left lever","exit",8,"C","left paw",2.07944154167984,4,"ipsi",0
"squirrel_9","left lever","exit",13,"C","left paw",2.56494935746154,1,"ipsi",0
"squirrel_9","left lever","exit",14,"C","left paw",2.63905732961526,1,"ipsi",0
"squirrel_3","left lever","exit",1,"C","right paw",0,2,"contra",0
"squirrel_25","left lever","exit",9,"C","left paw",2.19722457733622,0,"ipsi",0
"squirrel_3","left lever","exit",2,"C","both paws",0.693147180559945,0,"both",0
"squirrel_9","left lever","flinch",15,"C","both paws",2.70805020110221,5,"both",0
"squirrel_9","left lever","exit",16,"C","both paws",2.77258872223978,0,"both",0
"squirrel_3","left lever","exit",3,"C","left paw",1.09861228866811,1,"ipsi",0
"squirrel_25","left lever","exit",10,"C","right paw",2.30258509299405,0,"contra",0
"squirrel_3","left lever","flinch",4,"C","left paw",1.38629436111989,0,"ipsi",0
"squirrel_3","left lever","no reaction",5,"C","left paw",1.6094379124341,0,"ipsi",0
"squirrel_3","left lever","exit",6,"C","both paws",1.79175946922805,0,"both",0
"squirrel_3","left lever","no reaction",7,"C","left paw",1.94591014905531,0,"ipsi",0
"squirrel_3","left lever","exit",8,"C","both paws",2.07944154167984,1,"both",0
"squirrel_3","left lever","flinch",9,"C","both paws",2.19722457733622,0,"both",0
"squirrel_3","left lever","exit",10,"C","both paws",2.30258509299405,1,"both",0
"squirrel_3","left lever","no reaction",11,"C","right paw",2.39789527279837,1,"contra",0
"squirrel_3","left lever","no reaction",12,"C","both paws",2.484906649788,2,"both",0
"squirrel_3","left lever","no reaction",13,"C","right paw",2.56494935746154,0,"contra",0
"squirrel_3","left lever","no reaction",14,"C","both paws",2.63905732961526,0,"both",0
"squirrel_3","left lever","no reaction",15,"C","left paw",2.70805020110221,0,"ipsi",0
"squirrel_3","left lever","no reaction",16,"C","left paw",2.77258872223978,1,"ipsi",0
"squirrel_3","left lever","no reaction",17,"C","left paw",2.83321334405622,0,"ipsi",0
"squirrel_3","left lever","no reaction",18,"C","left paw",2.89037175789616,1,"ipsi",0
"squirrel_3","left lever","no reaction",19,"C","left paw",2.94443897916644,1,"ipsi",0
"squirrel_3","left lever","no reaction",20,"C","left paw",2.99573227355399,0,"ipsi",0
"squirrel_3","left lever","no reaction",21,"C","both paws",3.04452243772342,0,"both",0
"squirrel_3","left lever","no reaction",22,"C","both paws",3.09104245335832,0,"both",0
"squirrel_3","left lever","no reaction",23,"C","both paws",3.13549421592915,2,"both",0
"squirrel_3","left lever","no reaction",24,"C","both paws",3.17805383034795,1,"both",0
"squirrel_3","left lever","no reaction",25,"C","both paws",3.2188758248682,1,"both",0
"squirrel_3","left lever","no reaction",26,"C","left paw",3.25809653802148,0,"ipsi",0
"squirrel_3","left lever","no reaction",27,"C","left paw",3.29583686600433,0,"ipsi",0
"squirrel_3","left lever","no reaction",28,"C","left paw",3.3322045101752,0,"ipsi",0
"squirrel_3","left lever","no reaction",29,"C","right paw",3.36729582998647,0,"contra",0
"squirrel_3","left lever","no reaction",30,"C","both paws",3.40119738166216,0,"both",0
"squirrel_3","left lever","no reaction",31,"C","left paw",3.43398720448515,0,"ipsi",0
"squirrel_3","left lever","no reaction",32,"C","left paw",3.46573590279973,0,"ipsi",0
"squirrel_3","left lever","flinch",33,"C","left paw",3.49650756146648,2,"ipsi",0
"squirrel_5","right lever","flinch",74,"C","right paw",4.30406509320417,7,"ipsi",0
"squirrel_5","left lever","no reaction",75,"C","both paws",4.31748811353631,1,"both",0
"squirrel_5","left lever","no reaction",76,"C","left paw",4.33073334028633,0,"ipsi",0
"squirrel_5","left lever","no reaction",77,"C","right paw",4.34380542185368,0,"contra",0
"squirrel_5","left lever","no reaction",78,"C","right paw",4.35670882668959,0,"contra",0
"squirrel_5","left lever","no reaction",79,"C","both paws",4.36944785246702,0,"both",0
"squirrel_5","left lever","no reaction",80,"C","right paw",4.38202663467388,0,"contra",0
"squirrel_5","left lever","no reaction",81,"C","left paw",4.39444915467244,1,"ipsi",0
"squirrel_5","left lever","no reaction",82,"C","left paw",4.40671924726425,0,"ipsi",0
"squirrel_13","right lever","exit",19,"P","left paw",2.94443897916644,4,"contra",0
"squirrel_18","left lever","no reaction",373,"P","right paw",5.92157841964382,4,"contra",0
"squirrel_16","left lever","exit",93,"P","left paw",4.53259949315326,3,"ipsi",0
"squirrel_18","left lever","no reaction",374,"P","right paw",5.92425579741453,1,"contra",0
"squirrel_16","left lever","exit",94,"P","left paw",4.54329478227,1,"ipsi",0
"squirrel_18","left lever","no reaction",375,"P","both paws",5.92692602597041,1,"both",0
"squirrel_16","left lever","exit",95,"P","right paw",4.55387689160054,3,"contra",0
"squirrel_18","left lever","no reaction",376,"P","left paw",5.92958914338989,1,"ipsi",0
"squirrel_18","left lever","no reaction",377,"P","both paws",5.93224518744801,1,"both",0
"squirrel_13","left lever","exit",20,"P","right paw",2.99573227355399,2,"contra",0
"squirrel_18","left lever","no reaction",378,"P","left paw",5.93489419561959,2,"ipsi",0
"squirrel_18","right lever","no reaction",379,"P","both paws",5.93753620508243,1,"both",1
"squirrel_18","right lever","no reaction",380,"P","right paw",5.94017125272043,1,"ipsi",1
"squirrel_18","left lever","no reaction",381,"P","left paw",5.9427993751267,0,"ipsi",1
"squirrel_13","left lever","exit",21,"P","left paw",3.04452243772342,10,"ipsi",0
"squirrel_18","left lever","no reaction",382,"P","both paws",5.94542060860658,1,"both",1
"squirrel_18","left lever","no reaction",383,"P","left paw",5.94803498918065,1,"ipsi",1
"squirrel_18","left lever","no reaction",384,"P","both paws",5.95064255258773,1,"both",1
"squirrel_18","left lever","no reaction",385,"P","both paws",5.95324333428778,1,"both",0
"squirrel_18","left lever","no reaction",386,"P","both paws",5.95583736946483,1,"both",0
"squirrel_18","left lever","no reaction",387,"P","both paws",5.95842469302978,1,"both",0
"squirrel_18","left lever","no reaction",388,"P","both paws",5.96100533962327,1,"both",0
"squirrel_18","left lever","no reaction",389,"P","right paw",5.96357934361845,1,"contra",0
"squirrel_18","left lever","no reaction",390,"P","both paws",5.96614673912369,1,"both",0
"squirrel_18","left lever","no reaction",391,"P","both paws",5.96870755998537,1,"both",0
"squirrel_18","left lever","no reaction",392,"P","both paws",5.97126183979046,1,"both",0
"squirrel_18","left lever","no reaction",393,"P","right paw",5.97380961186926,1,"contra",0
"squirrel_18","left lever","no reaction",394,"P","right paw",5.97635090929793,1,"contra",0
"squirrel_18","left lever","no reaction",395,"P","right paw",5.97888576490112,1,"contra",0
"squirrel_18","left lever","no reaction",396,"P","both paws",5.98141421125448,1,"both",0
"squirrel_18","left lever","no reaction",397,"P","both paws",5.98393628068719,1,"both",0
"squirrel_18","left lever","no reaction",398,"P","both paws",5.98645200528444,1,"both",0
"squirrel_18","left lever","no reaction",399,"P","left paw",5.98896141688986,1,"ipsi",0
"squirrel_18","left lever","no reaction",400,"P","both paws",5.99146454710798,2,"both",0
"squirrel_18","left lever","no reaction",401,"P","left paw",5.99396142730657,1,"ipsi",0
"squirrel_18","left lever","no reaction",402,"P","both paws",5.99645208861902,1,"both",0
"squirrel_18","left lever","no reaction",403,"P","left paw",5.99893656194668,1,"ipsi",0
"squirrel_18","left lever","no reaction",404,"P","both paws",6.00141487796115,1,"both",0
"squirrel_18","left lever","no reaction",405,"P","left paw",6.00388706710654,1,"ipsi",0
"squirrel_18","left lever","no reaction",406,"P","right paw",6.00635315960173,1,"contra",0
"squirrel_18","left lever","no reaction",407,"P","both paws",6.00881318544259,1,"both",0
"squirrel_18","left lever","no reaction",408,"P","left paw",6.01126717440416,1,"ipsi",1
"squirrel_18","right lever","no reaction",409,"P","both paws",6.0137151560428,2,"both",1
"squirrel_18","right lever","no reaction",410,"P","right paw",6.01615715969835,1,"ipsi",1
"squirrel_18","right lever","no reaction",411,"P","right paw",6.01859321449623,1,"ipsi",1
"squirrel_18","left lever","no reaction",412,"P","both paws",6.02102334934953,2,"both",1
"squirrel_18","left lever","no reaction",413,"P","left paw",6.02344759296103,1,"ipsi",1
"squirrel_18","left lever","no reaction",414,"P","left paw",6.02586597382531,1,"ipsi",1
"squirrel_18","left lever","no reaction",415,"P","right paw",6.0282785202307,1,"contra",1
"squirrel_18","left lever","no reaction",416,"P","right paw",6.03068526026126,1,"contra",1
"squirrel_18","left lever","no reaction",417,"P","both paws",6.0330862217988,1,"both",1
"squirrel_16","left lever","flinch",96,"P","left paw",4.56434819146784,15,"ipsi",0
"squirrel_16","left lever","flinch",97,"P","left paw",4.57471097850338,2,"ipsi",0
"squirrel_16","left lever","exit",98,"P","right paw",4.58496747867057,1,"contra",0
"squirrel_16","left lever","flinch",99,"P","right paw",4.59511985013459,1,"contra",0
"squirrel_16","left lever","exit",100,"P","right paw",4.60517018598809,2,"contra",0
"squirrel_16","left lever","flinch",101,"P","right paw",4.61512051684126,1,"contra",0
"squirrel_16","left lever","flinch",102,"P","right paw",4.62497281328427,2,"contra",0
"squirrel_18","left lever","no reaction",418,"P","left paw",6.03548143252476,2,"ipsi",1
"squirrel_18","left lever","no reaction",419,"P","both paws",6.03787091992214,2,"both",1
"squirrel_18","right lever","no reaction",420,"P","right paw",6.04025471127741,2,"ipsi",1
"squirrel_18","left lever","no reaction",421,"P","left paw",6.04263283368238,1,"ipsi",1
"squirrel_18","left lever","no reaction",422,"P","both paws",6.04500531403601,3,"both",1
"squirrel_18","left lever","no reaction",423,"P","right paw",6.04737217904628,1,"contra",1
"squirrel_18","left lever","no reaction",424,"P","both paws",6.04973345523196,1,"both",1
"squirrel_18","left lever","no reaction",425,"P","both paws",6.05208916892442,1,"both",1
"squirrel_16","left lever","flinch",103,"P","left paw",4.63472898822964,1,"ipsi",0
"squirrel_23","left lever","flinch",68,"P","left paw",4.21950770517611,13,"ipsi",0
"squirrel_18","right lever","no reaction",426,"P","both paws",6.05443934626937,1,"both",1
"squirrel_18","right lever","no reaction",427,"P","right paw",6.05678401322862,1,"ipsi",1
"squirrel_18","right lever","no reaction",428,"P","right paw",6.0591231955818,2,"ipsi",0
"squirrel_18","right lever","no reaction",429,"P","right paw",6.06145691892802,1,"ipsi",1
"squirrel_18","left lever","no reaction",430,"P","right paw",6.06378520868761,9,"contra",1
"squirrel_18","left lever","no reaction",431,"P","right paw",6.06610809010375,1,"contra",1
"squirrel_18","left lever","no reaction",432,"P","both paws",6.06842558824411,2,"both",0
"squirrel_18","left lever","no reaction",433,"P","left paw",6.07073772800249,3,"ipsi",1
"squirrel_18","left lever","no reaction",434,"P","right paw",6.07304453410041,1,"contra",1
"squirrel_18","left lever","no reaction",435,"P","both paws",6.07534603108868,1,"both",1
"squirrel_18","left lever","no reaction",436,"P","both paws",6.07764224334903,2,"both",1
"squirrel_18","left lever","no reaction",437,"P","right paw",6.07993319509559,1,"contra",1
"squirrel_18","left lever","no reaction",438,"P","both paws",6.08221891037645,1,"both",0
"squirrel_23","left lever","flinch",69,"P","both paws",4.23410650459726,4,"both",0
"squirrel_18","right lever","no reaction",439,"P","right paw",6.08449941307517,2,"ipsi",0
"squirrel_18","left lever","no reaction",440,"P","left paw",6.08677472691231,1,"ipsi",0
"squirrel_18","right lever","no reaction",441,"P","both paws",6.08904487544685,0,"both",1
"squirrel_18","right lever","no reaction",442,"P","right paw",6.0913098820777,1,"ipsi",0
"squirrel_18","right lever","no reaction",443,"P","right paw",6.09356977004514,1,"ipsi",0
"squirrel_18","left lever","no reaction",444,"P","left paw",6.09582456243222,1,"ipsi",0
"squirrel_18","right lever","no reaction",445,"P","both paws",6.09807428216624,1,"both",0
"squirrel_18","right lever","no reaction",446,"P","right paw",6.10031895202006,1,"ipsi",0
"squirrel_18","left lever","no reaction",447,"P","both paws",6.10255859461357,1,"both",0
"squirrel_18","left lever","no reaction",448,"P","left paw",6.10479323241498,1,"ipsi",0
"squirrel_18","left lever","no reaction",449,"P","both paws",6.10702288774225,0,"both",0
"squirrel_18","left lever","no reaction",450,"P","both paws",6.10924758276437,1,"both",0
"squirrel_18","left lever","no reaction",451,"P","both paws",6.11146733950268,1,"both",0
"squirrel_18","left lever","no reaction",452,"P","both paws",6.11368217983223,1,"both",0
"squirrel_18","left lever","no reaction",453,"P","both paws",6.11589212548303,1,"both",0
"squirrel_23","left lever","exit",70,"P","right paw",4.24849524204936,17,"contra",0
"squirrel_18","left lever","no reaction",454,"P","both paws",6.11809719804135,2,"both",1
"squirrel_18","right lever","no reaction",455,"P","right paw",6.12029741895095,1,"ipsi",1
"squirrel_18","right lever","no reaction",456,"P","right paw",6.12249280951439,0,"ipsi",1
"squirrel_18","left lever","no reaction",457,"P","left paw",6.12468339089421,0,"ipsi",1
"squirrel_18","left lever","no reaction",458,"P","left paw",6.12686918411419,1,"ipsi",1
"squirrel_18","left lever","no reaction",459,"P","both paws",6.12905021006055,1,"both",1
"squirrel_18","left lever","no reaction",460,"P","left paw",6.13122648948314,1,"ipsi",0
"squirrel_18","left lever","no reaction",461,"P","left paw",6.13339804299665,1,"ipsi",0
"squirrel_18","left lever","no reaction",462,"P","both paws",6.13556489108174,1,"both",0
"squirrel_18","left lever","no reaction",463,"P","both paws",6.13772705408623,1,"both",0
"squirrel_18","left lever","no reaction",464,"P","both paws",6.13988455222626,1,"both",0
"squirrel_18","right lever","no reaction",465,"P","right paw",6.14203740558736,1,"ipsi",0
"squirrel_16","left lever","no reaction",104,"P","left paw",4.64439089914137,4,"ipsi",0
"squirrel_16","left lever","flinch",105,"P","left paw",4.65396035015752,3,"ipsi",0
"squirrel_16","left lever","flinch",106,"P","left paw",4.66343909411207,4,"ipsi",0
"squirrel_16","left lever","flinch",107,"P","left paw",4.67282883446191,5,"ipsi",0
"squirrel_18","left lever","no reaction",466,"P","both paws",6.14418563412565,2,"both",0
"squirrel_18","right lever","no reaction",467,"P","right paw",6.1463292576689,1,"ipsi",0
"squirrel_18","left lever","no reaction",468,"P","left paw",6.14846829591765,1,"ipsi",0
"squirrel_18","right lever","no reaction",469,"P","both paws",6.15060276844628,0,"both",0
"squirrel_18","left lever","no reaction",470,"P","both paws",6.1527326947041,1,"both",0
"squirrel_18","right lever","no reaction",471,"P","both paws",6.15485809401642,0,"both",0
"squirrel_18","right lever","no reaction",472,"P","right paw",6.15697898558556,1,"ipsi",0
"squirrel_18","left lever","no reaction",473,"P","both paws",6.15909538849193,1,"both",1
"squirrel_18","left lever","no reaction",474,"P","both paws",6.16120732169508,1,"both",1
"squirrel_18","right lever","no reaction",475,"P","both paws",6.16331480403464,0,"both",1
"squirrel_18","left lever","no reaction",476,"P","both paws",6.16541785423142,1,"both",1
"squirrel_18","right lever","no reaction",477,"P","both paws",6.16751649088834,0,"both",0
"squirrel_18","left lever","no reaction",478,"P","both paws",6.16961073249146,1,"both",0
"squirrel_18","right lever","no reaction",479,"P","right paw",6.17170059741091,1,"ipsi",0
"squirrel_18","left lever","no reaction",480,"P","right paw",6.17378610390194,2,"contra",0
"squirrel_18","right lever","no reaction",481,"P","right paw",6.17586727010576,1,"ipsi",0
"squirrel_18","right lever","no reaction",482,"P","right paw",6.1779441140506,0,"ipsi",0
"squirrel_18","left lever","no reaction",483,"P","both paws",6.18001665365257,1,"both",0
"squirrel_18","left lever","no reaction",484,"P","both paws",6.18208490671663,0,"both",0
"squirrel_18","right lever","no reaction",485,"P","both paws",6.18414889093748,1,"both",0
"squirrel_6","left lever","exit",492,"C","left paw",6.19847871649231,0,"ipsi",0
"squirrel_2","left lever","exit",38,"C","left paw",3.63758615972639,6,"ipsi",0
"squirrel_2","left lever","exit",39,"C","left paw",3.66356164612965,3,"ipsi",0
"squirrel_2","left lever","exit",40,"C","left paw",3.68887945411394,1,"ipsi",0
"squirrel_18","left lever","no reaction",486,"P","both paws",6.18620862390049,0,"both",0
"squirrel_18","left lever","no reaction",487,"P","right paw",6.18826412308259,0,"contra",1
"squirrel_18","left lever","no reaction",488,"P","both paws",6.19031540585315,0,"both",1
"squirrel_18","left lever","no reaction",489,"P","both paws",6.19236248947487,0,"both",1
"squirrel_18","left lever","no reaction",490,"P","both paws",6.19440539110467,0,"both",1
"squirrel_18","left lever","no reaction",491,"P","both paws",6.19644412779452,0,"both",1
"squirrel_18","left lever","no reaction",492,"P","both paws",6.19847871649231,0,"both",1
"squirrel_18","left lever","no reaction",493,"P","both paws",6.20050917404269,0,"both",0
"squirrel_18","left lever","no reaction",494,"P","both paws",6.20253551718792,0,"both",0
"squirrel_18","left lever","no reaction",495,"P","both paws",6.20455776256869,0,"both",0
"squirrel_23","left lever","exit",71,"P","right paw",4.26267987704132,8,"contra",0
"squirrel_23","left lever","exit",72,"P","right paw",4.27666611901606,0,"contra",0
"squirrel_23","left lever","flinch",73,"P","both paws",4.29045944114839,0,"both",0
"squirrel_18","left lever","no reaction",496,"P","both paws",6.20657592672493,0,"both",0
"squirrel_18","left lever","no reaction",497,"P","both paws",6.20859002609663,0,"both",0
"squirrel_18","left lever","no reaction",498,"P","both paws",6.21060007702465,0,"both",0
"squirrel_18","left lever","no reaction",499,"P","left paw",6.21260609575152,1,"ipsi",0
"squirrel_18","right lever","no reaction",500,"P","both paws",6.21460809842219,0,"both",1
"squirrel_18","right lever","no reaction",501,"P","right paw",6.21660610108486,0,"ipsi",1
"squirrel_18","right lever","no reaction",502,"P","both paws",6.21860011969173,0,"both",1
"squirrel_16","right lever","exit",108,"P","left paw",4.68213122712422,4,"contra",0
"squirrel_23","right lever","flinch",74,"P","right paw",4.30406509320417,5,"ipsi",0
"squirrel_23","right lever","exit",75,"P","left paw",4.31748811353631,0,"contra",0
"squirrel_23","right lever","exit",76,"P","right paw",4.33073334028633,1,"ipsi",0
"squirrel_23","right lever","flinch",77,"P","right paw",4.34380542185368,3,"ipsi",0
"squirrel_23","right lever","exit",78,"P","right paw",4.35670882668959,0,"ipsi",0
"squirrel_16","left lever","flinch",109,"P","left paw",4.69134788222914,3,"ipsi",0
"squirrel_16","right lever","no reaction",110,"P","both paws",4.70048036579242,0,"both",0
"squirrel_23","right lever","flinch",79,"P","right paw",4.36944785246702,1,"ipsi",0
"squirrel_23","right lever","exit",80,"P","right paw",4.38202663467388,0,"ipsi",0
"squirrel_23","right lever","flinch",81,"P","right paw",4.39444915467244,1,"ipsi",0
"squirrel_23","right lever","flinch",82,"P","right paw",4.40671924726425,1,"ipsi",0
"squirrel_23","right lever","flinch",83,"P","right paw",4.4188406077966,0,"ipsi",0
"squirrel_16","right lever","exit",111,"P","right paw",4.70953020131233,2,"ipsi",0
"squirrel_23","right lever","exit",84,"P","right paw",4.43081679884331,0,"ipsi",0
"squirrel_18","left lever","no reaction",503,"P","both paws",6.22059017009974,0,"both",0
"squirrel_18","left lever","no reaction",504,"P","left paw",6.22257626807137,0,"ipsi",0
"squirrel_23","left lever","flinch",85,"P","left paw",4.44265125649032,2,"ipsi",0
"squirrel_23","left lever","flinch",86,"P","left paw",4.45434729625351,0,"ipsi",0
"squirrel_23","right lever","exit",87,"P","right paw",4.46590811865458,0,"ipsi",0
"squirrel_23","right lever","no reaction",88,"P","right paw",4.47733681447821,2,"ipsi",0
"squirrel_23","right lever","exit",89,"P","right paw",4.48863636973214,2,"ipsi",0
"squirrel_16","left lever","flinch",112,"P","left paw",4.71849887129509,1,"ipsi",0
"squirrel_13","right lever","no reaction",22,"P","right paw",3.09104245335832,6,"ipsi",0
"squirrel_13","right lever","no reaction",23,"P","both paws",3.13549421592915,0,"both",0
"squirrel_13","right lever","no reaction",24,"P","both paws",3.17805383034795,0,"both",0
"squirrel_16","left lever","exit",113,"P","both paws",4.72738781871234,2,"both",0
"squirrel_18","right lever","no reaction",505,"P","right paw",6.22455842927536,1,"ipsi",1
"squirrel_13","right lever","no reaction",25,"P","both paws",3.2188758248682,0,"both",0
"squirrel_18","right lever","no reaction",506,"P","right paw",6.22653666928747,0,"ipsi",1
"squirrel_18","right lever","no reaction",507,"P","right paw",6.22851100359118,0,"ipsi",1
"squirrel_18","right lever","no reaction",508,"P","right paw",6.23048144757848,0,"ipsi",1
"squirrel_18","right lever","no reaction",509,"P","right paw",6.23244801655052,0,"ipsi",1
"squirrel_18","right lever","no reaction",510,"P","both paws",6.23441072571837,0,"both",1
"squirrel_18","right lever","no reaction",511,"P","both paws",6.2363695902037,0,"both",1
"squirrel_18","right lever","no reaction",512,"P","both paws",6.23832462503951,0,"both",1
"squirrel_18","right lever","no reaction",513,"P","both paws",6.24027584517077,0,"both",1
"squirrel_18","right lever","no reaction",514,"P","right paw",6.24222326545517,0,"ipsi",1
"squirrel_13","left lever","flinch",26,"P","left paw",3.25809653802148,2,"ipsi",0
"squirrel_18","right lever","no reaction",515,"P","both paws",6.24416690066374,0,"both",0
"squirrel_18","right lever","no reaction",516,"P","both paws",6.24610676548156,0,"both",0
"squirrel_18","right lever","no reaction",517,"P","both paws",6.24804287450843,0,"both",0
"squirrel_18","right lever","no reaction",518,"P","right paw",6.24997524225948,0,"ipsi",0
"squirrel_18","right lever","no reaction",519,"P","both paws",6.25190388316589,0,"both",0
"squirrel_13","right lever","no reaction",27,"P","right paw",3.29583686600433,1,"ipsi",0
"squirrel_13","right lever","no reaction",28,"P","both paws",3.3322045101752,2,"both",0
"squirrel_18","left lever","no reaction",520,"P","both paws",6.25382881157547,0,"both",1
"squirrel_23","left lever","no reaction",90,"P","left paw",4.49980967033027,1,"ipsi",0
"squirrel_23","left lever","no reaction",91,"P","left paw",4.51085950651685,0,"ipsi",0
"squirrel_16","left lever","exit",114,"P","both paws",4.7361984483945,0,"both",0
"squirrel_18","left lever","no reaction",521,"P","left paw",6.25575004175337,0,"ipsi",0
"squirrel_18","left lever","no reaction",522,"P","both paws",6.25766758788264,0,"both",0
"squirrel_23","left lever","exit",92,"P","right paw",4.52178857704904,0,"contra",0
"squirrel_16","left lever","exit",115,"P","left paw",4.74493212836325,0,"ipsi",0
"squirrel_23","left lever","no reaction",93,"P","left paw",4.53259949315326,1,"ipsi",0
"squirrel_23","right lever","no reaction",94,"P","right paw",4.54329478227,0,"ipsi",0
"squirrel_18","left lever","no reaction",523,"P","left paw",6.25958146406492,0,"ipsi",0
"squirrel_18","left lever","no reaction",524,"P","left paw",6.26149168432104,0,"ipsi",0
"squirrel_18","left lever","no reaction",525,"P","both paws",6.26339826259162,0,"both",0
"squirrel_23","right lever","flinch",95,"P","both paws",4.55387689160054,0,"both",0
"squirrel_18","left lever","no reaction",526,"P","both paws",6.26530121273771,0,"both",0
"squirrel_23","right lever","flinch",96,"P","right paw",4.56434819146784,1,"ipsi",0
"squirrel_16","right lever","exit",116,"P","right paw",4.75359019110636,3,"ipsi",0
"squirrel_16","right lever","alert",117,"P","right paw",4.76217393479776,2,"ipsi",0
"squirrel_16","left lever","exit",118,"P","left paw",4.77068462446567,2,"ipsi",0
"squirrel_16","right lever","exit",119,"P","right paw",4.77912349311153,1,"ipsi",0
"squirrel_16","left lever","flinch",120,"P","left paw",4.78749174278205,4,"ipsi",0
"squirrel_16","left lever","flinch",121,"P","left paw",4.79579054559674,2,"ipsi",0
"squirrel_16","right lever","flinch",122,"P","right paw",4.80402104473326,4,"ipsi",0
"squirrel_16","left lever","exit",123,"P","left paw",4.81218435537242,5,"ipsi",0
"squirrel_16","left lever","exit",124,"P","left paw",4.82028156560504,3,"ipsi",0
"squirrel_16","left lever","alert",125,"P","left paw",4.8283137373023,1,"ipsi",0
"squirrel_16","left lever","exit",126,"P","left paw",4.83628190695148,5,"ipsi",0
"squirrel_16","left lever","flinch",127,"P","left paw",4.84418708645859,1,"ipsi",0
"squirrel_16","left lever","exit",128,"P","left paw",4.85203026391962,2,"ipsi",0
"squirrel_16","left lever","exit",129,"P","left paw",4.85981240436167,1,"ipsi",0
"squirrel_16","left lever","alert",130,"P","right paw",4.86753445045558,1,"contra",0
"squirrel_16","left lever","exit",131,"P","right paw",4.87519732320115,2,"contra",0
"squirrel_16","left lever","flinch",132,"P","left paw",4.88280192258637,1,"ipsi",0
"squirrel_16","left lever","flinch",133,"P","left paw",4.89034912822175,2,"ipsi",0
"squirrel_16","left lever","flinch",134,"P","left paw",4.89783979995091,3,"ipsi",0
"squirrel_23","right lever","exit",97,"P","left paw",4.57471097850338,16,"contra",0
