"Subject","cumulative_visits","solves_per_visit","latency_to_first_solve","consumption","total_time_present","age","sex","log_cumulative_visits"
"squirrel_1",1,0,NA,0,46.666,"A","F",0
"squirrel_1",2,0,NA,0,5,"A","F",0.693147180559945
"squirrel_1",3,0,NA,0,7.17299999999999,"A","F",1.09861228866811
"squirrel_1",5,0,NA,0,5,"A","F",1.6094379124341
"squirrel_1",6,1,0.945999999999998,0,1.54599999999999,"A","F",1.79175946922805
"squirrel_1",7,0,NA,0,5,"A","F",1.94591014905531
"squirrel_1",8,0,NA,0,4,"A","F",2.07944154167984
"squirrel_1",9,0,NA,0,3.666,"A","F",2.19722457733622
"squirrel_1",10,1,0.408999999999992,0,1.642,"A","F",2.30258509299405
"squirrel_1",11,0,NA,0,31.767,"A","F",2.39789527279837
"squirrel_1",12,0,NA,0,5,"A","F",2.484906649788
"squirrel_1",13,1,4.96699999999998,0,5.40000000000001,"A","F",2.56494935746154
"squirrel_1",14,0,NA,0,9.64999999999998,"A","F",2.63905732961526
"squirrel_1",15,0,NA,0,9.00999999999999,"A","F",2.70805020110221
"squirrel_1",16,0,NA,0,7.49899999999997,"A","F",2.77258872223978
"squirrel_1",17,0,NA,1,209.331,"A","F",2.83321334405622
"squirrel_1",18,1,36.7,0,37.8000000000001,"A","F",2.89037175789616
"squirrel_1",19,0,NA,1,84.106,"A","F",2.94443897916644
"squirrel_1",20,0,NA,0,8.5,"A","F",2.99573227355399
"squirrel_1",21,1,16.167,0,16.529,"A","F",3.04452243772342
"squirrel_1",22,1,33.866,1,35.332,"A","F",3.09104245335832
"squirrel_1",23,0,NA,1,90.1659999999999,"A","F",3.13549421592915
"squirrel_1",24,0,NA,1,51.666,"A","F",3.17805383034795
"squirrel_1",25,0,NA,0,17.899,"A","F",3.2188758248682
"squirrel_1",26,0,NA,0,5,"A","F",3.25809653802148
"squirrel_1",27,0,NA,0,5.221,"A","F",3.29583686600433
"squirrel_1",28,0,NA,0,15,"A","F",3.3322045101752
"squirrel_1",29,0,NA,0,7.5,"A","F",3.36729582998647
"squirrel_1",30,0,NA,0,14.567,"A","F",3.40119738166216
"squirrel_1",31,0,NA,0,18.099,"A","F",3.43398720448515
"squirrel_1",32,0,NA,0,31.533,"A","F",3.46573590279973
"squirrel_1",33,0,NA,1,24.666,"A","F",3.49650756146648
"squirrel_1",34,0,NA,0,12.033,"A","F",3.52636052461616
"squirrel_1",35,0,NA,0,18.833,"A","F",3.55534806148941
"squirrel_1",36,0,NA,0,16.033,"A","F",3.58351893845611
"squirrel_1",37,0,NA,1,37.667,"A","F",3.61091791264422
"squirrel_1",38,0,NA,0,35.34,"A","F",3.63758615972639
"squirrel_1",39,0,NA,0,21.3000000000001,"A","F",3.66356164612965
"squirrel_1",40,1,30.1999999999999,1,94.5659999999999,"A","F",3.68887945411394
"squirrel_1",41,0,NA,0,19.1660000000001,"A","F",3.71357206670431
"squirrel_1",42,0,NA,1,45.1329999999999,"A","F",3.73766961828337
"squirrel_1",43,0,NA,1,28.633,"A","F",3.76120011569356
"squirrel_1",44,0,NA,1,124.066,"A","F",3.78418963391826
"squirrel_1",45,0,NA,1,65.112,"A","F",3.80666248977032
"squirrel_1",46,0,NA,0,45.033,"A","F",3.8286413964891
"squirrel_1",47,0,NA,1,95.3499999999999,"A","F",3.85014760171006
"squirrel_1",48,0,NA,0,29.366,"A","F",3.87120101090789
"squirrel_1",49,0,NA,0,39.6329999999998,"A","F",3.89182029811063
"squirrel_1",50,1,40.0999999999999,0,40.5,"A","F",3.91202300542815
"squirrel_1",51,0,NA,1,49.0989999999999,"A","F",3.93182563272433
"squirrel_1",52,1,148.802,1,180.508,"A","F",3.95124371858143
"squirrel_1",53,0,NA,1,29.2329999999999,"A","F",3.97029191355212
"squirrel_1",54,0,NA,1,228.351,"A","F",3.98898404656427
"squirrel_1",55,1,23.8400000000001,0,30.2070000000001,"A","F",4.00733318523247
"squirrel_1",56,1,10.833,1,11.1,"A","F",4.02535169073515
"squirrel_1",57,0,NA,1,29.666,"A","F",4.04305126783455
"squirrel_1",58,0,NA,0,13.567,"A","F",4.06044301054642
"squirrel_1",59,0,NA,0,5,"A","F",4.07753744390572
"squirrel_1",60,0,NA,0,3.10399999999998,"A","F",4.0943445622221
"squirrel_1",61,0,NA,0,9.166,"A","F",4.11087386417331
"squirrel_1",62,1,6.03399999999999,0,6.334,"A","F",4.12713438504509
"squirrel_1",63,0,NA,1,5,"A","F",4.14313472639153
"squirrel_1",64,0,NA,0,3.75800000000004,"A","F",4.15888308335967
"squirrel_1",65,0,NA,1,15.067,"A","F",4.17438726989564
"squirrel_1",67,1,14.433,0,14.833,"A","F",4.20469261939097
"squirrel_1",68,1,40.799,1,41.033,"A","F",4.21950770517611
"squirrel_1",69,0,NA,1,47.972,"A","F",4.23410650459726
"squirrel_1",70,1,9.43299999999999,1,9.56700000000001,"A","F",4.24849524204936
"squirrel_1",71,0,NA,1,25.066,"A","F",4.26267987704132
"squirrel_1",72,1,3.10000000000002,0,3.26700000000005,"A","F",4.27666611901606
"squirrel_1",73,1,15.2670000000001,1,20.633,"A","F",4.29045944114839
"squirrel_1",74,0,NA,1,15.567,"A","F",4.30406509320417
"squirrel_1",75,1,26.867,1,27.2,"A","F",4.31748811353631
"squirrel_1",76,0,NA,1,5,"A","F",4.33073334028633
"squirrel_1",77,0,NA,1,5,"A","F",4.34380542185368
"squirrel_1",78,0,NA,1,54.245,"A","F",4.35670882668959
"squirrel_1",79,0,NA,1,63.712,"A","F",4.36944785246702
"squirrel_1",80,0,NA,1,16.7670000000001,"A","F",4.38202663467388
"squirrel_1",81,0,NA,1,23.6669999999999,"A","F",4.39444915467244
"squirrel_1",82,0,NA,1,10.2340000000002,"A","F",4.40671924726425
"squirrel_1",83,0,NA,1,22.566,"A","F",4.4188406077966
"squirrel_1",84,0,NA,1,29.972,"A","F",4.43081679884331
"squirrel_1",85,0,NA,0,14.173,"A","F",4.44265125649032
"squirrel_1",86,2,41.799,1,68.5319999999999,"A","F",4.45434729625351
"squirrel_1",87,1,34.345,1,40.2449999999999,"A","F",4.46590811865458
"squirrel_1",88,0,NA,1,23.9669999999999,"A","F",4.47733681447821
"squirrel_1",89,0,NA,0,22.6659999999999,"A","F",4.48863636973214
"squirrel_1",90,0,NA,0,38.367,"A","F",4.49980967033027
"squirrel_1",91,0,NA,0,7.29999999999995,"A","F",4.51085950651685
"squirrel_1",92,1,4.26700000000005,0,4.40000000000009,"A","F",4.52178857704904
"squirrel_1",93,0,NA,1,47.866,"A","F",4.53259949315326
"squirrel_1",94,0,NA,1,28.373,"A","F",4.54329478227
"squirrel_1",95,0,NA,0,1.43299999999999,"A","F",4.55387689160054
"squirrel_1",96,1,17.0330000000001,1,17.1659999999999,"A","F",4.56434819146784
"squirrel_1",97,0,NA,1,15.0729999999999,"A","F",4.57471097850338
"squirrel_1",98,0,NA,0,6.7059999999999,"A","F",4.58496747867057
"squirrel_1",99,0,NA,1,47.4779999999998,"A","F",4.59511985013459
"squirrel_1",100,0,NA,1,80.575,"A","F",4.60517018598809
"squirrel_1",101,1,16.9339999999997,1,17.1999999999998,"A","F",4.61512051684126
"squirrel_1",102,0,NA,1,18.3719999999998,"A","F",4.62497281328427
"squirrel_1",103,1,18.9659999999999,1,25.9659999999999,"A","F",4.63472898822964
"squirrel_1",104,0,NA,1,5.30000000000001,"A","F",4.64439089914137
"squirrel_1",105,0,NA,1,9.16699999999997,"A","F",4.65396035015752
"squirrel_1",106,1,13.967,1,13.967,"A","F",4.66343909411207
"squirrel_1",107,0,NA,1,40.973,"A","F",4.67282883446191
"squirrel_1",108,1,17.433,0,17.6,"A","F",4.68213122712422
"squirrel_1",109,1,19.533,1,20.433,"A","F",4.69134788222914
"squirrel_1",110,0,NA,1,5.20000000000005,"A","F",4.70048036579242
"squirrel_1",111,1,3.23400000000004,0,3.93399999999997,"A","F",4.70953020131233
"squirrel_1",112,1,14.0329999999999,1,14.1999999999999,"A","F",4.71849887129509
"squirrel_1",113,1,24.633,1,24.6660000000001,"A","F",4.72738781871234
"squirrel_1",114,0,NA,1,13.133,"A","F",4.7361984483945
"squirrel_1",115,1,14.4670000000001,1,14.667,"A","F",4.74493212836325
"squirrel_1",116,1,29.806,1,5,"A","F",4.75359019110636
"squirrel_1",117,0,NA,1,17.2669999999999,"A","F",4.76217393479776
"squirrel_1",118,1,12.4670000000001,0,12.6000000000001,"A","F",4.77068462446567
"squirrel_1",119,0,NA,1,25,"A","F",4.77912349311153
"squirrel_1",120,2,1.50700000000006,1,51.3390000000002,"A","F",4.78749174278205
"squirrel_1",121,0,NA,0,10.3999999999999,"A","F",4.79579054559674
"squirrel_1",122,0,NA,1,15.2730000000001,"A","F",4.80402104473326
"squirrel_1",123,4,19.0669999999998,1,56.0999999999999,"A","F",4.81218435537242
"squirrel_1",124,3,7.4670000000001,1,22.807,"A","F",4.82028156560504
"squirrel_1",125,0,NA,1,8.73299999999995,"A","F",4.8283137373023
"squirrel_1",126,1,6.29999999999995,1,28.367,"A","F",4.83628190695148
"squirrel_1",127,0,NA,0,9.93299999999999,"A","F",4.84418708645859
"squirrel_1",128,0,NA,0,4.13300000000004,"A","F",4.85203026391962
"squirrel_1",129,0,NA,0,3.76600000000008,"A","F",4.85981240436167
"squirrel_1",130,0,NA,0,25.1329999999998,"A","F",4.86753445045558
"squirrel_1",131,1,44.206,1,44.506,"A","F",4.87519732320115
"squirrel_1",132,0,NA,0,9.05400000000001,"A","F",4.88280192258637
"squirrel_1",133,0,NA,1,20.547,"A","F",4.89034912822175
"squirrel_1",134,0,NA,0,12.126,"A","F",4.89783979995091
"squirrel_1",135,0,NA,0,1.07299999999999,"A","F",4.90527477843843
"squirrel_1",136,1,5.733,1,6.13300000000001,"A","F",4.91265488573605
"squirrel_1",137,0,NA,1,36.505,"A","F",4.91998092582813
"squirrel_1",138,0,NA,1,5,"A","F",4.92725368515721
"squirrel_1",139,1,12.354,0,8.767,"A","F",4.93447393313069
"squirrel_1",140,0,NA,1,5,"A","F",4.9416424226093
"squirrel_1",141,0,NA,0,24.454,"A","F",4.94875989037817
"squirrel_1",142,0,NA,0,4.96699999999998,"A","F",4.95582705760126
"squirrel_1",143,0,NA,0,5,"A","F",4.96284463025991
"squirrel_1",144,0,NA,0,4.53300000000002,"A","F",4.969813299576
"squirrel_1",145,1,4.93299999999999,1,34.433,"A","F",4.97673374242057
"squirrel_1",146,0,NA,1,28.039,"A","F",4.98360662170834
"squirrel_1",147,10,47.166,1,664.781,"A","F",4.99043258677874
"squirrel_1",148,12,132.285,1,5,"A","F",4.99721227376411
"squirrel_1",149,0,NA,1,13.9660000000001,"A","F",5.00394630594546
"squirrel_1",150,0,NA,1,11.067,"A","F",5.01063529409626
"squirrel_1",151,0,NA,0,2.46599999999989,"A","F",5.01727983681492
"squirrel_1",152,3,65.739,1,135.278,"A","F",5.02388052084628
"squirrel_1",153,0,NA,1,5,"A","F",5.03043792139244
"squirrel_1",154,6,39.4669999999996,1,245.044,"A","F",5.03695260241363
"squirrel_1",156,5,22.3400000000001,1,185.678,"A","F",5.04985600724954
"squirrel_1",157,2,7.90000000000009,1,5,"A","F",5.05624580534831
"squirrel_7",1,0,NA,1,94.679,"P","F",0
"squirrel_7",2,0,NA,0,10.3,"P","F",0.693147180559945
"squirrel_7",3,1,5.333,0,5.59900000000002,"P","F",1.09861228866811
"squirrel_7",4,1,29.373,1,29.74,"P","F",1.38629436111989
"squirrel_7",5,0,NA,1,39.833,"P","F",1.6094379124341
"squirrel_7",6,1,5.5,0,6.834,"P","F",1.79175946922805
"squirrel_7",7,0,NA,0,24.667,"P","F",1.94591014905531
"squirrel_7",8,2,6.80000000000001,0,8.43300000000005,"P","F",2.07944154167984
"squirrel_7",9,1,1.19999999999999,0,1.63299999999998,"P","F",2.19722457733622
"squirrel_7",10,1,78.8440000000001,0,79.878,"P","F",2.30258509299405
"squirrel_7",11,0,NA,0,5,"P","F",2.39789527279837
"squirrel_7",12,0,NA,1,28.82,"P","F",2.484906649788
"squirrel_7",13,0,NA,0,3.53399999999999,"P","F",2.56494935746154
"squirrel_7",14,1,11.939,1,12.7059999999999,"P","F",2.63905732961526
"squirrel_7",15,1,15.533,1,17.533,"P","F",2.70805020110221
"squirrel_7",16,1,621.134,1,22.166,"P","F",2.77258872223978
"squirrel_7",17,0,NA,0,17.166,"P","F",2.83321334405622
"squirrel_7",18,1,3.06700000000001,0,5.5,"P","F",2.89037175789616
"squirrel_7",19,1,22.1,0,30.667,"P","F",2.94443897916644
"squirrel_7",20,0,NA,0,26.7,"P","F",2.99573227355399
"squirrel_7",21,1,67.812,1,2.767,"P","F",3.04452243772342
"squirrel_7",22,1,48.585,0,49.3190000000001,"P","F",3.09104245335832
"squirrel_7",23,0,NA,0,3.76599999999996,"P","F",3.13549421592915
"squirrel_7",24,0,NA,0,17.6990000000001,"P","F",3.17805383034795
"squirrel_7",25,2,29.506,1,59.8720000000001,"P","F",3.2188758248682
"squirrel_7",26,0,NA,0,26.813,"P","F",3.25809653802148
"squirrel_8",1,0,NA,0,35.533,"P","F",0
"squirrel_8",2,0,NA,0,5,"P","F",0.693147180559945
"squirrel_8",3,1,6.47300000000001,0,7.47300000000001,"P","F",1.09861228866811
"squirrel_8",4,0,NA,1,62.566,"P","F",1.38629436111989
"squirrel_8",5,0,NA,0,7.59999999999999,"P","F",1.6094379124341
"squirrel_8",6,0,NA,0,20.133,"P","F",1.79175946922805
"squirrel_8",7,0,NA,0,3.33300000000003,"P","F",1.94591014905531
"squirrel_8",8,0,NA,1,54.866,"P","F",2.07944154167984
"squirrel_8",9,0,NA,0,31.1990000000001,"P","F",2.19722457733622
"squirrel_8",10,0,NA,0,8.03300000000002,"P","F",2.30258509299405
"squirrel_8",11,0,NA,0,47.599,"P","F",2.39789527279837
"squirrel_8",12,0,NA,0,7.64700000000002,"P","F",2.484906649788
"squirrel_8",13,0,NA,0,13.346,"P","F",2.56494935746154
"squirrel_8",14,0,NA,0,5,"P","F",2.63905732961526
"squirrel_8",16,0,NA,0,4.53300000000002,"P","F",2.77258872223978
"squirrel_8",17,0,NA,0,1.5,"P","F",2.83321334405622
"squirrel_8",18,0,NA,0,59.3050000000001,"P","F",2.89037175789616
"squirrel_8",19,1,6.56700000000001,0,6.83299999999997,"P","F",2.94443897916644
"squirrel_8",20,0,NA,0,335.33,"P","F",2.99573227355399
"squirrel_8",21,0,NA,1,43.899,"P","F",3.04452243772342
"squirrel_8",22,0,NA,0,14.267,"P","F",3.09104245335832
"squirrel_8",23,0,NA,0,5,"P","F",3.13549421592915
"squirrel_8",24,0,NA,0,10.478,"P","F",3.17805383034795
"squirrel_8",25,0,NA,0,12.1,"P","F",3.2188758248682
"squirrel_8",26,0,NA,0,3.54000000000002,"P","F",3.25809653802148
"squirrel_8",27,0,NA,0,39.973,"P","F",3.29583686600433
"squirrel_8",28,0,NA,0,5,"P","F",3.3322045101752
"squirrel_8",29,0,NA,0,1.46700000000001,"P","F",3.36729582998647
"squirrel_8",30,0,NA,0,5,"P","F",3.40119738166216
"squirrel_8",31,0,NA,0,2.95600000000002,"P","F",3.43398720448515
"squirrel_8",32,0,NA,0,2.584,"P","F",3.46573590279973
"squirrel_8",33,0,NA,0,3.09999999999997,"P","F",3.49650756146648
"squirrel_8",34,0,NA,0,10.934,"P","F",3.52636052461616
"squirrel_8",35,0,NA,0,5,"P","F",3.55534806148941
"squirrel_8",36,0,NA,0,11.36,"P","F",3.58351893845611
"squirrel_8",37,0,NA,0,5,"P","F",3.61091791264422
"squirrel_8",38,0,NA,0,1.02699999999999,"P","F",3.63758615972639
"squirrel_8",39,0,NA,0,5.13299999999998,"P","F",3.66356164612965
"squirrel_8",40,0,NA,0,5.13299999999998,"P","F",3.68887945411394
"squirrel_8",41,0,NA,1,164.683,"P","F",3.71357206670431
"squirrel_8",42,0,NA,0,10.5,"P","F",3.73766961828337
"squirrel_8",43,0,NA,0,5,"P","F",3.76120011569356
"squirrel_8",44,0,NA,0,6.63400000000001,"P","F",3.78418963391826
"squirrel_8",45,0,NA,1,13.771,"P","F",3.80666248977032
"squirrel_8",46,0,NA,1,5,"P","F",3.8286413964891
"squirrel_8",47,0,NA,1,17.24,"P","F",3.85014760171006
"squirrel_8",48,0,NA,0,2.10000000000014,"P","F",3.87120101090789
"squirrel_8",49,0,NA,0,26.567,"P","F",3.89182029811063
"squirrel_8",50,0,NA,1,10.2340000000002,"P","F",3.91202300542815
"squirrel_8",51,0,NA,1,5,"P","F",3.93182563272433
"squirrel_8",52,0,NA,0,8.68599999999992,"P","F",3.95124371858143
"squirrel_8",53,0,NA,0,2.80000000000018,"P","F",3.97029191355212
"squirrel_8",54,0,NA,1,27.2329999999999,"P","F",3.98898404656427
"squirrel_8",55,0,NA,1,5,"P","F",4.00733318523247
"squirrel_8",56,0,NA,0,5,"P","F",4.02535169073515
"squirrel_8",57,0,NA,1,5,"P","F",4.04305126783455
"squirrel_8",58,0,NA,0,9.10000000000014,"P","F",4.06044301054642
"squirrel_8",59,0,NA,0,5,"P","F",4.07753744390572
"squirrel_8",60,0,NA,1,2.6,"P","F",4.0943445622221
"squirrel_8",61,0,NA,0,20.233,"P","F",4.11087386417331
"squirrel_8",62,0,NA,0,3.333,"P","F",4.12713438504509
"squirrel_8",63,0,NA,0,6.867,"P","F",4.14313472639153
"squirrel_8",64,0,NA,0,12.766,"P","F",4.15888308335967
"squirrel_8",65,0,NA,0,2.733,"P","F",4.17438726989564
"squirrel_8",66,0,NA,1,47.766,"P","F",4.18965474202643
"squirrel_8",67,0,NA,0,19.2,"P","F",4.20469261939097
"squirrel_8",68,0,NA,0,48.433,"P","F",4.21950770517611
"squirrel_8",69,0,NA,0,18.434,"P","F",4.23410650459726
"squirrel_8",70,0,NA,1,13.967,"P","F",4.24849524204936
"squirrel_8",71,0,NA,1,9.90600000000001,"P","F",4.26267987704132
"squirrel_8",72,0,NA,1,7.80000000000001,"P","F",4.27666611901606
"squirrel_8",73,0,NA,1,12.333,"P","F",4.29045944114839
"squirrel_8",74,0,NA,1,20.433,"P","F",4.30406509320417
"squirrel_8",75,0,NA,0,4.63400000000001,"P","F",4.31748811353631
"squirrel_8",77,0,NA,0,6.76599999999996,"P","F",4.34380542185368
"squirrel_8",78,0,NA,0,8.29999999999995,"P","F",4.35670882668959
"squirrel_8",79,0,NA,0,5.36599999999999,"P","F",4.36944785246702
"squirrel_8",81,0,NA,1,15.3670000000001,"P","F",4.39444915467244
"squirrel_8",82,0,NA,1,12.239,"P","F",4.40671924726425
"squirrel_8",83,0,NA,1,27.033,"P","F",4.4188406077966
"squirrel_8",84,0,NA,1,11.6,"P","F",4.43081679884331
"squirrel_8",85,0,NA,0,7.53300000000002,"P","F",4.44265125649032
"squirrel_8",86,0,NA,0,8.93299999999999,"P","F",4.45434729625351
"squirrel_8",87,1,2.73299999999995,0,3.76700000000005,"P","F",4.46590811865458
"squirrel_8",88,0,NA,0,7.36699999999996,"P","F",4.47733681447821
"squirrel_8",89,0,NA,0,8.73400000000015,"P","F",4.48863636973214
"squirrel_8",90,0,NA,0,3.16699999999992,"P","F",4.49980967033027
"squirrel_8",91,0,NA,0,14.0329999999999,"P","F",4.51085950651685
"squirrel_8",92,0,NA,1,22.3400000000001,"P","F",4.52178857704904
"squirrel_8",93,0,NA,0,7.96600000000012,"P","F",4.53259949315326
"squirrel_8",94,0,NA,0,9.93399999999997,"P","F",4.54329478227
"squirrel_8",95,0,NA,0,11.867,"P","F",4.55387689160054
"squirrel_8",96,0,NA,1,12.173,"P","F",4.56434819146784
"squirrel_8",97,0,NA,0,3.76600000000008,"P","F",4.57471097850338
"squirrel_8",98,0,NA,1,27.7670000000001,"P","F",4.58496747867057
"squirrel_8",99,0,NA,0,5,"P","F",4.59511985013459
"squirrel_8",100,0,NA,0,22.7329999999999,"P","F",4.60517018598809
"squirrel_8",101,0,NA,1,46.866,"P","F",4.61512051684126
"squirrel_8",102,0,NA,0,2.23399999999992,"P","F",4.62497281328427
"squirrel_8",103,0,NA,0,5.63300000000004,"P","F",4.63472898822964
"squirrel_8",104,0,NA,0,14.0329999999999,"P","F",4.64439089914137
"squirrel_8",105,1,108.549,0,8.36599999999999,"P","F",4.65396035015752
"squirrel_8",107,0,NA,0,16.3670000000002,"P","F",4.67282883446191
"squirrel_8",108,0,NA,0,2.83399999999983,"P","F",4.68213122712422
"squirrel_8",109,0,NA,0,8.33399999999983,"P","F",4.69134788222914
"squirrel_8",110,0,NA,0,11.4659999999999,"P","F",4.70048036579242
"squirrel_8",111,0,NA,0,30.2729999999999,"P","F",4.70953020131233
"squirrel_8",112,0,NA,0,6.20600000000002,"P","F",4.71849887129509
"squirrel_8",113,0,NA,1,90.999,"P","F",4.72738781871234
"squirrel_8",114,0,NA,1,75.932,"P","F",4.7361984483945
"squirrel_8",115,0,NA,0,15.466,"P","F",4.74493212836325
"squirrel_8",116,0,NA,0,26.111,"P","F",4.75359019110636
"squirrel_8",117,0,NA,0,10.572,"P","F",4.76217393479776
"squirrel_8",118,0,NA,0,17.4789999999999,"P","F",4.77068462446567
"squirrel_8",119,0,NA,0,4.29999999999995,"P","F",4.77912349311153
"squirrel_8",121,0,NA,0,15.367,"P","F",4.79579054559674
"squirrel_8",122,1,7.634,1,7.9,"P","F",4.80402104473326
"squirrel_8",123,0,NA,0,5,"P","F",4.81218435537242
"squirrel_8",124,1,3.06,1,3.26,"P","F",4.82028156560504
"squirrel_8",125,0,NA,1,21.007,"P","F",4.8283137373023
"squirrel_8",126,1,3.76599999999999,0,4.09999999999999,"P","F",4.83628190695148
"squirrel_8",127,1,2.854,0,2.973,"P","F",4.84418708645859
"squirrel_8",128,1,24.6,1,25.033,"P","F",4.85203026391962
"squirrel_8",129,0,NA,1,5,"P","F",4.85981240436167
"squirrel_8",130,2,8.19999999999999,0,8.59999999999999,"P","F",4.86753445045558
"squirrel_8",131,0,NA,1,20,"P","F",4.87519732320115
"squirrel_8",132,0,NA,0,10.8,"P","F",4.88280192258637
"squirrel_8",133,0,NA,0,17.033,"P","F",4.89034912822175
"squirrel_8",135,1,163.81,1,164.177,"P","F",4.90527477843843
"squirrel_8",136,0,NA,1,25.173,"P","F",4.91265488573605
"squirrel_8",138,0,NA,0,10.067,"P","F",4.92725368515721
"squirrel_8",139,0,NA,0,5.5,"P","F",4.93447393313069
"squirrel_8",140,0,NA,0,2.16699999999992,"P","F",4.9416424226093
"squirrel_8",142,0,NA,0,2.9670000000001,"P","F",4.95582705760126
"squirrel_8",143,0,NA,0,5.5,"P","F",4.96284463025991
"squirrel_8",144,0,NA,1,5,"P","F",4.969813299576
"squirrel_8",145,0,NA,0,9.10699999999997,"P","F",4.97673374242057
"squirrel_8",146,0,NA,0,2.26700000000005,"P","F",4.98360662170834
"squirrel_8",147,0,NA,0,1.80000000000007,"P","F",4.99043258677874
"squirrel_8",149,0,NA,0,1.33400000000006,"P","F",5.00394630594546
"squirrel_8",151,0,NA,1,3.66700000000014,"P","F",5.01727983681492
"squirrel_8",155,0,NA,0,2.13300000000004,"P","F",5.04342511691925
"squirrel_8",156,0,NA,0,2,"P","F",5.04985600724954
"squirrel_8",157,0,NA,0,1.09999999999991,"P","F",5.05624580534831
"squirrel_8",158,0,NA,0,2.06700000000001,"P","F",5.06259503302697
"squirrel_8",159,0,NA,1,5.53300000000013,"P","F",5.06890420222023
"squirrel_8",162,0,NA,0,57.6729999999998,"P","F",5.08759633523238
"squirrel_8",163,0,NA,0,5,"P","F",5.09375020080676
"squirrel_8",164,1,18.0329999999999,0,18.2999999999997,"P","F",5.0998664278242
"squirrel_8",165,0,NA,0,57.232,"P","F",5.10594547390058
"squirrel_8",166,0,NA,0,13.2669999999998,"P","F",5.11198778835654
"squirrel_8",167,0,NA,0,68.0660000000003,"P","F",5.11799381241676
"squirrel_2",1,9,37.133,1,132.965,"A","F",0
"squirrel_2",2,4,10.7,1,60.533,"A","F",0.693147180559945
"squirrel_2",3,2,8.90000000000003,1,50.133,"A","F",1.09861228866811
"squirrel_2",4,5,31.973,1,32.173,"A","F",1.38629436111989
"squirrel_2",5,2,1.833,1,39.706,"A","F",1.6094379124341
"squirrel_2",6,0,NA,0,3.93300000000002,"A","F",1.79175946922805
"squirrel_2",7,0,NA,0,12.207,"A","F",1.94591014905531
"squirrel_2",8,2,2.04000000000002,1,10.807,"A","F",2.07944154167984
"squirrel_2",9,3,33.433,1,62.4,"A","F",2.19722457733622
"squirrel_2",10,2,10.366,1,22.2330000000001,"A","F",2.30258509299405
"squirrel_2",11,1,18.057,1,32.1229999999999,"A","F",2.39789527279837
"squirrel_2",12,7,104.045,1,49.2329999999999,"A","F",2.484906649788
"squirrel_2",13,1,86.2660000000001,1,86.466,"A","F",2.56494935746154
"squirrel_2",14,1,104.772,1,105.172,"A","F",2.63905732961526
"squirrel_2",15,1,56.973,1,57.1390000000001,"A","F",2.70805020110221
"squirrel_2",16,0,NA,1,5,"A","F",2.77258872223978
"squirrel_3",1,0,NA,0,5,"A","M",0
"squirrel_3",2,0,NA,0,37.667,"A","M",0.693147180559945
"squirrel_3",3,1,70.332,1,70.699,"A","M",1.09861228866811
"squirrel_3",4,1,59.7330000000001,1,60.366,"A","M",1.38629436111989
"squirrel_3",5,1,91.606,1,92.0719999999999,"A","M",1.6094379124341
"squirrel_3",6,3,65.6329999999999,1,167.978,"A","M",1.79175946922805
"squirrel_3",7,2,13.1999999999999,1,167.645,"A","M",1.94591014905531
"squirrel_3",8,2,78.7720000000002,0,109.372,"A","M",2.07944154167984
"squirrel_3",9,0,NA,0,58.8720000000001,"A","M",2.19722457733622
"squirrel_3",10,2,48.539,0,150.111,"A","M",2.30258509299405
"squirrel_3",11,9,35.039,1,297.36,"A","M",2.39789527279837
"squirrel_3",12,3,38.373,1,150.211,"A","M",2.484906649788
"squirrel_3",13,9,21.539,1,209.755,"A","M",2.56494935746154
"squirrel_4",1,0,NA,0,79.099,"A","F",0
"squirrel_4",2,0,NA,0,59.232,"A","F",0.693147180559945
"squirrel_4",3,0,NA,0,1.46600000000001,"A","F",1.09861228866811
"squirrel_4",4,0,NA,0,9.69999999999993,"A","F",1.38629436111989
"squirrel_4",5,0,NA,0,5,"A","F",1.6094379124341
"squirrel_4",6,0,NA,0,5,"A","F",1.79175946922805
"squirrel_4",7,0,NA,0,66.672,"A","F",1.94591014905531
"squirrel_4",8,0,NA,1,11.8330000000001,"A","F",2.07944154167984
"squirrel_4",9,0,NA,1,32.2250000000001,"A","F",2.19722457733622
"squirrel_4",10,0,NA,1,17.533,"A","F",2.30258509299405
"squirrel_4",11,0,NA,0,6.06700000000001,"A","F",2.39789527279837
"squirrel_4",12,0,NA,0,5,"A","F",2.484906649788
"squirrel_4",13,0,NA,1,9.72499999999991,"A","F",2.56494935746154
"squirrel_4",14,0,NA,0,3.53399999999999,"A","F",2.63905732961526
"squirrel_4",15,0,NA,0,4.46699999999998,"A","F",2.70805020110221
"squirrel_4",17,0,NA,1,12.866,"A","F",2.83321334405622
"squirrel_4",18,0,NA,0,5,"A","F",2.89037175789616
"squirrel_4",19,0,NA,1,12.3680000000001,"A","F",2.94443897916644
"squirrel_4",20,0,NA,0,5,"A","F",2.99573227355399
"squirrel_4",21,0,NA,1,5,"A","F",3.04452243772342
"squirrel_4",22,0,NA,0,1.471,"A","F",3.09104245335832
"squirrel_4",23,0,NA,0,5,"A","F",3.13549421592915
"squirrel_4",24,1,27.033,1,31.633,"A","F",3.17805383034795
"squirrel_4",25,0,NA,0,1.16200000000003,"A","F",3.2188758248682
"squirrel_4",26,0,NA,0,5,"A","F",3.25809653802148
"squirrel_4",27,1,4.43299999999999,1,5.74400000000003,"A","F",3.29583686600433
"squirrel_4",28,0,NA,0,2.36699999999996,"A","F",3.3322045101752
"squirrel_4",29,0,NA,0,20.5989999999999,"A","F",3.36729582998647
"squirrel_4",30,0,NA,0,14.2,"A","F",3.40119738166216
"squirrel_4",31,0,NA,0,27.0999999999999,"A","F",3.43398720448515
"squirrel_4",32,1,5.43299999999999,0,5.70000000000005,"A","F",3.46573590279973
"squirrel_4",33,1,18.8329999999999,1,19.133,"A","F",3.49650756146648
"squirrel_4",34,1,42.3000000000002,1,99.8510000000001,"A","F",3.52636052461616
"squirrel_4",35,0,NA,0,6.56700000000001,"A","F",3.55534806148941
"squirrel_4",36,0,NA,0,21.7070000000001,"A","F",3.58351893845611
"squirrel_4",37,0,NA,0,19.2329999999999,"A","F",3.61091791264422
"squirrel_4",38,0,NA,0,10.433,"A","F",3.63758615972639
"squirrel_4",39,0,NA,0,3.93399999999997,"A","F",3.66356164612965
"squirrel_4",40,1,22.3000000000002,1,26.433,"A","F",3.68887945411394
"squirrel_4",41,0,NA,0,4.5329999999999,"A","F",3.71357206670431
"squirrel_4",42,0,NA,0,5.13300000000004,"A","F",3.73766961828337
"squirrel_4",43,0,NA,0,6.09999999999991,"A","F",3.76120011569356
"squirrel_4",44,1,39.9060000000002,0,40.2060000000001,"A","F",3.78418963391826
"squirrel_4",45,0,NA,0,26.5719999999999,"A","F",3.80666248977032
"squirrel_4",46,0,NA,0,3.59999999999991,"A","F",3.8286413964891
"squirrel_4",47,0,NA,0,5,"A","F",3.85014760171006
"squirrel_4",48,1,28.7729999999999,0,28.9389999999999,"A","F",3.87120101090789
"squirrel_4",49,0,NA,0,5,"A","F",3.89182029811063
"squirrel_4",50,0,NA,1,42.0049999999999,"A","F",3.91202300542815
"squirrel_4",51,0,NA,0,19.9670000000001,"A","F",3.93182563272433
"squirrel_4",52,1,2.70000000000005,0,3.06700000000001,"A","F",3.95124371858143
"squirrel_4",53,1,1.20000000000005,0,1.43299999999999,"A","F",3.97029191355212
"squirrel_4",54,0,NA,1,5,"A","F",3.98898404656427
"squirrel_4",55,0,NA,1,5,"A","F",4.00733318523247
"squirrel_4",56,1,5.03300000000013,0,5,"A","F",4.02535169073515
"squirrel_4",57,0,NA,0,5,"A","F",4.04305126783455
"squirrel_4",58,1,18.5520000000001,0,18.9180000000001,"A","F",4.06044301054642
"squirrel_4",60,1,3.0329999999999,0,3.30000000000018,"A","F",4.0943445622221
"squirrel_4",61,0,NA,1,18.8000000000002,"A","F",4.11087386417331
"squirrel_4",62,1,6.27199999999993,1,6.47200000000021,"A","F",4.12713438504509
"squirrel_4",63,1,0.866,0,1.233,"A","F",4.14313472639153
"squirrel_4",64,0,NA,1,67.566,"A","F",4.15888308335967
"squirrel_4",65,0,NA,0,1.366,"A","F",4.17438726989564
"squirrel_4",66,0,NA,0,12.633,"A","F",4.18965474202643
"squirrel_4",67,0,NA,0,3.167,"A","F",4.20469261939097
"squirrel_4",68,0,NA,0,3.3,"A","F",4.21950770517611
"squirrel_4",69,0,NA,1,91.099,"A","F",4.23410650459726
"squirrel_4",70,0,NA,0,35.633,"A","F",4.24849524204936
"squirrel_4",71,0,NA,0,20.6,"A","F",4.26267987704132
"squirrel_4",72,0,NA,0,10.834,"A","F",4.27666611901606
"squirrel_4",73,0,NA,0,2.26600000000002,"A","F",4.29045944114839
"squirrel_4",75,1,3.86699999999996,1,8.36699999999996,"A","F",4.31748811353631
"squirrel_4",76,0,NA,0,3.60000000000002,"A","F",4.33073334028633
"squirrel_4",77,1,2.36700000000002,0,2.63400000000001,"A","F",4.34380542185368
"squirrel_4",78,0,NA,1,4.93899999999996,"A","F",4.35670882668959
"squirrel_4",79,1,2.733,1,3.43299999999999,"A","F",4.36944785246702
"squirrel_4",80,1,9.63299999999998,0,9.96699999999998,"A","F",4.38202663467388
"squirrel_4",81,0,NA,0,1.69999999999993,"A","F",4.39444915467244
"squirrel_4",82,0,NA,0,3.56700000000001,"A","F",4.40671924726425
"squirrel_4",83,0,NA,1,11.3670000000001,"A","F",4.4188406077966
"squirrel_4",84,4,12.433,1,13.4000000000001,"A","F",4.43081679884331
"squirrel_4",85,1,4.83399999999995,0,5,"A","F",4.44265125649032
"squirrel_4",86,0,NA,0,2.76699999999994,"A","F",4.45434729625351
"squirrel_4",87,1,1.10000000000002,0,1.73400000000004,"A","F",4.46590811865458
"squirrel_4",89,0,NA,0,12.5,"A","F",4.48863636973214
"squirrel_4",90,1,4.66700000000003,0,4.79999999999995,"A","F",4.49980967033027
"squirrel_4",91,1,15.499,1,15.6990000000001,"A","F",4.51085950651685
"squirrel_4",92,1,17.4000000000001,1,18.4330000000001,"A","F",4.52178857704904
"squirrel_4",93,0,NA,1,28.333,"A","F",4.53259949315326
"squirrel_4",94,1,3.33400000000006,0,4.06700000000001,"A","F",4.54329478227
"squirrel_4",95,0,NA,1,17.6660000000001,"A","F",4.55387689160054
"squirrel_4",97,0,NA,1,22.1669999999999,"A","F",4.57471097850338
"squirrel_4",98,0,NA,0,12.8399999999999,"A","F",4.58496747867057
"squirrel_4",99,0,NA,0,11.1669999999999,"A","F",4.59511985013459
"squirrel_4",100,1,13.8989999999999,0,14.3330000000001,"A","F",4.60517018598809
"squirrel_4",101,0,NA,0,1.60000000000014,"A","F",4.61512051684126
"squirrel_4",102,1,1.30700000000002,0,2.84000000000015,"A","F",4.62497281328427
"squirrel_4",103,1,9.16599999999994,0,10.2,"A","F",4.63472898822964
"squirrel_4",104,1,3.76699999999983,0,4.36699999999996,"A","F",4.64439089914137
"squirrel_4",105,1,10.6999999999998,1,17.0329999999999,"A","F",4.65396035015752
"squirrel_4",106,1,3.9670000000001,0,4.33400000000006,"A","F",4.66343909411207
"squirrel_4",107,1,2,0,2.33399999999983,"A","F",4.67282883446191
"squirrel_4",108,0,NA,0,6.673,"A","F",4.68213122712422
"squirrel_4",109,0,NA,0,2.76600000000008,"A","F",4.69134788222914
"squirrel_4",110,0,NA,0,5,"A","F",4.70048036579242
"squirrel_4",111,0,NA,0,5,"A","F",4.70953020131233
"squirrel_4",112,1,5.90000000000009,0,6.33300000000008,"A","F",4.71849887129509
"squirrel_4",113,0,NA,0,21.1669999999999,"A","F",4.72738781871234
"squirrel_4",114,0,NA,0,11.4000000000001,"A","F",4.7361984483945
"squirrel_4",115,0,NA,0,16.6659999999999,"A","F",4.74493212836325
"squirrel_4",116,0,NA,0,4.33299999999986,"A","F",4.75359019110636
"squirrel_4",117,0,NA,0,6.76699999999983,"A","F",4.76217393479776
"squirrel_4",118,0,NA,0,1.20700000000011,"A","F",4.77068462446567
"squirrel_4",119,0,NA,1,40.0999999999999,"A","F",4.77912349311153
"squirrel_4",120,0,NA,0,12.5659999999998,"A","F",4.78749174278205
"squirrel_4",121,0,NA,0,11.5329999999999,"A","F",4.79579054559674
"squirrel_4",122,0,NA,0,4.53400000000011,"A","F",4.80402104473326
"squirrel_4",123,0,NA,0,2.86699999999973,"A","F",4.81218435537242
"squirrel_4",124,0,NA,0,3.13400000000001,"A","F",4.82028156560504
"squirrel_4",125,0,NA,0,9.9340000000002,"A","F",4.8283137373023
"squirrel_4",126,2,2014.49,1,5.83300000000003,"A","F",4.83628190695148
"squirrel_4",127,1,8.03299999999999,1,15.2,"A","F",4.84418708645859
"squirrel_4",128,4,2.59999999999991,1,3.09999999999991,"A","F",4.85203026391962
"squirrel_4",129,1,46.766,1,46.966,"A","F",4.85981240436167
"squirrel_4",130,0,NA,0,14.6999999999999,"A","F",4.86753445045558
"squirrel_4",131,0,NA,0,30,"A","F",4.87519732320115
"squirrel_4",132,1,18.466,0,21.366,"A","F",4.88280192258637
"squirrel_4",133,0,NA,0,5,"A","F",4.89034912822175
"squirrel_4",134,0,NA,0,8.26699999999994,"A","F",4.89783979995091
"squirrel_4",135,3,2.48399999999992,0,2.48500000000001,"A","F",4.90527477843843
"squirrel_4",136,0,NA,0,52.545,"A","F",4.91265488573605
"squirrel_4",137,0,NA,0,2.5,"A","F",4.91998092582813
"squirrel_4",138,0,NA,0,10.867,"A","F",4.92725368515721
"squirrel_4",139,0,NA,0,2.20000000000005,"A","F",4.93447393313069
"squirrel_4",140,16,6.73299999999995,1,86.2180000000001,"A","F",4.9416424226093
"squirrel_4",141,0,NA,1,17.6789999999999,"A","F",4.94875989037817
"squirrel_4",142,0,NA,0,6.39999999999986,"A","F",4.95582705760126
"squirrel_4",143,0,NA,0,28.366,"A","F",4.96284463025991
"squirrel_4",144,1,8.16699999999992,0,5,"A","F",4.969813299576
"squirrel_4",145,0,NA,1,43.4120000000003,"A","F",4.97673374242057
"squirrel_4",146,1,8.90000000000009,1,30.3049999999998,"A","F",4.98360662170834
"squirrel_4",147,0,NA,0,2.30000000000018,"A","F",4.99043258677874
"squirrel_4",148,5,2.66600000000017,1,3,"A","F",4.99721227376411
"squirrel_4",149,0,NA,1,95.866,"A","F",5.00394630594546
"squirrel_4",150,0,NA,0,24.533,"A","F",5.01063529409626
"squirrel_4",151,1,0.899999999999977,1,69.566,"A","F",5.01727983681492
"squirrel_4",152,8,7.166,1,196.198,"A","F",5.02388052084628
"squirrel_5",1,0,NA,0,3.7,"A","M",0
"squirrel_5",2,0,NA,0,25.199,"A","M",0.693147180559945
"squirrel_5",3,1,14.133,0,14.133,"A","M",1.09861228866811
"squirrel_5",4,0,NA,1,36.366,"A","M",1.38629436111989
"squirrel_5",5,0,NA,0,15.5,"A","M",1.6094379124341
"squirrel_5",6,0,NA,0,18.306,"A","M",1.79175946922805
"squirrel_5",7,1,86.599,1,86.833,"A","M",1.94591014905531
"squirrel_5",8,0,NA,1,11.3,"A","M",2.07944154167984
"squirrel_5",9,0,NA,0,17.4,"A","M",2.19722457733622
"squirrel_5",10,0,NA,0,5.60000000000002,"A","M",2.30258509299405
"squirrel_5",11,0,NA,0,24.766,"A","M",2.39789527279837
"squirrel_5",12,0,NA,0,28.733,"A","M",2.484906649788
"squirrel_5",13,0,NA,0,22.733,"A","M",2.56494935746154
"squirrel_5",14,1,44.133,1,44.533,"A","M",2.63905732961526
"squirrel_5",15,0,NA,1,90.199,"A","M",2.70805020110221
"squirrel_5",16,1,14.067,0,14.5999999999999,"A","M",2.77258872223978
"squirrel_5",17,0,NA,0,1.23400000000004,"A","M",2.83321334405622
"squirrel_5",18,0,NA,1,19.967,"A","M",2.89037175789616
"squirrel_5",19,0,NA,0,5.36699999999996,"A","M",2.94443897916644
"squirrel_5",20,0,NA,0,12.5,"A","M",2.99573227355399
"squirrel_5",21,1,3.06700000000001,0,5.10000000000002,"A","M",3.04452243772342
"squirrel_5",22,1,15.2660000000001,0,15.833,"A","M",3.09104245335832
"squirrel_5",23,1,26.367,1,26.6,"A","M",3.13549421592915
"squirrel_5",24,0,NA,1,26.2670000000001,"A","M",3.17805383034795
"squirrel_5",25,0,NA,0,4.16700000000003,"A","M",3.2188758248682
"squirrel_5",26,1,17.033,0,5,"A","M",3.25809653802148
"squirrel_5",27,0,NA,1,64.433,"A","M",3.29583686600433
"squirrel_5",28,0,NA,0,6.16699999999997,"A","M",3.3322045101752
"squirrel_5",29,0,NA,0,16.366,"A","M",3.36729582998647
"squirrel_5",30,0,NA,0,5,"A","M",3.40119738166216
"squirrel_5",31,1,7.72699999999998,1,7.89400000000001,"A","M",3.43398720448515
"squirrel_5",32,0,NA,1,106.978,"A","M",3.46573590279973
"squirrel_5",33,0,NA,0,4.17500000000007,"A","M",3.49650756146648
"squirrel_5",34,1,13.6,0,13.934,"A","M",3.52636052461616
"squirrel_5",35,0,NA,1,5,"A","M",3.55534806148941
"squirrel_5",36,1,17.639,1,18.006,"A","M",3.58351893845611
"squirrel_5",37,1,16.062,1,16.3290000000001,"A","M",3.61091791264422
"squirrel_5",38,1,27.817,1,28.0839999999999,"A","M",3.63758615972639
"squirrel_5",39,1,1.91200000000003,1,14.607,"A","M",3.66356164612965
"squirrel_5",40,0,NA,1,191.731,"A","M",3.68887945411394
"squirrel_5",41,1,12.867,0,13.0330000000001,"A","M",3.71357206670431
"squirrel_5",42,4,27.74,1,259.81,"A","M",3.73766961828337
"squirrel_5",43,0,NA,0,20.4670000000001,"A","M",3.76120011569356
"squirrel_5",44,0,NA,0,8.83300000000008,"A","M",3.78418963391826
"squirrel_5",45,0,NA,1,64.551,"A","M",3.80666248977032
"squirrel_5",46,1,1.23399999999999,1,24.615,"A","M",3.8286413964891
"squirrel_5",47,0,NA,0,5,"A","M",3.85014760171006
"squirrel_5",48,2,6.5,0,5,"A","M",3.87120101090789
"squirrel_5",51,0,NA,0,5,"A","M",3.93182563272433
"squirrel_5",52,1,2.65799999999999,0,9.46699999999998,"A","M",3.95124371858143
"squirrel_5",53,0,NA,0,5,"A","M",3.97029191355212
"squirrel_5",54,2,5.03399999999999,0,4.22499999999999,"A","M",3.98898404656427
"squirrel_5",55,1,1.84,0,2.53100000000001,"A","M",4.00733318523247
"squirrel_5",56,0,NA,1,7.19300000000001,"A","M",4.02535169073515
"squirrel_5",57,1,15.167,1,36.629,"A","M",4.04305126783455
"squirrel_5",58,0,NA,1,5,"A","M",4.06044301054642
"squirrel_5",59,0,NA,0,5,"A","M",4.07753744390572
"squirrel_5",60,4,21.564,1,51.109,"A","M",4.0943445622221
"squirrel_5",61,6,15.169,1,60.435,"A","M",4.11087386417331
"squirrel_5",63,0,NA,0,5,"A","M",4.14313472639153
"squirrel_5",64,1,72.4229999999999,1,41.399,"A","M",4.15888308335967
"squirrel_5",65,0,NA,1,117.571,"A","M",4.17438726989564
"squirrel_5",66,0,NA,1,82.066,"A","M",4.18965474202643
"squirrel_5",67,0,NA,1,22.6060000000001,"A","M",4.20469261939097
"squirrel_5",68,0,NA,1,32.966,"A","M",4.21950770517611
"squirrel_5",70,2,78.4119999999998,1,254.262,"A","M",4.24849524204936
"squirrel_5",71,2,2.20000000000005,1,235.964,"A","M",4.26267987704132
"squirrel_5",72,1,21.467,1,22.3,"A","M",4.27666611901606
"squirrel_5",73,1,47.866,1,48.166,"A","M",4.29045944114839
"squirrel_5",74,0,NA,0,3.03300000000002,"A","M",4.30406509320417
"squirrel_5",75,2,13.699,1,14.399,"A","M",4.31748811353631
"squirrel_5",76,0,NA,0,25.667,"A","M",4.33073334028633
"squirrel_5",77,6,35.072,1,165.87,"A","M",4.34380542185368
"squirrel_5",78,7,78.366,1,368.83,"A","M",4.35670882668959
"squirrel_5",79,4,13.266,1,105.465,"A","M",4.36944785246702
"squirrel_5",80,3,9.76700000000005,1,74.6000000000001,"A","M",4.38202663467388
"squirrel_5",81,25,22.9000000000001,1,560.33,"A","M",4.39444915467244
"squirrel_5",82,6,5.16700000000014,1,125.511,"A","M",4.40671924726425
"squirrel_5",83,31,10.3999999999999,1,514.799,"A","M",4.4188406077966
"squirrel_5",84,5,10.1669999999999,1,63.1389999999997,"A","M",4.43081679884331
"squirrel_5",85,8,27.866,1,180.871,"A","M",4.44265125649032
"squirrel_5",86,0,NA,0,14.9050000000002,"A","M",4.45434729625351
"squirrel_5",87,1,6.23300000000017,1,29.366,"A","M",4.46590811865458
"squirrel_5",88,3,2606.109,1,22.266,"A","M",4.47733681447821
"squirrel_5",89,0,NA,0,26.033,"A","M",4.48863636973214
"squirrel_5",90,0,NA,0,1.63399999999999,"A","M",4.49980967033027
"squirrel_5",91,1,8.833,0,9.233,"A","M",4.51085950651685
"squirrel_5",92,1,45.966,1,46.333,"A","M",4.52178857704904
"squirrel_5",93,16,17.5,1,271.064,"A","M",4.53259949315326
"squirrel_5",94,2,5.29999999999995,1,128.465,"A","M",4.54329478227
"squirrel_5",95,0,NA,0,10.333,"A","M",4.55387689160054
"squirrel_5",96,7,2.10699999999997,1,176.25,"A","M",4.56434819146784
"squirrel_5",97,21,30.6000000000001,1,293.264,"A","M",4.57471097850338
"squirrel_5",98,3,17.3990000000001,1,57.1990000000001,"A","M",4.58496747867057
"squirrel_5",99,12,8.26600000000008,1,110.999,"A","M",4.59511985013459
"squirrel_5",100,0,NA,0,4.43399999999997,"A","M",4.60517018598809
"squirrel_5",101,6,14.873,1,80.0730000000001,"A","M",4.61512051684126
"squirrel_5",102,5,6.09900000000016,1,97.665,"A","M",4.62497281328427
"squirrel_5",103,5,1519.465,1,6.36699999999996,"A","M",4.63472898822964
"squirrel_5",104,1,4.13300000000004,0,9.90000000000009,"A","M",4.64439089914137
"squirrel_5",105,0,NA,0,1.76599999999996,"A","M",4.65396035015752
"squirrel_5",106,0,NA,0,3.20000000000005,"A","M",4.66343909411207
"squirrel_5",107,4,8.76699999999994,1,5,"A","M",4.67282883446191
"squirrel_5",108,0,NA,0,4.23299999999995,"A","M",4.68213122712422
"squirrel_5",109,5,4.76700000000005,1,17.3000000000001,"A","M",4.69134788222914
"squirrel_5",110,20,12.467,1,382.43,"A","M",4.70048036579242
"squirrel_5",111,4,9.44000000000005,1,86.7060000000001,"A","M",4.70953020131233
"squirrel_5",112,2,8.26700000000005,1,27,"A","M",4.71849887129509
"squirrel_5",113,3,13.5339999999999,1,55.1329999999998,"A","M",4.72738781871234
"squirrel_5",114,1,8.86599999999999,1,21.7749999999999,"A","M",4.7361984483945
"squirrel_5",115,2,10.8339999999998,1,23.8,"A","M",4.74493212836325
"squirrel_5",116,15,3.63400000000001,1,114.899,"A","M",4.75359019110636
"squirrel_5",117,24,21.24,1,4.107,"A","M",4.76217393479776
"squirrel_5",118,12,30.406,1,5,"A","M",4.77068462446567
"squirrel_5",119,1,5.268,1,6.87300000000002,"A","M",4.77912349311153
"squirrel_5",120,21,0.89500000000001,1,18.533,"A","M",4.78749174278205
"squirrel_5",121,0,NA,0,6.36599999999999,"A","M",4.79579054559674
"squirrel_5",122,3,4.40700000000004,1,21.652,"A","M",4.80402104473326
"squirrel_5",123,16,1.77300000000002,1,173.038,"A","M",4.81218435537242
"squirrel_5",124,1,9.63300000000004,1,5,"A","M",4.82028156560504
"squirrel_5",125,2,4.87300000000005,1,4.13700000000006,"A","M",4.8283137373023
"squirrel_5",127,0,NA,0,5.26700000000005,"A","M",4.84418708645859
"squirrel_5",128,0,NA,0,1.16599999999994,"A","M",4.85203026391962
"squirrel_5",129,2,5.69999999999993,1,20.6999999999999,"A","M",4.85981240436167
"squirrel_5",131,8,4.26599999999996,1,16.899,"A","M",4.87519732320115
"squirrel_5",132,5,2.79999999999995,1,28.835,"A","M",4.88280192258637
"squirrel_5",133,18,1.70000000000005,1,26.5,"A","M",4.89034912822175
"squirrel_5",134,6,6.33299999999986,1,66.3989999999999,"A","M",4.89783979995091
"squirrel_5",135,6,5.43299999999999,1,116.445,"A","M",4.90527477843843
"squirrel_5",136,33,113.432,1,467.735,"A","M",4.91265488573605
"squirrel_5",137,1,13.4659999999999,0,17.606,"A","M",4.91998092582813
"squirrel_5",138,31,17.3999999999999,1,216.971,"A","M",4.92725368515721
"squirrel_5",139,10,3.56700000000001,1,111.733,"A","M",4.93447393313069
"squirrel_5",140,11,9.36599999999999,1,10.1659999999999,"A","M",4.9416424226093
"squirrel_5",141,0,NA,1,42.333,"A","M",4.94875989037817
"squirrel_6",1,0,NA,1,56.906,"P","F",0
"squirrel_6",2,1,45.566,0,54.872,"P","F",0.693147180559945
"squirrel_6",3,0,NA,0,7.23400000000004,"P","F",1.09861228866811
"squirrel_6",4,1,1.26599999999999,0,1.5,"P","F",1.38629436111989
"squirrel_6",5,0,NA,0,30.733,"P","F",1.6094379124341
"squirrel_6",6,0,NA,0,2.267,"P","F",1.79175946922805
"squirrel_6",7,0,NA,0,10.4,"P","F",1.94591014905531
"squirrel_6",8,0,NA,0,18.439,"P","F",2.07944154167984
"squirrel_6",10,0,NA,0,12.933,"P","F",2.30258509299405
"squirrel_6",11,0,NA,0,2.40000000000009,"P","F",2.39789527279837
"squirrel_6",12,0,NA,0,130.932,"P","F",2.484906649788
"squirrel_6",13,0,NA,0,41.5,"P","F",2.56494935746154
"squirrel_6",14,0,NA,0,16.2339999999999,"P","F",2.63905732961526
"squirrel_6",16,1,24.239,0,24.3720000000001,"P","F",2.77258872223978
"squirrel_6",17,0,NA,0,103.471,"P","F",2.83321334405622
"squirrel_6",18,1,71.832,1,72.866,"P","F",2.89037175789616
"squirrel_6",19,0,NA,0,3.59999999999999,"P","F",2.94443897916644
"squirrel_6",21,0,NA,1,13.2,"P","F",3.04452243772342
"squirrel_6",22,0,NA,1,31.339,"P","F",3.09104245335832
"squirrel_6",23,1,20.233,0,20.533,"P","F",3.13549421592915
"squirrel_6",24,0,NA,0,11.834,"P","F",3.17805383034795
"squirrel_6",25,0,NA,0,5.96599999999995,"P","F",3.2188758248682
"squirrel_6",26,0,NA,1,70.1180000000001,"P","F",3.25809653802148
"squirrel_6",27,0,NA,0,12.8,"P","F",3.29583686600433
"squirrel_6",29,1,11.567,0,5,"P","F",3.36729582998647
"squirrel_6",31,0,NA,1,7.73300000000006,"P","F",3.43398720448515
"squirrel_6",32,0,NA,1,94.132,"P","F",3.46573590279973
"squirrel_6",33,1,4.76599999999999,0,5.13299999999998,"P","F",3.49650756146648
"squirrel_6",34,1,84.232,1,85.032,"P","F",3.52636052461616
"squirrel_6",35,0,NA,1,54.9,"P","F",3.55534806148941
"squirrel_6",36,0,NA,0,8.13299999999998,"P","F",3.58351893845611
"squirrel_6",37,1,1.13299999999998,0,6.60000000000002,"P","F",3.61091791264422
"squirrel_6",38,1,34.733,1,34.867,"P","F",3.63758615972639
"squirrel_6",39,0,NA,1,43.433,"P","F",3.66356164612965
"squirrel_6",40,0,NA,0,11.866,"P","F",3.68887945411394
"squirrel_6",41,1,16.8,0,17.6999999999999,"P","F",3.71357206670431
"squirrel_6",42,0,NA,1,37.033,"P","F",3.73766961828337
"squirrel_6",43,1,5.26699999999994,0,5.93399999999997,"P","F",3.76120011569356
"squirrel_6",44,1,14.433,0,14.7329999999999,"P","F",3.78418963391826
"squirrel_6",45,1,80.732,1,82.6319999999999,"P","F",3.80666248977032
"squirrel_6",46,0,NA,1,42.299,"P","F",3.8286413964891
"squirrel_6",47,0,NA,1,11.167,"P","F",3.85014760171006
"squirrel_6",48,0,NA,0,15.7330000000001,"P","F",3.87120101090789
"squirrel_6",49,1,6,0,6.5,"P","F",3.89182029811063
"squirrel_6",50,0,NA,1,27.467,"P","F",3.91202300542815
"squirrel_6",51,1,34.033,1,34.633,"P","F",3.93182563272433
"squirrel_6",52,1,43.1,1,43.833,"P","F",3.95124371858143
"squirrel_6",53,0,NA,1,28.1670000000001,"P","F",3.97029191355212
"squirrel_6",54,0,NA,0,14.067,"P","F",3.98898404656427
"squirrel_6",55,0,NA,0,9.56700000000001,"P","F",4.00733318523247
"squirrel_6",56,1,20.6669999999999,1,21.0329999999999,"P","F",4.02535169073515
"squirrel_6",57,0,NA,0,18.3999999999999,"P","F",4.04305126783455
"squirrel_6",58,1,2.73399999999992,0,3.53399999999988,"P","F",4.06044301054642
"squirrel_6",59,1,85.1329999999998,1,85.299,"P","F",4.07753744390572
"squirrel_6",60,0,NA,0,18.7,"P","F",4.0943445622221
"squirrel_6",61,1,13.5,0,14.0340000000001,"P","F",4.11087386417331
"squirrel_6",62,0,NA,0,13.2340000000002,"P","F",4.12713438504509
"squirrel_6",63,0,NA,0,9.93299999999999,"P","F",4.14313472639153
"squirrel_6",64,0,NA,0,9.56700000000001,"P","F",4.15888308335967
"squirrel_6",65,1,28.2660000000001,0,28.633,"P","F",4.17438726989564
"squirrel_6",66,1,33.866,1,34.2660000000001,"P","F",4.18965474202643
"squirrel_6",67,1,66.3989999999999,1,67.7660000000001,"P","F",4.20469261939097
"squirrel_6",68,1,72.6990000000001,1,73.0990000000002,"P","F",4.21950770517611
"squirrel_6",69,0,NA,0,25.866,"P","F",4.23410650459726
"squirrel_6",70,0,NA,0,4.66699999999997,"P","F",4.24849524204936
"squirrel_6",71,0,NA,0,8.90000000000003,"P","F",4.26267987704132
"squirrel_6",72,0,NA,0,5.19999999999999,"P","F",4.27666611901606
"squirrel_6",73,0,NA,0,5.166,"P","F",4.29045944114839
"squirrel_6",74,0,NA,0,1.26600000000002,"P","F",4.30406509320417
"squirrel_6",75,0,NA,0,5.19999999999999,"P","F",4.31748811353631
"squirrel_6",76,0,NA,1,4.36700000000002,"P","F",4.33073334028633
"squirrel_6",77,0,NA,1,6.36699999999996,"P","F",4.34380542185368
"squirrel_6",78,0,NA,0,8.70000000000005,"P","F",4.35670882668959
"squirrel_6",79,0,NA,0,13.067,"P","F",4.36944785246702
"squirrel_6",80,0,NA,0,2.166,"P","F",4.38202663467388
"squirrel_6",81,0,NA,0,1.86700000000002,"P","F",4.39444915467244
"squirrel_6",82,0,NA,0,1.36599999999999,"P","F",4.40671924726425
"squirrel_6",83,0,NA,0,5,"P","F",4.4188406077966
"squirrel_6",85,0,NA,1,12.4,"P","F",4.44265125649032
"squirrel_6",86,0,NA,0,2.89999999999998,"P","F",4.45434729625351
"squirrel_6",87,0,NA,1,11.333,"P","F",4.46590811865458
"squirrel_6",88,0,NA,1,11.3389999999999,"P","F",4.47733681447821
"squirrel_6",89,0,NA,1,4.33300000000008,"P","F",4.48863636973214
"squirrel_6",90,0,NA,1,5,"P","F",4.49980967033027
"squirrel_6",93,0,NA,1,8.46600000000001,"P","F",4.53259949315326
"squirrel_6",94,0,NA,1,2.46600000000001,"P","F",4.54329478227
"squirrel_6",95,0,NA,0,2.86599999999999,"P","F",4.55387689160054
"squirrel_6",96,1,64.439,1,64.7389999999999,"P","F",4.56434819146784
"squirrel_6",97,0,NA,1,59.7,"P","F",4.57471097850338
"squirrel_6",98,0,NA,0,18.3660000000001,"P","F",4.58496747867057
"squirrel_6",99,0,NA,0,45.799,"P","F",4.59511985013459
"squirrel_6",100,0,NA,0,4.33300000000008,"P","F",4.60517018598809
"squirrel_6",102,0,NA,1,14.066,"P","F",4.62497281328427
"squirrel_6",103,0,NA,1,5,"P","F",4.63472898822964
"squirrel_6",104,0,NA,0,24.1400000000001,"P","F",4.64439089914137
"squirrel_6",105,0,NA,0,3.53400000000011,"P","F",4.65396035015752
"squirrel_6",106,0,NA,0,13.4670000000001,"P","F",4.66343909411207
"squirrel_6",107,0,NA,0,6.43299999999999,"P","F",4.67282883446191
"squirrel_6",108,0,NA,0,20.866,"P","F",4.68213122712422
"squirrel_6",109,0,NA,0,5.33300000000008,"P","F",4.69134788222914
"squirrel_6",110,0,NA,0,9.33300000000008,"P","F",4.70048036579242
"squirrel_6",111,0,NA,0,19.933,"P","F",4.70953020131233
"squirrel_6",112,0,NA,0,9.5,"P","F",4.71849887129509
"squirrel_6",113,0,NA,0,5.26700000000005,"P","F",4.72738781871234
"squirrel_6",114,0,NA,1,3.0659999999998,"P","F",4.7361984483945
"squirrel_6",115,0,NA,1,2.03300000000013,"P","F",4.74493212836325
"squirrel_6",116,0,NA,1,2.79899999999998,"P","F",4.75359019110636
"squirrel_6",118,0,NA,1,3.90000000000009,"P","F",4.77068462446567
"squirrel_6",119,0,NA,1,1.26699999999983,"P","F",4.77912349311153
"squirrel_6",120,3,18.6,1,60.933,"P","F",4.78749174278205
"squirrel_6",121,0,NA,0,5,"P","F",4.79579054559674
"squirrel_6",122,1,2.5,1,3.56700000000001,"P","F",4.80402104473326
"squirrel_6",123,0,NA,0,3.23299999999998,"P","F",4.81218435537242
"squirrel_6",124,1,3.40000000000001,1,9.63400000000001,"P","F",4.82028156560504
"squirrel_6",125,1,2.63400000000001,1,3,"P","F",4.8283137373023
"squirrel_6",126,0,NA,1,3.69999999999999,"P","F",4.83628190695148
"squirrel_6",127,1,11.788,1,17.822,"P","F",4.84418708645859
"squirrel_6",128,1,21.139,1,21.933,"P","F",4.85203026391962
"squirrel_6",129,1,1.09899999999999,1,7.83199999999999,"P","F",4.85981240436167
"squirrel_6",130,2,7.26599999999999,0,7.70000000000002,"P","F",4.86753445045558
"squirrel_6",131,0,NA,0,4.23200000000003,"P","F",4.87519732320115
"squirrel_6",132,2,27.533,1,17.8,"P","F",4.88280192258637
"squirrel_6",133,1,51.433,1,5,"P","F",4.89034912822175
"squirrel_6",134,2,3.12599999999998,0,5.15899999999999,"P","F",4.89783979995091
"squirrel_6",135,2,3.267,1,17.633,"P","F",4.90527477843843
"squirrel_6",136,2,4.334,1,11.867,"P","F",4.91265488573605
"squirrel_6",137,2,2.96699999999998,1,21.933,"P","F",4.91998092582813
"squirrel_6",138,0,NA,1,25.0989999999999,"P","F",4.92725368515721
"squirrel_6",139,0,NA,0,3.53300000000002,"P","F",4.93447393313069
"squirrel_6",140,0,NA,0,15.699,"P","F",4.9416424226093
"squirrel_6",141,0,NA,0,5.70000000000005,"P","F",4.94875989037817
"squirrel_6",142,0,NA,0,16.2,"P","F",4.95582705760126
"squirrel_6",143,0,NA,1,77.933,"P","F",4.96284463025991
"squirrel_6",144,1,10.5669999999999,1,11.5329999999999,"P","F",4.969813299576
"squirrel_6",145,1,36.346,1,75.1790000000001,"P","F",4.97673374242057
"squirrel_6",146,2,24.3670000000001,0,60.433,"P","F",4.98360662170834
"squirrel_6",147,0,NA,1,35.433,"P","F",4.99043258677874
"squirrel_6",148,2,31.2,1,43.972,"P","F",4.99721227376411
"squirrel_6",150,0,NA,0,5,"P","F",5.01063529409626
"squirrel_6",153,0,NA,0,5,"P","F",5.03043792139244
"squirrel_6",154,0,NA,0,1.5,"P","F",5.03695260241363
"squirrel_6",157,0,NA,0,5.70000000000005,"P","F",5.05624580534831
"squirrel_6",158,0,NA,0,7.13300000000004,"P","F",5.06259503302697
"squirrel_6",160,0,NA,1,6.63300000000004,"P","F",5.07517381523383
"squirrel_6",161,0,NA,1,7.70000000000005,"P","F",5.08140436498446
"squirrel_6",163,0,NA,0,1.0329999999999,"P","F",5.09375020080676
"squirrel_6",165,0,NA,0,1.73300000000017,"P","F",5.10594547390058
"squirrel_6",166,0,NA,1,2.83400000000006,"P","F",5.11198778835654
"squirrel_6",167,0,NA,1,1.10000000000014,"P","F",5.11799381241676
"squirrel_6",168,0,NA,0,6.5,"P","F",5.12396397940326
"squirrel_6",169,0,NA,0,8.10000000000014,"P","F",5.12989871492307
"squirrel_6",171,0,NA,1,9.73299999999995,"P","F",5.14166355650266
"squirrel_6",172,0,NA,1,27.1400000000001,"P","F",5.14749447681345
"squirrel_6",173,1,54.1659999999999,1,72.066,"P","F",5.15329159449778
"squirrel_6",174,0,NA,0,1.06700000000001,"P","F",5.15905529921453
"squirrel_6",175,0,NA,0,5,"P","F",5.16478597392351
"squirrel_6",176,0,NA,0,12.4330000000002,"P","F",5.17048399503815
"squirrel_6",177,0,NA,0,1.27399999999989,"P","F",5.17614973257383
"squirrel_6",178,0,NA,0,7.5,"P","F",5.18178355029209
"squirrel_6",180,0,NA,0,2,"P","F",5.19295685089021
"squirrel_6",182,0,NA,0,7.13299999999981,"P","F",5.2040066870768
"squirrel_6",184,0,NA,0,2.5,"P","F",5.21493575760899
"squirrel_6",186,0,NA,0,1.5,"P","F",5.2257466737132
"squirrel_6",187,1,5.173,0,5.373,"P","F",5.23110861685459
"squirrel_6",188,0,NA,1,4.966,"P","F",5.23644196282995
"squirrel_6",189,0,NA,0,3.7,"P","F",5.24174701505964
"squirrel_6",190,0,NA,0,1.60000000000001,"P","F",5.24702407216049
"squirrel_6",191,0,NA,1,5,"P","F",5.25227342804663
"squirrel_6",192,0,NA,0,2.03299999999999,"P","F",5.25749537202778
"squirrel_6",193,0,NA,0,2.934,"P","F",5.26269018890489
"squirrel_6",194,0,NA,1,3.46599999999998,"P","F",5.26785815906333
"squirrel_6",195,0,NA,0,1.13300000000001,"P","F",5.27299955856375
"squirrel_6",196,0,NA,1,9.166,"P","F",5.27811465923052
"squirrel_6",197,0,NA,1,10.166,"P","F",5.28320372873799
"squirrel_6",198,0,NA,0,2.29999999999995,"P","F",5.28826703069454
"squirrel_6",199,0,NA,0,5,"P","F",5.29330482472449
"squirrel_6",200,1,20.76,0,3.89999999999998,"P","F",5.29831736654804
"squirrel_6",201,0,NA,1,3.46699999999998,"P","F",5.30330490805908
"squirrel_6",202,0,NA,1,6.59999999999997,"P","F",5.30826769740121
"squirrel_6",203,0,NA,0,16.912,"P","F",5.31320597904179
"squirrel_6",204,0,NA,0,6.43299999999999,"P","F",5.31811999384422
"squirrel_6",205,2,1.53300000000002,1,25.399,"P","F",5.32300997913841
"squirrel_6",206,1,8.76699999999994,1,36.039,"P","F",5.32787616878958
"squirrel_6",207,1,24.1999999999999,1,24.6329999999999,"P","F",5.33271879326537
"squirrel_6",208,0,NA,0,10.7329999999999,"P","F",5.33753807970132
"squirrel_6",209,1,5.10000000000002,1,5,"P","F",5.34233425196481
"squirrel_6",211,1,1.03399999999999,1,51.606,"P","F",5.35185813347607
"squirrel_6",212,0,NA,0,17.6329999999999,"P","F",5.35658627467201
"squirrel_6",213,0,NA,0,16.833,"P","F",5.36129216570943
"squirrel_6",214,0,NA,0,15.5070000000001,"P","F",5.36597601502185
"squirrel_6",215,0,NA,1,49.751,"P","F",5.37063802812766
"squirrel_6",216,0,NA,0,10.307,"P","F",5.37527840768417
"squirrel_6",217,1,8.23399999999992,1,56.712,"P","F",5.37989735354046
"squirrel_6",218,0,NA,0,36.2720000000002,"P","F",5.38449506278909
"squirrel_6",219,0,NA,0,32.633,"P","F",5.3890717298165
"squirrel_6",220,0,NA,0,5.87899999999991,"P","F",5.39362754635236
"squirrel_6",221,0,NA,0,14.673,"P","F",5.39816270151775
"squirrel_6",222,0,NA,0,19.4659999999999,"P","F",5.40267738187228
"squirrel_6",223,0,NA,0,3.30700000000002,"P","F",5.40717177146012
"squirrel_6",224,1,6.80700000000002,0,18.0729999999999,"P","F",5.41164605185504
"squirrel_6",225,0,NA,1,12.3059999999998,"P","F",5.41610040220442
"squirrel_6",226,1,15.5070000000001,1,47.9059999999999,"P","F",5.42053499927229
"squirrel_6",227,1,37.866,1,63.932,"P","F",5.4249500174814
"squirrel_6",228,0,NA,1,82.0050000000001,"P","F",5.42934562895444
"squirrel_6",229,0,NA,1,12.3999999999999,"P","F",5.43372200355424
"squirrel_6",230,0,NA,0,7.79999999999973,"P","F",5.4380793089232
"squirrel_6",231,0,NA,0,2.29999999999973,"P","F",5.44241771052179
"squirrel_6",232,0,NA,0,1.33399999999983,"P","F",5.44673737166631
"squirrel_6",233,0,NA,0,1.39999999999964,"P","F",5.4510384535657
"squirrel_6",234,1,5.39999999999998,0,5.666,"P","F",5.4553211153577
"squirrel_6",235,0,NA,1,3.23299999999995,"P","F",5.45958551414416
"squirrel_6",236,0,NA,1,24.8,"P","F",5.46383180502561
"squirrel_6",237,1,16.6,0,17.067,"P","F",5.46806014113513
"squirrel_6",238,0,NA,1,23.073,"P","F",5.47227067367148
"squirrel_6",239,0,NA,0,3.93399999999997,"P","F",5.47646355193151
"squirrel_6",240,0,NA,0,14.7070000000001,"P","F",5.48063892334199
"squirrel_6",241,0,NA,0,7.66700000000003,"P","F",5.48479693349065
"squirrel_6",242,2,1.53299999999996,1,43.605,"P","F",5.48893772615669
"squirrel_6",243,0,NA,1,19.04,"P","F",5.49306144334055
"squirrel_6",244,0,NA,1,9.90700000000004,"P","F",5.4971682252932
"squirrel_6",246,1,2.66600000000005,1,14.3000000000001,"P","F",5.50533153593236
"squirrel_6",247,0,NA,0,4.96699999999998,"P","F",5.50938833662798
"squirrel_6",249,0,NA,0,5.66700000000003,"P","F",5.51745289646471
"squirrel_6",250,0,NA,0,33.2000000000002,"P","F",5.52146091786225
"squirrel_6",251,0,NA,0,24.606,"P","F",5.52545293913178
"squirrel_6",252,0,NA,0,13.7339999999999,"P","F",5.52942908751142
"squirrel_6",254,0,NA,1,25.913,"P","F",5.53733426701854
"squirrel_6",255,0,NA,0,26.0329999999999,"P","F",5.54126354515843
"squirrel_9",1,0,NA,0,2.434,"A","M",0
"squirrel_9",2,0,NA,0,4.46599999999999,"A","M",0.693147180559945
"squirrel_9",4,0,NA,0,37.033,"A","M",1.38629436111989
"squirrel_9",5,0,NA,0,10.866,"A","M",1.6094379124341
"squirrel_9",6,0,NA,0,94.305,"A","M",1.79175946922805
"squirrel_9",7,0,NA,0,7.93400000000003,"A","M",1.94591014905531
"squirrel_9",8,1,32.933,0,33.2329999999999,"A","M",2.07944154167984
"squirrel_9",9,0,NA,1,63.732,"A","M",2.19722457733622
"squirrel_9",10,0,NA,0,3,"A","M",2.30258509299405
"squirrel_9",11,0,NA,1,6.76699999999994,"A","M",2.39789527279837
"squirrel_9",12,0,NA,0,8.83300000000008,"A","M",2.484906649788
"squirrel_9",13,0,NA,1,5.13399999999996,"A","M",2.56494935746154
"squirrel_9",14,0,NA,1,70.072,"A","M",2.63905732961526
"squirrel_9",15,1,3.80600000000004,0,4.13999999999999,"A","M",2.70805020110221
"squirrel_9",16,0,NA,0,15.734,"A","M",2.77258872223978
"squirrel_9",17,0,NA,0,36.966,"A","M",2.83321334405622
"squirrel_9",18,0,NA,0,16.666,"A","M",2.89037175789616
"squirrel_9",19,1,2.59999999999997,0,2.767,"A","M",2.94443897916644
"squirrel_9",20,0,NA,1,5,"A","M",2.99573227355399
"squirrel_9",21,0,NA,0,7.54599999999999,"A","M",3.04452243772342
"squirrel_9",22,0,NA,0,10.9,"A","M",3.09104245335832
"squirrel_9",23,0,NA,0,12.066,"A","M",3.13549421592915
"squirrel_9",24,0,NA,0,11.307,"A","M",3.17805383034795
"squirrel_9",25,0,NA,0,38.9000000000001,"A","M",3.2188758248682
"squirrel_9",26,1,22.833,1,5,"A","M",3.25809653802148
"squirrel_9",27,0,NA,0,18.2330000000001,"A","M",3.29583686600433
"squirrel_9",28,1,23.366,1,23.566,"A","M",3.3322045101752
"squirrel_9",29,1,24.867,1,25.133,"A","M",3.36729582998647
"squirrel_9",30,0,NA,0,6.56699999999999,"A","M",3.40119738166216
"squirrel_9",31,0,NA,0,5.367,"A","M",3.43398720448515
"squirrel_9",32,1,9.866,0,10.166,"A","M",3.46573590279973
"squirrel_9",33,0,NA,0,5,"A","M",3.49650756146648
"squirrel_9",34,1,9.86600000000001,0,5.13300000000001,"A","M",3.52636052461616
"squirrel_9",35,0,NA,1,9.501,"A","M",3.55534806148941
"squirrel_9",36,1,2.46700000000001,0,3.53300000000002,"A","M",3.58351893845611
"squirrel_9",37,0,NA,1,2.38699999999997,"A","M",3.61091791264422
"squirrel_9",38,1,11.167,1,11.734,"A","M",3.63758615972639
"squirrel_9",39,0,NA,1,23.966,"A","M",3.66356164612965
"squirrel_9",40,1,12.199,0,9.05300000000003,"A","M",3.68887945411394
"squirrel_9",42,0,NA,0,12.267,"A","M",3.73766961828337
"squirrel_9",43,0,NA,0,5.666,"A","M",3.76120011569356
"squirrel_9",44,0,NA,0,1.5,"A","M",3.78418963391826
"squirrel_9",45,1,16.5659999999999,1,78.533,"A","M",3.80666248977032
"squirrel_9",46,1,19.633,0,21.466,"A","M",3.8286413964891
"squirrel_9",47,0,NA,1,115.611,"A","M",3.85014760171006
"squirrel_9",48,1,28.006,1,31.206,"A","M",3.87120101090789
"squirrel_9",49,0,NA,1,1.733,"A","M",3.89182029811063
"squirrel_9",50,1,47.2,1,48.733,"A","M",3.91202300542815
"squirrel_9",51,1,78.799,1,79.533,"A","M",3.93182563272433
"squirrel_9",52,0,NA,0,82.646,"A","M",3.95124371858143
"squirrel_9",53,0,NA,0,31.666,"A","M",3.97029191355212
"squirrel_9",54,1,21.266,0,21.6,"A","M",3.98898404656427
"squirrel_9",55,0,NA,1,30.1,"A","M",4.00733318523247
"squirrel_9",56,0,NA,0,5,"A","M",4.02535169073515
"squirrel_9",57,1,6.94800000000001,0,7.34799999999998,"A","M",4.04305126783455
"squirrel_9",58,0,NA,1,61.199,"A","M",4.06044301054642
"squirrel_9",59,0,NA,0,29.6,"A","M",4.07753744390572
"squirrel_9",60,0,NA,1,5,"A","M",4.0943445622221
"squirrel_9",61,0,NA,0,14.173,"A","M",4.11087386417331
"squirrel_9",62,1,4.90000000000003,0,5.40000000000003,"A","M",4.12713438504509
"squirrel_9",63,0,NA,1,27.788,"A","M",4.14313472639153
"squirrel_9",66,0,NA,0,10.567,"A","M",4.18965474202643
"squirrel_9",67,0,NA,0,5,"A","M",4.20469261939097
"squirrel_9",68,0,NA,0,5.00700000000006,"A","M",4.21950770517611
"squirrel_9",69,0,NA,1,65.578,"A","M",4.23410650459726
"squirrel_9",70,0,NA,1,27.567,"A","M",4.24849524204936
"squirrel_9",71,0,NA,1,13.067,"A","M",4.26267987704132
"squirrel_9",72,0,NA,1,6.06600000000003,"A","M",4.27666611901606
"squirrel_9",73,0,NA,0,2.16700000000014,"A","M",4.29045944114839
"squirrel_9",74,0,NA,0,4.96599999999989,"A","M",4.30406509320417
"squirrel_9",75,0,NA,0,14.3990000000001,"A","M",4.31748811353631
"squirrel_9",77,0,NA,0,6.23299999999972,"A","M",4.34380542185368
"squirrel_9",78,0,NA,0,12.7669999999999,"A","M",4.35670882668959
"squirrel_9",79,4,6.03899999999999,1,106.172,"A","M",4.36944785246702
"squirrel_9",80,1,51.7,1,73.539,"A","M",4.38202663467388
"squirrel_9",81,1,17.2660000000001,1,47.1780000000001,"A","M",4.39444915467244
"squirrel_9",82,0,NA,0,18.2330000000002,"A","M",4.40671924726425
"squirrel_9",83,0,NA,0,5,"A","M",4.4188406077966
"squirrel_9",84,1,7.6579999999999,1,6,"A","M",4.43081679884331
"squirrel_10",1,0,NA,0,41.5330000000001,"A","F",0
"squirrel_10",3,7,19.066,1,151.165,"A","F",1.09861228866811
"squirrel_10",4,7,13.666,1,335.308,"A","F",1.38629436111989
"squirrel_10",5,1,737.813,1,3.166,"A","F",1.6094379124341
"squirrel_10",6,2,6.39999999999999,1,29.346,"A","F",1.79175946922805
"squirrel_10",7,0,NA,1,24.366,"A","F",1.94591014905531
"squirrel_10",8,0,NA,0,5,"A","F",2.07944154167984
"squirrel_10",9,4,9.34,1,27.093,"A","F",2.19722457733622
"squirrel_10",10,2,5.334,1,31.8,"A","F",2.30258509299405
"squirrel_10",11,2,5.5,1,15.467,"A","F",2.39789527279837
"squirrel_10",12,4,5.76700000000002,1,42.4,"A","F",2.484906649788
"squirrel_10",13,3,28.24,1,100.712,"A","F",2.56494935746154
"squirrel_10",14,2,4.29999999999995,1,22.5,"A","F",2.63905732961526
"squirrel_10",15,7,2.13300000000004,1,47.3910000000001,"A","F",2.70805020110221
"squirrel_10",16,8,2.89999999999986,1,107.583,"A","F",2.77258872223978
"squirrel_10",17,7,1.53300000000013,1,98.3229999999999,"A","F",2.83321334405622
"squirrel_10",18,1,4,1,16.0330000000004,"A","F",2.89037175789616
"squirrel_10",19,5,5.70000000000027,1,5,"A","F",2.94443897916644
"squirrel_11",1,0,NA,0,38.367,"A","M",0
"squirrel_11",2,0,NA,0,28.333,"A","M",0.693147180559945
"squirrel_11",3,0,NA,0,28.867,"A","M",1.09861228866811
"squirrel_11",4,0,NA,0,5.5,"A","M",1.38629436111989
"squirrel_11",5,0,NA,0,21.2329999999999,"A","M",1.6094379124341
"squirrel_11",6,0,NA,0,35.8329999999999,"A","M",1.79175946922805
"squirrel_11",7,0,NA,0,60.2329999999999,"A","M",1.94591014905531
"squirrel_11",8,0,NA,0,2.03399999999988,"A","M",2.07944154167984
"squirrel_11",9,0,NA,0,9.06600000000003,"A","M",2.19722457733622
"squirrel_11",10,0,NA,0,2.43299999999999,"A","M",2.30258509299405
"squirrel_11",11,0,NA,0,4.26600000000008,"A","M",2.39789527279837
"squirrel_11",12,0,NA,0,7.46599999999989,"A","M",2.484906649788
"squirrel_11",13,0,NA,0,3.69999999999982,"A","M",2.56494935746154
"squirrel_11",14,0,NA,0,52.4789999999998,"A","M",2.63905732961526
"squirrel_11",15,0,NA,0,107.641,"A","M",2.70805020110221
"squirrel_11",16,0,NA,0,32.3,"A","M",2.77258872223978
"squirrel_11",17,0,NA,0,9.59999999999997,"A","M",2.83321334405622
"squirrel_11",18,0,NA,0,197.771,"A","M",2.89037175789616
"squirrel_11",19,0,NA,0,68.5780000000001,"A","M",2.94443897916644
"squirrel_11",20,0,NA,0,21.299,"A","M",2.99573227355399
"squirrel_11",21,0,NA,0,100.133,"A","M",3.04452243772342
"squirrel_11",22,0,NA,0,1.9670000000001,"A","M",3.09104245335832
"squirrel_11",23,0,NA,0,47.306,"A","M",3.13549421592915
"squirrel_11",24,0,NA,0,1.69999999999999,"A","M",3.17805383034795
"squirrel_11",25,0,NA,0,22.967,"A","M",3.2188758248682
"squirrel_11",26,0,NA,0,5,"A","M",3.25809653802148
"squirrel_11",27,2,9.09999999999999,1,9.233,"A","M",3.29583686600433
"squirrel_11",28,0,NA,1,11.933,"A","M",3.3322045101752
"squirrel_11",29,0,NA,1,5,"A","M",3.36729582998647
"squirrel_11",30,0,NA,0,1.06600000000003,"A","M",3.40119738166216
"squirrel_11",31,0,NA,0,39.467,"A","M",3.43398720448515
"squirrel_11",32,0,NA,1,5.93299999999999,"A","M",3.46573590279973
"squirrel_11",33,0,NA,0,9.73300000000006,"A","M",3.49650756146648
"squirrel_11",34,1,3.33299999999997,0,3.66600000000005,"A","M",3.52636052461616
"squirrel_11",35,0,NA,0,36.1,"A","M",3.55534806148941
"squirrel_11",36,0,NA,0,6.96699999999998,"A","M",3.58351893845611
"squirrel_11",37,0,NA,0,10.467,"A","M",3.61091791264422
"squirrel_11",38,0,NA,0,1.173,"A","M",3.63758615972639
"squirrel_11",39,0,NA,0,4.96699999999998,"A","M",3.66356164612965
"squirrel_11",41,0,NA,0,5.46699999999998,"A","M",3.71357206670431
"squirrel_11",42,0,NA,0,1.16600000000005,"A","M",3.73766961828337
"squirrel_11",43,0,NA,0,4.29999999999995,"A","M",3.76120011569356
"squirrel_11",44,0,NA,0,1.07299999999998,"A","M",3.78418963391826
"squirrel_11",45,0,NA,0,3.16700000000003,"A","M",3.80666248977032
"squirrel_11",46,0,NA,0,4.37299999999993,"A","M",3.8286413964891
"squirrel_11",47,1,3.96699999999998,0,4.10000000000002,"A","M",3.85014760171006
"squirrel_11",48,0,NA,0,39.8,"A","M",3.87120101090789
"squirrel_11",49,0,NA,1,36.033,"A","M",3.89182029811063
"squirrel_11",50,1,5.5,0,5.76600000000008,"A","M",3.91202300542815
"squirrel_11",51,0,NA,1,17.2329999999999,"A","M",3.93182563272433
"squirrel_11",52,0,NA,0,5,"A","M",3.95124371858143
"squirrel_11",53,0,NA,0,1.53999999999996,"A","M",3.97029191355212
"squirrel_11",54,0,NA,0,41.5730000000001,"A","M",3.98898404656427
"squirrel_11",55,0,NA,0,5.53300000000013,"A","M",4.00733318523247
"squirrel_11",56,0,NA,0,32.905,"A","M",4.02535169073515
"squirrel_11",57,0,NA,0,14.0999999999999,"A","M",4.04305126783455
"squirrel_11",58,0,NA,1,36.5999999999999,"A","M",4.06044301054642
"squirrel_11",59,0,NA,0,13,"A","M",4.07753744390572
"squirrel_11",60,0,NA,0,12.673,"A","M",4.0943445622221
"squirrel_11",61,1,14.3,0,14.5339999999999,"A","M",4.11087386417331
"squirrel_11",62,0,NA,0,6.23299999999995,"A","M",4.12713438504509
"squirrel_11",63,0,NA,0,5,"A","M",4.14313472639153
"squirrel_11",64,1,14.134,0,14.3670000000002,"A","M",4.15888308335967
"squirrel_11",65,0,NA,0,29.7329999999999,"A","M",4.17438726989564
"squirrel_11",66,1,3.56700000000001,0,3.83300000000008,"A","M",4.18965474202643
"squirrel_11",67,0,NA,1,22.5,"A","M",4.20469261939097
"squirrel_11",68,0,NA,0,73.266,"A","M",4.21950770517611
"squirrel_11",69,1,4.33399999999995,0,4.39999999999998,"A","M",4.23410650459726
"squirrel_11",70,1,8.23399999999992,0,8.46699999999998,"A","M",4.24849524204936
"squirrel_11",71,0,NA,0,1.63300000000004,"A","M",4.26267987704132
"squirrel_11",72,0,NA,0,29.2660000000001,"A","M",4.27666611901606
"squirrel_11",73,0,NA,0,9.19999999999982,"A","M",4.29045944114839
"squirrel_11",74,0,NA,1,14.866,"A","M",4.30406509320417
"squirrel_11",75,0,NA,0,2.66700000000014,"A","M",4.31748811353631
"squirrel_11",76,1,45.7669999999998,1,46.3329999999999,"A","M",4.33073334028633
"squirrel_11",77,0,NA,0,20.166,"A","M",4.34380542185368
"squirrel_11",78,1,9.03400000000001,0,9.39999999999999,"A","M",4.35670882668959
"squirrel_11",79,1,17.299,0,17.666,"A","M",4.36944785246702
"squirrel_11",80,0,NA,0,23.006,"A","M",4.38202663467388
"squirrel_11",81,0,NA,1,35.34,"A","M",4.39444915467244
"squirrel_11",82,0,NA,0,5,"A","M",4.40671924726425
"squirrel_11",84,0,NA,0,5,"A","M",4.43081679884331
"squirrel_11",86,0,NA,1,2.56699999999999,"A","M",4.45434729625351
"squirrel_11",87,1,14.234,1,14.6,"A","M",4.46590811865458
"squirrel_11",89,0,NA,1,2.25899999999999,"A","M",4.48863636973214
"squirrel_11",90,0,NA,0,5,"A","M",4.49980967033027
"squirrel_11",91,1,8.70000000000002,1,8.96700000000001,"A","M",4.51085950651685
"squirrel_11",92,1,2.56700000000001,0,2.90000000000001,"A","M",4.52178857704904
"squirrel_11",93,0,NA,1,37.466,"A","M",4.53259949315326
"squirrel_11",94,1,17.599,1,17.799,"A","M",4.54329478227
"squirrel_11",95,1,17.873,1,18.307,"A","M",4.55387689160054
"squirrel_11",96,1,24.1,1,11.567,"A","M",4.56434819146784
"squirrel_11",97,1,15.566,0,15.766,"A","M",4.57471097850338
"squirrel_11",98,1,13.066,1,13.333,"A","M",4.58496747867057
"squirrel_11",99,0,NA,1,2.60000000000002,"A","M",4.59511985013459
"squirrel_11",100,0,NA,1,5,"A","M",4.60517018598809
"squirrel_11",101,1,17.233,1,17.466,"A","M",4.61512051684126
"squirrel_11",102,1,25.399,1,25.533,"A","M",4.62497281328427
"squirrel_11",103,1,13.24,1,13.406,"A","M",4.63472898822964
"squirrel_11",104,1,32.433,1,32.733,"A","M",4.64439089914137
"squirrel_11",105,0,NA,1,32.633,"A","M",4.65396035015752
"squirrel_11",106,1,15.2330000000001,0,15.4000000000001,"A","M",4.66343909411207
"squirrel_11",107,1,14.866,1,15.1329999999999,"A","M",4.67282883446191
"squirrel_11",108,0,NA,1,20.4,"A","M",4.68213122712422
"squirrel_11",109,1,5.30700000000002,1,5.60699999999997,"A","M",4.69134788222914
"squirrel_11",110,0,NA,1,11.333,"A","M",4.70048036579242
"squirrel_11",111,1,4.86699999999996,1,5.09999999999991,"A","M",4.70953020131233
"squirrel_11",112,0,NA,1,18.5,"A","M",4.71849887129509
"squirrel_11",113,0,NA,1,11,"A","M",4.72738781871234
"squirrel_11",114,1,5.19999999999993,0,5.36699999999996,"A","M",4.7361984483945
"squirrel_11",115,1,24.5,1,24.6999999999999,"A","M",4.74493212836325
"squirrel_11",116,1,10.072,1,5,"A","M",4.75359019110636
"squirrel_11",117,0,NA,1,5,"A","M",4.76217393479776
"squirrel_11",118,0,NA,0,2.86699999999996,"A","M",4.77068462446567
"squirrel_11",119,0,NA,1,7.47299999999996,"A","M",4.77912349311153
"squirrel_11",120,1,25,1,25.2330000000001,"A","M",4.78749174278205
"squirrel_11",121,1,16.433,1,16.6,"A","M",4.79579054559674
"squirrel_11",122,1,20.033,1,4,"A","M",4.80402104473326
"squirrel_11",123,1,36.7660000000001,1,36.933,"A","M",4.81218435537242
"squirrel_11",124,0,NA,1,35.1660000000001,"A","M",4.82028156560504
"squirrel_11",125,0,NA,0,14.033,"A","M",4.8283137373023
"squirrel_11",126,0,NA,0,2.06600000000003,"A","M",4.83628190695148
"squirrel_11",127,1,8.93999999999994,1,9.13999999999999,"A","M",4.84418708645859
"squirrel_11",128,0,NA,1,2.20000000000005,"A","M",4.85203026391962
"squirrel_11",129,1,16.8,1,17.067,"A","M",4.85981240436167
"squirrel_11",130,0,NA,0,4.36599999999999,"A","M",4.86753445045558
"squirrel_11",131,1,24.4000000000001,1,24.8330000000001,"A","M",4.87519732320115
"squirrel_11",132,0,NA,0,5,"A","M",4.88280192258637
"squirrel_11",133,1,16.933,1,5.11500000000001,"A","M",4.89034912822175
"squirrel_11",135,1,11.566,1,12.8,"A","M",4.90527477843843
"squirrel_11",136,1,1144.706,1,27.333,"A","M",4.91265488573605
"squirrel_11",137,0,NA,0,2,"A","M",4.91998092582813
"squirrel_11",138,0,NA,1,15.667,"A","M",4.92725368515721
"squirrel_11",139,0,NA,0,2.33300000000003,"A","M",4.93447393313069
"squirrel_11",140,1,10.633,1,11,"A","M",4.9416424226093
"squirrel_11",141,1,24.1,1,24.434,"A","M",4.94875989037817
"squirrel_11",142,0,NA,1,19.506,"A","M",4.95582705760126
"squirrel_11",143,1,1.90000000000003,0,2.26700000000005,"A","M",4.96284463025991
"squirrel_11",144,0,NA,1,1.33300000000003,"A","M",4.969813299576
"squirrel_11",145,0,NA,0,2.53299999999996,"A","M",4.97673374242057
"squirrel_11",146,0,NA,1,2.63400000000001,"A","M",4.98360662170834
"squirrel_11",147,0,NA,1,2.83300000000003,"A","M",4.99043258677874
"squirrel_11",148,0,NA,0,1.5,"A","M",4.99721227376411
"squirrel_11",149,0,NA,0,1.23400000000004,"A","M",5.00394630594546
"squirrel_11",150,1,7.03300000000002,1,7.56700000000001,"A","M",5.01063529409626
"squirrel_11",151,0,NA,0,1.96600000000001,"A","M",5.01727983681492
"squirrel_11",152,0,NA,0,9.733,"A","M",5.02388052084628
"squirrel_11",153,0,NA,0,2.39999999999998,"A","M",5.03043792139244
"squirrel_11",154,0,NA,0,1.03399999999999,"A","M",5.03695260241363
"squirrel_11",155,0,NA,0,4.5,"A","M",5.04342511691925
"squirrel_11",156,0,NA,1,48.7329999999999,"A","M",5.04985600724954
"squirrel_11",157,0,NA,0,15.667,"A","M",5.05624580534831
"squirrel_11",158,0,NA,0,3.63299999999992,"A","M",5.06259503302697
"squirrel_11",159,0,NA,0,7.16700000000003,"A","M",5.06890420222023
"squirrel_11",160,0,NA,0,3,"A","M",5.07517381523383
"squirrel_11",161,0,NA,0,6.36700000000008,"A","M",5.08140436498446
"squirrel_11",162,0,NA,1,39,"A","M",5.08759633523238
"squirrel_11",164,0,NA,1,8.43400000000003,"A","M",5.0998664278242
"squirrel_11",165,0,NA,1,11.4,"A","M",5.10594547390058
"squirrel_11",166,0,NA,0,3.23400000000001,"A","M",5.11198778835654
"squirrel_11",167,0,NA,0,1.20000000000002,"A","M",5.11799381241676
"squirrel_11",168,0,NA,1,7.26600000000002,"A","M",5.12396397940326
"squirrel_11",169,0,NA,1,17.266,"A","M",5.12989871492307
"squirrel_11",170,0,NA,0,2.66700000000003,"A","M",5.13579843705026
"squirrel_11",171,0,NA,0,16.566,"A","M",5.14166355650266
"squirrel_11",173,0,NA,1,5.93299999999999,"A","M",5.15329159449778
"squirrel_11",174,0,NA,1,4.73300000000006,"A","M",5.15905529921453
"squirrel_11",175,0,NA,1,8.30000000000007,"A","M",5.16478597392351
"squirrel_11",176,0,NA,1,3.56700000000001,"A","M",5.17048399503815
"squirrel_11",177,0,NA,0,5,"A","M",5.17614973257383
"squirrel_11",179,0,NA,0,4.39999999999998,"A","M",5.18738580584075
"squirrel_11",180,0,NA,0,4.26700000000005,"A","M",5.19295685089021
"squirrel_11",181,0,NA,0,1.40000000000009,"A","M",5.19849703126583
"squirrel_11",182,0,NA,0,5.13299999999981,"A","M",5.2040066870768
"squirrel_11",183,1,30.4000000000001,1,35.6669999999999,"A","M",5.20948615284142
"squirrel_11",184,0,NA,1,19.973,"A","M",5.21493575760899
"squirrel_11",185,2,28.9660000000001,1,29.2329999999999,"A","M",5.22035582507832
"squirrel_11",186,0,NA,1,6.74000000000001,"A","M",5.2257466737132
"squirrel_11",187,0,NA,0,4.10000000000014,"A","M",5.23110861685459
"squirrel_11",188,0,NA,0,3.46600000000012,"A","M",5.23644196282995
"squirrel_11",191,0,NA,0,42.233,"A","M",5.25227342804663
"squirrel_11",192,0,NA,0,13.5,"A","M",5.25749537202778
"squirrel_11",193,0,NA,0,14.133,"A","M",5.26269018890489
"squirrel_11",194,0,NA,0,39.133,"A","M",5.26785815906333
"squirrel_11",195,0,NA,1,9.60000000000014,"A","M",5.27299955856375
"squirrel_11",196,1,19.7,0,20,"A","M",5.27811465923052
"squirrel_11",197,0,NA,1,17.9059999999999,"A","M",5.28320372873799
"squirrel_11",198,1,14.2,1,14.5329999999999,"A","M",5.28826703069454
"squirrel_11",199,0,NA,1,5.93299999999999,"A","M",5.29330482472449
"squirrel_11",200,1,1.13999999999987,0,1.53999999999996,"A","M",5.29831736654804
"squirrel_11",201,0,NA,1,3.50700000000006,"A","M",5.30330490805908
"squirrel_11",203,0,NA,1,30.8,"A","M",5.31320597904179
"squirrel_11",205,0,NA,1,14.566,"A","M",5.32300997913841
"squirrel_11",206,0,NA,1,3.9670000000001,"A","M",5.32787616878958
"squirrel_11",207,0,NA,0,4.46600000000012,"A","M",5.33271879326537
"squirrel_11",208,0,NA,1,18.9,"A","M",5.33753807970132
"squirrel_11",209,1,19.567,1,19.867,"A","M",5.34233425196481
"squirrel_11",210,0,NA,1,21.266,"A","M",5.34710753071747
"squirrel_11",211,0,NA,0,4.733,"A","M",5.35185813347607
"squirrel_11",212,0,NA,0,3.13300000000001,"A","M",5.35658627467201
"squirrel_11",213,0,NA,0,2.63399999999996,"A","M",5.36129216570943
"squirrel_11",214,0,NA,0,4.03300000000002,"A","M",5.36597601502185
"squirrel_11",215,0,NA,1,38.933,"A","M",5.37063802812766
"squirrel_11",216,0,NA,0,5.04,"A","M",5.37527840768417
"squirrel_11",217,0,NA,1,7.3,"A","M",5.37989735354046
"squirrel_11",218,1,12.3,1,16.333,"A","M",5.38449506278909
"squirrel_11",219,0,NA,1,9.033,"A","M",5.3890717298165
"squirrel_11",220,0,NA,0,3.833,"A","M",5.39362754635236
"squirrel_11",221,0,NA,0,4.06700000000001,"A","M",5.39816270151775
"squirrel_11",222,1,13.567,1,13.967,"A","M",5.40267738187228
"squirrel_11",223,1,17.099,1,17.399,"A","M",5.40717177146012
"squirrel_11",224,0,NA,1,17.3,"A","M",5.41164605185504
"squirrel_11",225,1,3.267,0,3.43299999999999,"A","M",5.41610040220442
"squirrel_11",226,2,6.24000000000001,1,6.53999999999999,"A","M",5.42053499927229
"squirrel_11",227,1,15.034,1,15.7,"A","M",5.4249500174814
"squirrel_11",228,1,5.233,0,5.43300000000002,"A","M",5.42934562895444
"squirrel_11",229,0,NA,1,18.466,"A","M",5.43372200355424
"squirrel_11",230,1,1.79999999999995,0,2.13299999999998,"A","M",5.4380793089232
"squirrel_11",231,0,NA,0,1.57299999999998,"A","M",5.44241771052179
"squirrel_11",232,0,NA,0,9.93399999999997,"A","M",5.44673737166631
"squirrel_11",233,0,NA,0,1.69999999999993,"A","M",5.4510384535657
"squirrel_11",234,0,NA,1,9.84000000000003,"A","M",5.4553211153577
"squirrel_11",235,1,2.56599999999992,0,2.86599999999999,"A","M",5.45958551414416
"squirrel_11",236,1,15.1,1,15.467,"A","M",5.46383180502561
"squirrel_11",237,1,12.64,1,12.9069999999999,"A","M",5.46806014113513
"squirrel_11",238,1,24.0989999999999,1,24.433,"A","M",5.47227067367148
"squirrel_11",239,0,NA,0,1.94000000000005,"A","M",5.47646355193151
"squirrel_11",240,1,2.33300000000008,0,2.66700000000003,"A","M",5.48063892334199
"squirrel_11",241,1,10.9,0,11.2,"A","M",5.48479693349065
"squirrel_11",242,1,6.26699999999994,0,6.53399999999999,"A","M",5.48893772615669
"squirrel_11",243,2,32.38,1,32.6460000000001,"A","M",5.49306144334055
"squirrel_11",244,2,10.3,1,10.7329999999999,"A","M",5.4971682252932
"squirrel_11",245,0,NA,0,2.56600000000003,"A","M",5.50125821054473
"squirrel_11",246,3,5.73999999999978,1,6.00699999999983,"A","M",5.50533153593236
"squirrel_11",247,0,NA,0,15.2730000000001,"A","M",5.50938833662798
"squirrel_11",248,1,5.5,0,5.83300000000008,"A","M",5.51342874616498
"squirrel_11",249,3,17.4000000000001,1,17.7,"A","M",5.51745289646471
"squirrel_11",250,1,9.173,1,9.57300000000009,"A","M",5.52146091786225
"squirrel_11",251,0,NA,1,5,"A","M",5.52545293913178
"squirrel_11",252,1,9.27300000000014,0,9.60699999999997,"A","M",5.52942908751142
"squirrel_11",253,1,11.4000000000001,0,5.06700000000001,"A","M",5.53338948872752
"squirrel_11",254,5,43.0730000000001,1,22.1399999999999,"A","M",5.53733426701854
"squirrel_11",255,1,20.5329999999999,1,20.9669999999999,"A","M",5.54126354515843
"squirrel_11",256,1,26.933,1,42.7720000000002,"A","M",5.54517744447956
"squirrel_11",257,0,NA,0,5.46599999999989,"A","M",5.54907608489522
"squirrel_11",258,1,7.767,0,8.23399999999999,"A","M",5.55295958492162
"squirrel_11",259,1,16.733,1,17.066,"A","M",5.55682806169954
"squirrel_11",260,0,NA,1,10.6,"A","M",5.56068163101553
"squirrel_11",261,0,NA,1,7.833,"A","M",5.56452040732269
"squirrel_11",262,1,7.36600000000001,1,7.96600000000001,"A","M",5.5683445037611
"squirrel_11",263,0,NA,0,1.20000000000002,"A","M",5.57215403217776
"squirrel_11",264,0,NA,1,6.70000000000002,"A","M",5.57594910314632
"squirrel_11",265,0,NA,0,5.93299999999999,"A","M",5.57972982598622
"squirrel_11",266,0,NA,0,34.533,"A","M",5.5834963087817
"squirrel_11",267,0,NA,0,7.09999999999997,"A","M",5.58724865840025
"squirrel_11",268,0,NA,0,75.684,"A","M",5.59098698051086
"squirrel_11",269,0,NA,1,76.699,"A","M",5.59471137960184
"squirrel_11",270,3,213.298,1,267.737,"A","M",5.59842195899838
"squirrel_11",271,2,29.2669999999998,1,71.1999999999998,"A","M",5.6021188208797
"squirrel_11",272,2,34.366,1,76.1989999999998,"A","M",5.605802066296
"squirrel_11",273,0,NA,0,3.86699999999996,"A","M",5.60947179518496
"squirrel_11",274,0,NA,0,1.23299999999995,"A","M",5.61312810638807
"squirrel_11",275,0,NA,0,4.5,"A","M",5.61677109766657
"squirrel_11",276,0,NA,1,4.93299999999999,"A","M",5.62040086571715
"squirrel_11",277,0,NA,1,5.29999999999995,"A","M",5.62401750618734
"squirrel_11",279,0,NA,0,6.40000000000009,"A","M",5.63121178182137
"squirrel_11",280,1,5.5329999999999,1,13.566,"A","M",5.63478960316925
"squirrel_11",281,0,NA,0,1.96699999999987,"A","M",5.63835466933375
"squirrel_11",282,0,NA,1,10.4059999999999,"A","M",5.64190707093811
"squirrel_11",283,0,NA,1,21.0330000000004,"A","M",5.64544689764324
"squirrel_11",284,0,NA,1,18.2659999999996,"A","M",5.64897423816121
"squirrel_11",285,0,NA,0,1.76699999999983,"A","M",5.65248918026865
"squirrel_11",286,0,NA,0,3.90599999999995,"A","M",5.65599181081985
"squirrel_11",287,0,NA,0,2.23400000000038,"A","M",5.65948221575962
"squirrel_11",288,0,NA,0,1.26699999999983,"A","M",5.66296048013595
"squirrel_11",289,0,NA,0,1.36599999999999,"A","M",5.66642668811243
"squirrel_11",290,0,NA,0,1.06700000000001,"A","M",5.66988092298052
"squirrel_11",291,0,NA,0,1.56700000000001,"A","M",5.67332326717149
"squirrel_11",292,1,97.5050000000001,0,98.1390000000001,"A","M",5.67675380226828
"squirrel_11",293,0,NA,0,8.66600000000017,"A","M",5.68017260901707
"squirrel_11",294,2,8.66699999999992,1,118.039,"A","M",5.68357976733868
"squirrel_11",295,1,13.873,0,20.5059999999999,"A","M",5.68697535633982
"squirrel_11",296,0,NA,0,4.40000000000009,"A","M",5.69035945432406
"squirrel_11",297,0,NA,0,2.76700000000028,"A","M",5.6937321388027
"squirrel_11",298,0,NA,0,3.33299999999963,"A","M",5.6970934865054
"squirrel_11",299,0,NA,0,2.36599999999999,"A","M",5.70044357339069
"squirrel_11",301,0,NA,1,311.847,"A","M",5.70711026474888
"squirrel_11",302,0,NA,0,3.13299999999998,"A","M",5.71042701737487
"squirrel_11",303,0,NA,0,9.29999999999995,"A","M",5.71373280550937
"squirrel_11",304,0,NA,1,32.766,"A","M",5.71702770140622
"squirrel_11",305,1,26.4,0,26.7,"A","M",5.72031177660741
"squirrel_11",307,0,NA,0,13.066,"A","M",5.7268477475872
"squirrel_11",308,2,93.6049999999999,1,106.812,"A","M",5.73009978297357
"squirrel_11",309,1,94.032,0,94.5650000000001,"A","M",5.73334127689775
"squirrel_11",310,0,NA,0,36.106,"A","M",5.73657229747919
"squirrel_11",311,0,NA,1,106.999,"A","M",5.73979291217923
"squirrel_11",312,0,NA,0,3.66599999999994,"A","M",5.74300318780948
"squirrel_11",313,0,NA,1,11.6339999999999,"A","M",5.74620319054015
"squirrel_11",314,0,NA,0,14.9669999999999,"A","M",5.74939298590825
"squirrel_11",315,2,64.6659999999999,0,5,"A","M",5.75257263882563
"squirrel_11",316,0,NA,1,156.371,"A","M",5.75574221358691
"squirrel_11",317,1,134.732,1,73.1600000000001,"A","M",5.75890177387728
"squirrel_11",318,1,51.499,1,51.6659999999999,"A","M",5.76205138278018
"squirrel_11",319,2,37.94,1,38.773,"A","M",5.76519110278484
"squirrel_11",320,1,14.733,0,15.366,"A","M",5.76832099579377
"squirrel_11",321,1,33.4,1,33.933,"A","M",5.77144112313002
"squirrel_11",322,0,NA,1,47.167,"A","M",5.77455154554441
"squirrel_11",323,0,NA,1,26.999,"A","M",5.77765232322266
"squirrel_11",324,1,13.333,1,39.333,"A","M",5.78074351579233
"squirrel_11",325,0,NA,0,7.44,"A","M",5.78382518232974
"squirrel_11",326,1,3.40699999999998,1,21.973,"A","M",5.78689738136671
"squirrel_11",327,0,NA,0,8.19999999999999,"A","M",5.78996017089725
"squirrel_11",328,2,10.54,1,52.073,"A","M",5.79301360838414
"squirrel_11",329,2,28.867,1,29.4329999999999,"A","M",5.79605775076537
"squirrel_11",330,0,NA,0,4.66699999999992,"A","M",5.79909265446053
"squirrel_11",331,3,3,1,3.89999999999998,"A","M",5.80211837537706
"squirrel_11",332,2,14.433,1,15.1669999999999,"A","M",5.80513496891649
"squirrel_11",333,2,9.07299999999998,1,9.93999999999994,"A","M",5.80814248998044
"squirrel_11",334,2,700.262,1,61.633,"A","M",5.8111409929767
"squirrel_11",335,0,NA,0,3.233,"A","M",5.81413053182507
"squirrel_12",1,0,NA,1,26.611,"P","F",0
"squirrel_12",2,0,NA,0,4.20699999999999,"P","F",0.693147180559945
"squirrel_12",3,0,NA,1,125.517,"P","F",1.09861228866811
"squirrel_12",4,0,NA,0,26.3019999999999,"P","F",1.38629436111989
"squirrel_12",6,1,61.133,0,61.499,"P","F",1.79175946922805
"squirrel_12",7,0,NA,0,2.23300000000017,"P","F",1.94591014905531
"squirrel_12",8,0,NA,0,19.567,"P","F",2.07944154167984
"squirrel_12",9,1,47.067,1,48.6999999999998,"P","F",2.19722457733622
"squirrel_12",10,0,NA,0,39.7990000000002,"P","F",2.30258509299405
"squirrel_12",11,1,35,0,35.5999999999999,"P","F",2.39789527279837
"squirrel_12",12,0,NA,1,99.038,"P","F",2.484906649788
"squirrel_12",13,1,17.367,1,17.7329999999999,"P","F",2.56494935746154
"squirrel_12",14,0,NA,1,163.198,"P","F",2.63905732961526
"squirrel_12",15,0,NA,0,1.16700000000014,"P","F",2.70805020110221
"squirrel_12",16,0,NA,0,13.366,"P","F",2.77258872223978
"squirrel_12",17,0,NA,0,1.066,"P","F",2.83321334405622
"squirrel_12",18,0,NA,0,1.76700000000005,"P","F",2.89037175789616
"squirrel_12",19,0,NA,0,11.7659999999998,"P","F",2.94443897916644
"squirrel_12",23,1,47.966,1,48.533,"P","F",3.13549421592915
"squirrel_12",24,0,NA,0,13.766,"P","F",3.17805383034795
"squirrel_12",25,1,5.46600000000001,1,5.93300000000002,"P","F",3.2188758248682
"squirrel_12",26,0,NA,1,5,"P","F",3.25809653802148
"squirrel_12",27,0,NA,0,5,"P","F",3.29583686600433
"squirrel_12",28,0,NA,0,1.733,"P","F",3.3322045101752
"squirrel_12",29,1,3.767,0,4.13299999999998,"P","F",3.36729582998647
"squirrel_12",30,0,NA,1,6.98199999999997,"P","F",3.40119738166216
"squirrel_12",31,1,12.033,0,12.867,"P","F",3.43398720448515
"squirrel_12",32,1,9.84399999999999,0,10.077,"P","F",3.46573590279973
"squirrel_12",33,0,NA,1,20.083,"P","F",3.49650756146648
"squirrel_12",34,2,15.564,0,15.931,"P","F",3.52636052461616
"squirrel_12",35,0,NA,0,2.46699999999998,"P","F",3.55534806148941
"squirrel_12",36,0,NA,0,5,"P","F",3.58351893845611
"squirrel_12",37,2,14.5330000000001,1,17.133,"P","F",3.61091791264422
"squirrel_12",38,0,NA,1,69.0659999999999,"P","F",3.63758615972639
"squirrel_12",39,0,NA,0,5,"P","F",3.66356164612965
"squirrel_12",40,1,44.6329999999999,1,4.04499999999996,"P","F",3.68887945411394
"squirrel_12",41,0,NA,1,29.1,"P","F",3.71357206670431
"squirrel_12",42,0,NA,0,2.66600000000005,"P","F",3.73766961828337
"squirrel_12",43,0,NA,0,4.66700000000003,"P","F",3.76120011569356
"squirrel_12",44,0,NA,0,1.36599999999999,"P","F",3.78418963391826
"squirrel_12",45,0,NA,0,2.03399999999999,"P","F",3.80666248977032
"squirrel_12",46,0,NA,1,3.33400000000006,"P","F",3.8286413964891
"squirrel_12",47,0,NA,0,18.4,"P","F",3.85014760171006
"squirrel_12",49,0,NA,0,5.29999999999995,"P","F",3.89182029811063
"squirrel_12",51,0,NA,0,12.4659999999999,"P","F",3.93182563272433
"squirrel_12",52,0,NA,0,19.433,"P","F",3.95124371858143
"squirrel_12",53,0,NA,1,14.5999999999999,"P","F",3.97029191355212
"squirrel_12",56,0,NA,0,2.16599999999994,"P","F",4.02535169073515
"squirrel_12",57,0,NA,0,8.43300000000022,"P","F",4.04305126783455
"squirrel_12",58,0,NA,0,3.173,"P","F",4.06044301054642
"squirrel_12",59,0,NA,1,31.0329999999999,"P","F",4.07753744390572
"squirrel_12",60,0,NA,0,21.1000000000001,"P","F",4.0943445622221
"squirrel_12",61,0,NA,0,32.8330000000001,"P","F",4.11087386417331
"squirrel_12",62,0,NA,0,9.63299999999981,"P","F",4.12713438504509
"squirrel_12",63,0,NA,0,14.2,"P","F",4.14313472639153
"squirrel_12",64,0,NA,0,5.66699999999992,"P","F",4.15888308335967
"squirrel_12",65,0,NA,0,8.0329999999999,"P","F",4.17438726989564
"squirrel_12",66,0,NA,0,1.79999999999995,"P","F",4.18965474202643
"squirrel_12",67,0,NA,0,2.43299999999999,"P","F",4.20469261939097
"squirrel_12",68,0,NA,0,2.4670000000001,"P","F",4.21950770517611
"squirrel_12",69,0,NA,0,1.36599999999999,"P","F",4.23410650459726
"squirrel_12",72,0,NA,1,11.84,"P","F",4.27666611901606
"squirrel_12",74,0,NA,1,39.333,"P","F",4.30406509320417
"squirrel_12",75,0,NA,0,16.833,"P","F",4.31748811353631
"squirrel_12",76,0,NA,0,7.53399999999999,"P","F",4.33073334028633
"squirrel_12",77,0,NA,0,19.4,"P","F",4.34380542185368
"squirrel_12",78,0,NA,0,35.4059999999999,"P","F",4.35670882668959
"squirrel_12",79,1,2.90000000000009,0,3.09999999999991,"P","F",4.36944785246702
"squirrel_12",80,0,NA,0,18.133,"P","F",4.38202663467388
"squirrel_13",1,1,4.00700000000001,0,8.44000000000001,"A","F",0
"squirrel_13",2,0,NA,1,124.999,"A","F",0.693147180559945
"squirrel_13",3,11,5,1,306.203,"A","F",1.09861228866811
"squirrel_13",4,0,NA,0,21.333,"A","F",1.38629436111989
"squirrel_13",5,0,NA,0,45.4059999999999,"A","F",1.6094379124341
"squirrel_13",6,0,NA,0,1.83299999999997,"A","F",1.79175946922805
"squirrel_13",7,0,NA,0,24.766,"A","F",1.94591014905531
"squirrel_13",8,0,NA,0,4.10000000000002,"A","F",2.07944154167984
"squirrel_13",9,3,1.46600000000001,1,1.63300000000004,"A","F",2.19722457733622
"squirrel_13",10,13,46.4860000000001,1,274.947,"A","F",2.30258509299405
"squirrel_13",11,0,NA,1,73.752,"A","F",2.39789527279837
"squirrel_13",12,1,5.76699999999983,1,19.6999999999998,"A","F",2.484906649788
"squirrel_13",13,5,17.6669999999999,1,90.539,"A","F",2.56494935746154
"squirrel_13",14,0,NA,0,2.86700000000019,"A","F",2.63905732961526
"squirrel_13",15,0,NA,0,5.76699999999983,"A","F",2.70805020110221
"squirrel_13",16,0,NA,0,1.59999999999991,"A","F",2.77258872223978
"squirrel_13",18,0,NA,0,5.07299999999987,"A","F",2.89037175789616
"squirrel_13",19,1,13.6330000000003,1,52.0660000000003,"A","F",2.94443897916644
"squirrel_13",20,0,NA,0,1.33300000000008,"A","F",2.99573227355399
"squirrel_13",21,0,NA,0,2.93299999999999,"A","F",3.04452243772342
"squirrel_13",22,1,7.16599999999971,0,10.9659999999999,"A","F",3.09104245335832
"squirrel_13",23,7,0.873000000000047,1,95.2449999999999,"A","F",3.13549421592915
"squirrel_13",24,7,26.973,1,118.306,"A","F",3.17805383034795
"squirrel_13",25,0,NA,1,32.166,"A","F",3.2188758248682
"squirrel_13",26,0,NA,0,4.166,"A","F",3.25809653802148
"squirrel_13",27,1,8.50700000000001,1,5,"A","F",3.29583686600433
"squirrel_13",29,0,NA,0,5,"A","F",3.36729582998647
"squirrel_13",30,8,7.13400000000001,1,12.395,"A","F",3.40119738166216
"squirrel_13",31,15,13.866,1,291.38,"A","F",3.43398720448515
"squirrel_13",32,3,967.415,1,88.011,"A","F",3.46573590279973
"squirrel_13",33,1,4.69999999999999,0,61.966,"A","F",3.49650756146648
"squirrel_13",34,0,NA,0,46.466,"A","F",3.52636052461616
"squirrel_13",35,0,NA,0,13.6,"A","F",3.55534806148941
"squirrel_13",36,0,NA,0,5,"A","F",3.58351893845611
"squirrel_13",37,0,NA,0,7.53300000000002,"A","F",3.61091791264422
"squirrel_13",38,0,NA,0,14.667,"A","F",3.63758615972639
"squirrel_13",39,0,NA,0,7.80000000000001,"A","F",3.66356164612965
"squirrel_13",40,0,NA,0,14.846,"A","F",3.68887945411394
"squirrel_13",41,0,NA,0,21.6049999999999,"A","F",3.71357206670431
"squirrel_13",42,0,NA,0,9.5,"A","F",3.73766961828337
"squirrel_13",43,0,NA,0,17.566,"A","F",3.76120011569356
"squirrel_13",44,0,NA,0,3.93399999999997,"A","F",3.78418963391826
"squirrel_13",45,0,NA,0,1.10000000000002,"A","F",3.80666248977032
"squirrel_13",46,0,NA,0,2.29999999999995,"A","F",3.8286413964891
"squirrel_13",47,0,NA,0,5.86699999999996,"A","F",3.85014760171006
"squirrel_13",48,3,18.639,1,129.951,"A","F",3.87120101090789
"squirrel_13",49,1,2.90000000000009,0,14.067,"A","F",3.89182029811063
"squirrel_13",50,6,6.66599999999994,0,65.6990000000001,"A","F",3.91202300542815
"squirrel_13",51,0,NA,0,35.606,"A","F",3.93182563272433
"squirrel_13",52,0,NA,0,7.23299999999995,"A","F",3.95124371858143
"squirrel_13",53,0,NA,0,26.0059999999999,"A","F",3.97029191355212
"squirrel_13",54,1,61.366,1,116.532,"A","F",3.98898404656427
"squirrel_13",55,8,6.166,1,194.504,"A","F",4.00733318523247
"squirrel_13",56,0,NA,1,18.133,"A","F",4.02535169073515
"squirrel_13",57,3,5.73300000000006,1,52.432,"A","F",4.04305126783455
"squirrel_13",58,0,NA,1,32,"A","F",4.06044301054642
"squirrel_13",59,10,75.499,1,144.732,"A","F",4.07753744390572
"squirrel_13",60,1,78.733,1,124.099,"A","F",4.0943445622221
"squirrel_13",61,13,76.633,1,372.48,"A","F",4.11087386417331
"squirrel_13",62,17,72.9450000000001,1,384.479,"A","F",4.12713438504509
"squirrel_13",63,13,10.633,1,36.799,"A","F",4.14313472639153
"squirrel_13",64,4,15.533,1,115.417,"A","F",4.15888308335967
"squirrel_13",65,0,NA,0,5,"A","F",4.17438726989564
"squirrel_13",66,4,21.6999999999999,1,74.779,"A","F",4.18965474202643
"squirrel_13",67,0,NA,0,8.74000000000001,"A","F",4.20469261939097
"squirrel_13",68,1,6.5,1,5,"A","F",4.21950770517611
"squirrel_13",69,1,0.567000000000007,1,5,"A","F",4.23410650459726
"squirrel_13",70,3,24.366,1,29.205,"A","F",4.24849524204936
"squirrel_13",71,1,9.90000000000001,1,18.7,"A","F",4.26267987704132
"squirrel_13",72,0,NA,1,9.93299999999999,"A","F",4.27666611901606
"squirrel_13",73,12,0.834000000000003,1,204.132,"A","F",4.29045944114839
"squirrel_13",75,0,NA,1,16.1999999999999,"A","F",4.31748811353631
"squirrel_13",76,1,26.033,1,5,"A","F",4.33073334028633
"squirrel_13",77,4,15.1000000000001,1,76.9660000000001,"A","F",4.34380542185368
"squirrel_13",78,0,NA,0,1.80000000000018,"A","F",4.35670882668959
"squirrel_13",79,5,72.905,1,164.843,"A","F",4.36944785246702
"squirrel_13",80,3,1.64,1,26.113,"A","F",4.38202663467388
"squirrel_13",81,1,0.600000000000009,1,4.43300000000001,"A","F",4.39444915467244
"squirrel_13",82,0,NA,1,5,"A","F",4.40671924726425
"squirrel_13",83,6,2.667,1,290.276,"A","F",4.4188406077966
"squirrel_13",84,6,10.9000000000001,1,5,"A","F",4.43081679884331
"squirrel_13",85,1,2.69799999999998,1,2.29999999999995,"A","F",4.44265125649032
"squirrel_13",86,20,16.966,1,77.178,"A","F",4.45434729625351
"squirrel_13",87,2,18.473,1,5,"A","F",4.46590811865458
"squirrel_13",88,2,13,1,30.571,"A","F",4.47733681447821
"squirrel_13",89,1,1.36700000000002,1,12.967,"A","F",4.48863636973214
"squirrel_13",90,1,16.2,1,30.739,"A","F",4.49980967033027
"squirrel_13",91,3,25.133,1,138.545,"A","F",4.51085950651685
"squirrel_13",92,5,6.73300000000006,1,5,"A","F",4.52178857704904
"squirrel_13",93,3,12.48,1,56.619,"A","F",4.53259949315326
"squirrel_13",94,3,54.6310000000001,1,149.31,"A","F",4.54329478227
"squirrel_13",95,1,1.73300000000006,1,5.60000000000002,"A","F",4.55387689160054
"squirrel_13",96,0,NA,0,1.26699999999994,"A","F",4.56434819146784
"squirrel_13",97,0,NA,1,9.93399999999997,"A","F",4.57471097850338
"squirrel_13",98,1,27.272,1,5,"A","F",4.58496747867057
"squirrel_13",100,0,NA,0,1.39999999999986,"A","F",4.60517018598809
"squirrel_13",101,1,1.96699999999987,1,6.43299999999999,"A","F",4.61512051684126
"squirrel_13",102,0,NA,0,3.4670000000001,"A","F",4.62497281328427
"squirrel_13",103,1,22.6669999999999,1,25.3,"A","F",4.63472898822964
"squirrel_13",104,1,5.66699999999999,1,20.107,"A","F",4.64439089914137
"squirrel_13",105,0,NA,0,5,"A","F",4.65396035015752
"squirrel_13",106,5,1.56699999999999,1,21.573,"A","F",4.66343909411207
"squirrel_13",107,1,12.34,1,24.006,"A","F",4.67282883446191
"squirrel_13",108,0,NA,1,6.36599999999999,"A","F",4.68213122712422
"squirrel_13",109,9,5.46700000000004,1,105.005,"A","F",4.69134788222914
"squirrel_13",110,2,1.36699999999996,1,29.4399999999999,"A","F",4.70048036579242
"squirrel_13",111,0,NA,1,7.4989999999998,"A","F",4.70953020131233
"squirrel_13",112,8,4.40000000000009,1,81.066,"A","F",4.71849887129509
"squirrel_13",113,0,NA,1,18.066,"A","F",4.72738781871234
"squirrel_13",114,2,18.306,1,34.8389999999999,"A","F",4.7361984483945
"squirrel_13",115,0,NA,1,7.83300000000008,"A","F",4.74493212836325
"squirrel_13",116,1,1.56700000000001,1,5.29999999999995,"A","F",4.75359019110636
"squirrel_13",117,4,19.806,1,85.039,"A","F",4.76217393479776
"squirrel_13",119,14,14.367,1,253.671,"A","F",4.77912349311153
"squirrel_13",120,1,42.179,1,92.657,"A","F",4.78749174278205
"squirrel_13",121,19,26.14,1,345.815,"A","F",4.79579054559674
"squirrel_13",122,19,3.807,1,96.217,"A","F",4.80402104473326
"squirrel_13",123,1,3.58799999999999,1,12.833,"A","F",4.81218435537242
"squirrel_13",124,0,NA,0,8.267,"A","F",4.82028156560504
"squirrel_13",125,12,3.173,1,5,"A","F",4.8283137373023
"squirrel_13",126,5,7.56599999999997,1,45.399,"A","F",4.83628190695148
"squirrel_13",127,4,44.312,1,85.785,"A","F",4.84418708645859
"squirrel_13",128,1,10.673,1,5,"A","F",4.85203026391962
"squirrel_13",129,14,64.239,1,140.272,"A","F",4.85981240436167
"squirrel_13",130,0,NA,1,9.24000000000001,"A","F",4.86753445045558
"squirrel_13",131,1,10.066,1,14.833,"A","F",4.87519732320115
"squirrel_13",132,1,11.8,1,19.166,"A","F",4.88280192258637
"squirrel_13",133,0,NA,0,1.73400000000001,"A","F",4.89034912822175
"squirrel_13",134,2,6.59999999999997,1,19.233,"A","F",4.89783979995091
"squirrel_13",135,3,10.467,1,30.867,"A","F",4.90527477843843
"squirrel_13",136,2,3.69999999999993,1,46.8,"A","F",4.91265488573605
"squirrel_13",137,23,0.572999999999979,1,608.59,"A","F",4.91998092582813
"squirrel_13",138,1,1.29999999999995,1,4.93299999999999,"A","F",4.92725368515721
"squirrel_13",140,9,0.33400000000006,1,122.099,"A","F",4.9416424226093
"squirrel_13",141,0,NA,0,3.20000000000005,"A","F",4.94875989037817
"squirrel_13",142,2,1.79999999999995,1,12.9000000000001,"A","F",4.95582705760126
"squirrel_13",143,0,NA,0,2.16700000000014,"A","F",4.96284463025991
"squirrel_13",144,3,4.20000000000005,1,33.933,"A","F",4.969813299576
"squirrel_13",145,3,0.199999999999818,1,23.3,"A","F",4.97673374242057
"squirrel_13",146,4,1.06700000000001,1,71.1060000000002,"A","F",4.98360662170834
"squirrel_13",147,0,NA,0,8.86700000000019,"A","F",4.99043258677874
"squirrel_13",148,0,NA,0,11.5,"A","F",4.99721227376411
"squirrel_13",149,9,14.933,1,114.178,"A","F",5.00394630594546
"squirrel_13",151,6,12.0729999999999,1,52.7060000000001,"A","F",5.01727983681492
"squirrel_13",152,2,0.900000000000091,1,16.2660000000001,"A","F",5.02388052084628
"squirrel_13",153,1,2.26699999999983,1,6.39999999999964,"A","F",5.03043792139244
"squirrel_13",154,2,2.56700000000001,1,11.5340000000001,"A","F",5.03695260241363
"squirrel_13",155,2,5.63299999999981,1,1.33300000000008,"A","F",5.04342511691925
"squirrel_13",156,1,1.36599999999999,1,8.46600000000035,"A","F",5.04985600724954
"squirrel_13",157,1,0.766000000000076,1,4.73300000000017,"A","F",5.05624580534831
"squirrel_13",158,1,3.56700000000001,1,7.76699999999983,"A","F",5.06259503302697
"squirrel_13",159,4,1.43299999999999,1,19.9659999999999,"A","F",5.06890420222023
"squirrel_13",160,1,0.333000000000084,0,6.5659999999998,"A","F",5.07517381523383
"squirrel_13",161,6,3.47299999999996,1,63.2730000000001,"A","F",5.08140436498446
"squirrel_13",162,27,2.63399999999999,1,83.466,"A","F",5.08759633523238
"squirrel_13",163,2,0.232999999999976,1,65.732,"A","F",5.09375020080676
"squirrel_13",164,1,3.83300000000003,1,14.533,"A","F",5.0998664278242
"squirrel_13",165,7,2.57299999999998,1,84.972,"A","F",5.10594547390058
"squirrel_13",166,2,5.23400000000004,1,65.351,"A","F",5.11198778835654
"squirrel_13",167,0,NA,0,2.60000000000002,"A","F",5.11799381241676
"squirrel_13",168,0,NA,0,2.69999999999993,"A","F",5.12396397940326
"squirrel_13",169,15,1.5,1,146.937,"A","F",5.12989871492307
"squirrel_13",170,1,0.966999999999871,1,14.8340000000001,"A","F",5.13579843705026
"squirrel_13",171,0,NA,1,6.59999999999991,"A","F",5.14166355650266
"squirrel_13",172,1,0.766999999999825,1,3.79999999999995,"A","F",5.14749447681345
"squirrel_13",173,1,1.59999999999991,1,10.4000000000001,"A","F",5.15329159449778
"squirrel_13",174,2,0.932999999999993,1,7.73299999999995,"A","F",5.15905529921453
"squirrel_13",175,1,0.0999999999999091,1,2.70000000000005,"A","F",5.16478597392351
"squirrel_13",176,0,NA,0,3.20000000000005,"A","F",5.17048399503815
"squirrel_13",177,1,4,1,21.9389999999999,"A","F",5.17614973257383
"squirrel_14",1,2,7.8,1,5,"P","F",0
"squirrel_14",2,1,4.648,1,1.833,"P","F",0.693147180559945
"squirrel_14",3,2,7.19999999999999,1,2.30399999999997,"P","F",1.09861228866811
"squirrel_14",4,1,53.339,1,5,"P","F",1.38629436111989
"squirrel_14",5,2,38.833,1,12.185,"P","F",1.6094379124341
"squirrel_14",6,3,23.5,1,157.865,"P","F",1.79175946922805
"squirrel_14",7,16,18.4,1,84.633,"P","F",1.94591014905531
"squirrel_14",11,4,21.933,1,56.466,"P","F",2.39789527279837
"squirrel_14",13,2,4.90000000000001,1,86.905,"P","F",2.56494935746154
"squirrel_14",14,1,3.66700000000003,1,1.86700000000002,"P","F",2.63905732961526
"squirrel_14",15,1,1.26599999999996,1,2.86599999999999,"P","F",2.70805020110221
"squirrel_14",16,1,3.10000000000002,1,6.76600000000002,"P","F",2.77258872223978
"squirrel_14",17,5,8.627,1,60.165,"P","F",2.83321334405622
"squirrel_14",18,1,29.136,1,27.033,"P","F",2.89037175789616
"squirrel_14",19,1,6.23299999999998,1,3.20000000000002,"P","F",2.94443897916644
"squirrel_14",20,1,15.24,1,4.77300000000002,"P","F",2.99573227355399
"squirrel_14",21,14,0.867000000000075,1,212.365,"P","F",3.04452243772342
"squirrel_14",22,1,18.133,1,5,"P","F",3.09104245335832
"squirrel_14",23,0,NA,0,1.30700000000002,"P","F",3.13549421592915
"squirrel_14",24,9,3.173,1,98.979,"P","F",3.17805383034795
"squirrel_14",26,0,NA,0,29.7730000000001,"P","F",3.25809653802148
"squirrel_14",27,6,55.5659999999998,1,182.198,"P","F",3.29583686600433
"squirrel_14",28,3,13.1400000000001,1,175.572,"P","F",3.3322045101752
"squirrel_14",30,1,0.899999999999977,1,3.39999999999998,"P","F",3.40119738166216
"squirrel_14",31,2,0.567000000000007,1,22.333,"P","F",3.43398720448515
"squirrel_14",32,1,0.433999999999969,1,8.16699999999992,"P","F",3.46573590279973
"squirrel_14",33,3,0.599999999999909,1,16.3,"P","F",3.49650756146648
"squirrel_14",34,1,3.13300000000004,1,9.76700000000005,"P","F",3.52636052461616
"squirrel_14",35,0,NA,1,12.3660000000001,"P","F",3.55534806148941
"squirrel_14",36,5,1.20000000000005,1,6.46699999999998,"P","F",3.58351893845611
"squirrel_14",37,1,19.333,1,27.433,"P","F",3.61091791264422
"squirrel_14",38,1,2.76600000000008,1,6.46599999999989,"P","F",3.63758615972639
"squirrel_14",39,1,0.33400000000006,1,4.63400000000001,"P","F",3.66356164612965
"squirrel_14",40,0,NA,1,3.86599999999999,"P","F",3.68887945411394
"squirrel_14",41,2,0.932999999999993,1,1.09999999999991,"P","F",3.71357206670431
"squirrel_14",42,2,0.466999999999871,1,1.53399999999988,"P","F",3.73766961828337
"squirrel_14",43,4,1.5329999999999,1,4.59900000000016,"P","F",3.76120011569356
"squirrel_14",44,0,NA,1,13.366,"P","F",3.78418963391826
"squirrel_14",48,0,NA,1,1.46699999999998,"P","F",3.87120101090789
"squirrel_14",49,0,NA,1,43.3720000000001,"P","F",3.89182029811063
"squirrel_14",50,2,0.5,1,47.866,"P","F",3.91202300542815
"squirrel_14",53,0,NA,0,5.13300000000004,"P","F",3.97029191355212
"squirrel_14",54,1,1.20000000000005,0,3.63300000000004,"P","F",3.98898404656427
"squirrel_14",55,0,NA,0,10.266,"P","F",4.00733318523247
"squirrel_14",57,0,NA,0,11.433,"P","F",4.04305126783455
"squirrel_14",58,0,NA,0,6,"P","F",4.06044301054642
"squirrel_15",1,1,42.566,1,42.866,"P","M",0
"squirrel_15",2,0,NA,0,5,"P","M",0.693147180559945
"squirrel_15",4,2,2.666,0,2.899,"P","M",1.38629436111989
"squirrel_15",6,0,NA,1,5,"P","M",1.79175946922805
"squirrel_15",7,1,25.499,0,25.533,"P","M",1.94591014905531
"squirrel_15",9,1,39.9,1,40.167,"P","M",2.19722457733622
"squirrel_15",10,0,NA,1,20.1,"P","M",2.30258509299405
"squirrel_15",13,0,NA,0,9.16599999999994,"P","M",2.56494935746154
"squirrel_15",14,0,NA,0,5.69999999999993,"P","M",2.63905732961526
"squirrel_15",15,0,NA,1,62.899,"P","M",2.70805020110221
"squirrel_15",16,0,NA,1,69.6559999999999,"P","M",2.77258872223978
"squirrel_15",17,0,NA,1,65.605,"P","M",2.83321334405622
"squirrel_15",18,1,171.065,1,171.298,"P","M",2.89037175789616
"squirrel_15",19,0,NA,1,5.23299999999995,"P","M",2.94443897916644
"squirrel_15",20,1,13.8,1,14.2,"P","M",2.99573227355399
"squirrel_15",21,0,NA,1,95.444,"P","M",3.04452243772342
"squirrel_15",22,1,8.5329999999999,0,9.36599999999999,"P","M",3.09104245335832
"squirrel_15",23,1,37.2069999999999,0,37.5069999999998,"P","M",3.13549421592915
"squirrel_15",24,0,NA,1,158.656,"P","M",3.17805383034795
"squirrel_15",25,1,6.70000000000027,0,6.86599999999999,"P","M",3.2188758248682
"squirrel_15",26,0,NA,1,42.5720000000001,"P","M",3.25809653802148
"squirrel_15",27,0,NA,0,1.29999999999995,"P","M",3.29583686600433
"squirrel_16",1,0,NA,1,688.752,"A","M",0
"squirrel_16",2,1,81.365,1,81.832,"A","M",0.693147180559945
"squirrel_16",3,0,NA,0,43.966,"A","M",1.09861228866811
"squirrel_16",4,0,NA,0,121.566,"A","M",1.38629436111989
"squirrel_16",5,0,NA,0,3.16700000000003,"A","M",1.6094379124341
"squirrel_16",6,0,NA,0,65.366,"A","M",1.79175946922805
"squirrel_16",7,0,NA,1,8.5,"A","M",1.94591014905531
"squirrel_16",8,1,6.30599999999981,1,12.7389999999998,"A","M",2.07944154167984
"squirrel_16",9,1,20.1659999999999,1,20.433,"A","M",2.19722457733622
"squirrel_16",10,0,NA,1,82.9110000000001,"A","M",2.30258509299405
"squirrel_16",11,0,NA,0,8.26700000000005,"A","M",2.39789527279837
"squirrel_16",12,0,NA,1,169.565,"A","M",2.484906649788
"squirrel_16",13,1,3.76600000000002,0,4.19999999999999,"A","M",2.56494935746154
"squirrel_16",14,0,NA,0,30.966,"A","M",2.63905732961526
"squirrel_16",15,1,12.967,0,13.3,"A","M",2.70805020110221
"squirrel_16",16,1,83.033,1,5,"A","M",2.77258872223978
"squirrel_16",17,1,69.3660000000001,1,70.499,"A","M",2.83321334405622
"squirrel_16",18,0,NA,1,1.60000000000002,"A","M",2.89037175789616
"squirrel_16",19,0,NA,0,23.299,"A","M",2.94443897916644
"squirrel_16",20,1,3.66699999999992,0,4.03399999999999,"A","M",2.99573227355399
"squirrel_16",21,0,NA,1,108.566,"A","M",3.04452243772342
"squirrel_16",22,1,9.70000000000005,0,9.96699999999998,"A","M",3.09104245335832
"squirrel_16",23,1,27.972,1,28.606,"A","M",3.13549421592915
"squirrel_16",24,1,22.9329999999999,1,28.1660000000001,"A","M",3.17805383034795
"squirrel_16",25,0,NA,1,23.2,"A","M",3.2188758248682
"squirrel_16",26,0,NA,0,17.673,"A","M",3.25809653802148
"squirrel_16",27,2,60.266,1,22.8,"A","M",3.29583686600433
"squirrel_16",28,1,4.899,0,5.49900000000002,"A","M",3.3322045101752
"squirrel_16",29,8,28.366,1,151.232,"A","M",3.36729582998647
"squirrel_16",30,15,11.333,1,125.432,"A","M",3.40119738166216
"squirrel_16",31,2,32.833,0,44.8,"A","M",3.43398720448515
"squirrel_16",32,0,NA,1,1.573,"A","M",3.46573590279973
"squirrel_16",33,1,85.699,1,85.999,"A","M",3.49650756146648
"squirrel_16",34,0,NA,1,12.633,"A","M",3.52636052461616
"squirrel_16",35,0,NA,1,33.333,"A","M",3.55534806148941
"squirrel_16",36,0,NA,1,19.733,"A","M",3.58351893845611
"squirrel_16",37,0,NA,1,79.5,"A","M",3.61091791264422
"squirrel_16",38,0,NA,1,55.006,"A","M",3.63758615972639
"squirrel_16",39,0,NA,1,99.866,"A","M",3.66356164612965
"squirrel_16",40,0,NA,1,140.038,"A","M",3.68887945411394
"squirrel_16",41,0,NA,1,28.8000000000001,"A","M",3.71357206670431
"squirrel_16",42,0,NA,1,5,"A","M",3.73766961828337
"squirrel_16",43,0,NA,0,4.09999999999991,"A","M",3.76120011569356
"squirrel_16",44,0,NA,0,4.53300000000013,"A","M",3.78418963391826
"squirrel_16",45,0,NA,1,42.733,"A","M",3.80666248977032
"squirrel_16",46,1,49.099,1,49.566,"A","M",3.8286413964891
"squirrel_16",47,0,NA,1,42.133,"A","M",3.85014760171006
"squirrel_16",48,0,NA,0,36.767,"A","M",3.87120101090789
"squirrel_16",49,0,NA,0,36.366,"A","M",3.89182029811063
"squirrel_16",50,0,NA,0,11.334,"A","M",3.91202300542815
"squirrel_16",51,0,NA,0,34.04,"A","M",3.93182563272433
"squirrel_16",52,0,NA,0,12.633,"A","M",3.95124371858143
"squirrel_16",53,0,NA,0,8.69999999999993,"A","M",3.97029191355212
"squirrel_16",54,0,NA,0,12.2,"A","M",3.98898404656427
"squirrel_16",55,0,NA,0,71.399,"A","M",4.00733318523247
"squirrel_16",56,1,27.6729999999999,1,162.478,"A","M",4.02535169073515
"squirrel_16",57,0,NA,0,31.833,"A","M",4.04305126783455
"squirrel_16",58,0,NA,0,36.1,"A","M",4.06044301054642
"squirrel_16",59,1,8.79999999999995,1,9.16699999999997,"A","M",4.07753744390572
"squirrel_16",60,0,NA,0,31.033,"A","M",4.0943445622221
"squirrel_16",61,0,NA,0,4.13899999999995,"A","M",4.11087386417331
"squirrel_16",62,0,NA,1,32.299,"A","M",4.12713438504509
"squirrel_16",63,0,NA,1,32.766,"A","M",4.14313472639153
"squirrel_16",64,0,NA,0,66.9390000000001,"A","M",4.15888308335967
"squirrel_16",65,0,NA,1,81.366,"A","M",4.17438726989564
"squirrel_16",66,0,NA,1,78.466,"A","M",4.18965474202643
"squirrel_16",67,6,59.4000000000001,1,188.332,"A","M",4.20469261939097
"squirrel_16",68,15,49.373,1,394.265,"A","M",4.21950770517611
"squirrel_16",69,4,34.333,1,361.209,"A","M",4.23410650459726
"squirrel_17",1,0,NA,0,33.533,"A","M",0
"squirrel_17",2,0,NA,0,30.133,"A","M",0.693147180559945
"squirrel_17",3,0,NA,0,50.7330000000001,"A","M",1.09861228866811
"squirrel_17",4,0,NA,0,38.772,"A","M",1.38629436111989
"squirrel_17",5,0,NA,0,2.76599999999996,"A","M",1.6094379124341
"squirrel_17",7,0,NA,0,4.33300000000008,"A","M",1.94591014905531
"squirrel_17",8,0,NA,0,6.03399999999999,"A","M",2.07944154167984
"squirrel_17",9,0,NA,0,69.032,"A","M",2.19722457733622
"squirrel_17",10,0,NA,0,3.5329999999999,"A","M",2.30258509299405
"squirrel_17",11,0,NA,0,47.5329999999999,"A","M",2.39789527279837
"squirrel_17",12,0,NA,0,14.6659999999999,"A","M",2.484906649788
"squirrel_17",13,0,NA,0,30.4660000000001,"A","M",2.56494935746154
"squirrel_17",14,0,NA,0,20.8,"A","M",2.63905732961526
"squirrel_17",15,0,NA,0,199.998,"A","M",2.70805020110221
"squirrel_17",16,0,NA,0,1.30700000000002,"A","M",2.77258872223978
"squirrel_17",17,0,NA,0,78.7660000000001,"A","M",2.83321334405622
"squirrel_17",18,0,NA,0,4.23399999999992,"A","M",2.89037175789616
"squirrel_17",19,0,NA,0,10.9339999999997,"A","M",2.94443897916644
"squirrel_17",20,0,NA,0,65.906,"A","M",2.99573227355399
"squirrel_17",21,0,NA,0,39.573,"A","M",3.04452243772342
"squirrel_17",22,0,NA,0,27.133,"A","M",3.09104245335832
"squirrel_17",23,0,NA,0,2.63300000000001,"A","M",3.13549421592915
"squirrel_17",24,0,NA,0,14.867,"A","M",3.17805383034795
"squirrel_17",25,0,NA,0,5,"A","M",3.2188758248682
"squirrel_17",26,0,NA,0,21.399,"A","M",3.25809653802148
"squirrel_17",27,0,NA,0,46.533,"A","M",3.29583686600433
"squirrel_17",28,0,NA,0,11.6,"A","M",3.3322045101752
"squirrel_17",29,0,NA,0,22.6660000000001,"A","M",3.36729582998647
"squirrel_17",30,0,NA,0,57.0999999999999,"A","M",3.40119738166216
"squirrel_17",31,0,NA,0,14.2329999999999,"A","M",3.43398720448515
"squirrel_17",32,0,NA,0,20.1990000000001,"A","M",3.46573590279973
"squirrel_17",33,0,NA,0,5.69900000000001,"A","M",3.49650756146648
"squirrel_17",34,0,NA,0,3.3,"A","M",3.52636052461616
"squirrel_17",35,0,NA,0,9.133,"A","M",3.55534806148941
"squirrel_17",36,0,NA,0,5.76599999999999,"A","M",3.58351893845611
"squirrel_17",37,0,NA,0,18.9,"A","M",3.61091791264422
"squirrel_17",38,0,NA,0,36.266,"A","M",3.63758615972639
"squirrel_17",39,0,NA,0,2.83299999999997,"A","M",3.66356164612965
"squirrel_17",40,0,NA,1,1.5,"A","M",3.68887945411394
"squirrel_17",41,0,NA,1,200.498,"A","M",3.71357206670431
"squirrel_17",42,0,NA,0,36.533,"A","M",3.73766961828337
"squirrel_17",43,0,NA,0,44.1320000000001,"A","M",3.76120011569356
"squirrel_17",44,0,NA,1,111.333,"A","M",3.78418963391826
"squirrel_17",45,0,NA,1,92.872,"A","M",3.80666248977032
"squirrel_17",46,0,NA,0,3.57300000000001,"A","M",3.8286413964891
"squirrel_17",47,0,NA,0,5,"A","M",3.85014760171006
"squirrel_17",48,1,3.58699999999999,0,2.43299999999999,"A","M",3.87120101090789
"squirrel_17",49,0,NA,0,5,"A","M",3.89182029811063
"squirrel_17",50,0,NA,0,6.60000000000002,"A","M",3.91202300542815
"squirrel_17",51,0,NA,0,7.13300000000001,"A","M",3.93182563272433
"squirrel_17",52,0,NA,0,7.76900000000001,"A","M",3.95124371858143
"squirrel_17",53,0,NA,1,9.96700000000001,"A","M",3.97029191355212
"squirrel_17",54,0,NA,0,21.933,"A","M",3.98898404656427
"squirrel_17",55,0,NA,0,8.26600000000002,"A","M",4.00733318523247
"squirrel_17",56,0,NA,0,4.39999999999998,"A","M",4.02535169073515
"squirrel_17",57,1,3.53399999999999,0,3.79999999999995,"A","M",4.04305126783455
"squirrel_17",58,0,NA,0,3.03299999999996,"A","M",4.06044301054642
"squirrel_17",59,0,NA,0,16.133,"A","M",4.07753744390572
"squirrel_17",60,0,NA,0,7.96699999999998,"A","M",4.0943445622221
"squirrel_17",61,0,NA,0,92.8989999999999,"A","M",4.11087386417331
"squirrel_17",62,0,NA,0,14.1,"A","M",4.12713438504509
"squirrel_17",63,0,NA,0,11.0329999999999,"A","M",4.14313472639153
"squirrel_17",64,0,NA,0,4.63999999999999,"A","M",4.15888308335967
"squirrel_17",65,0,NA,0,2.10000000000002,"A","M",4.17438726989564
"squirrel_17",66,1,13.467,0,13.7,"A","M",4.18965474202643
"squirrel_17",67,0,NA,1,25.8990000000001,"A","M",4.20469261939097
"squirrel_17",68,0,NA,0,6.36699999999996,"A","M",4.21950770517611
"squirrel_17",69,1,27.933,0,5.73299999999995,"A","M",4.23410650459726
"squirrel_17",70,0,NA,1,27.9000000000001,"A","M",4.24849524204936
"squirrel_17",71,0,NA,0,8.90700000000015,"A","M",4.26267987704132
"squirrel_17",72,0,NA,0,8.43299999999999,"A","M",4.27666611901606
"squirrel_17",73,0,NA,0,4.86599999999999,"A","M",4.29045944114839
"squirrel_17",74,0,NA,1,4.934,"A","M",4.30406509320417
"squirrel_17",75,0,NA,1,5,"A","M",4.31748811353631
"squirrel_17",76,0,NA,1,5,"A","M",4.33073334028633
"squirrel_17",77,0,NA,1,14,"A","M",4.34380542185368
"squirrel_17",78,0,NA,1,1.434,"A","M",4.35670882668959
"squirrel_17",79,0,NA,0,5,"A","M",4.36944785246702
"squirrel_17",80,0,NA,0,3.44900000000001,"A","M",4.38202663467388
"squirrel_17",81,0,NA,1,7.334,"A","M",4.39444915467244
"squirrel_17",82,0,NA,0,5,"A","M",4.40671924726425
"squirrel_17",83,0,NA,1,9.96100000000001,"A","M",4.4188406077966
"squirrel_17",84,0,NA,1,15.073,"A","M",4.43081679884331
"squirrel_17",85,0,NA,1,11.5,"A","M",4.44265125649032
"squirrel_17",86,0,NA,1,11,"A","M",4.45434729625351
"squirrel_17",87,1,20.5329999999999,0,16.9659999999999,"A","M",4.46590811865458
"squirrel_17",88,0,NA,0,8.13299999999992,"A","M",4.47733681447821
"squirrel_17",90,0,NA,0,11.2,"A","M",4.49980967033027
"squirrel_17",91,1,10.133,1,10.4,"A","M",4.51085950651685
"squirrel_17",92,0,NA,0,22.966,"A","M",4.52178857704904
"squirrel_17",93,0,NA,0,5.56700000000001,"A","M",4.53259949315326
"squirrel_17",94,1,9.96699999999998,1,10.167,"A","M",4.54329478227
"squirrel_17",95,1,0.966000000000008,0,1.63299999999992,"A","M",4.55387689160054
"squirrel_17",96,0,NA,1,2.43399999999997,"A","M",4.56434819146784
"squirrel_17",97,0,NA,0,21.5,"A","M",4.57471097850338
"squirrel_17",98,0,NA,1,8.76599999999996,"A","M",4.58496747867057
"squirrel_17",99,0,NA,0,3.03399999999999,"A","M",4.59511985013459
"squirrel_17",100,1,30.933,1,31.033,"A","M",4.60517018598809
"squirrel_17",101,1,13.8670000000001,0,14.6999999999999,"A","M",4.61512051684126
"squirrel_17",102,0,NA,1,21.2329999999999,"A","M",4.62497281328427
"squirrel_17",103,0,NA,0,6.73299999999995,"A","M",4.63472898822964
"squirrel_17",104,1,57.4169999999999,1,61.184,"A","M",4.64439089914137
"squirrel_17",105,0,NA,1,31.366,"A","M",4.65396035015752
"squirrel_17",106,0,NA,0,5,"A","M",4.66343909411207
"squirrel_17",107,0,NA,1,7.29999999999995,"A","M",4.67282883446191
"squirrel_17",108,0,NA,0,3.74599999999987,"A","M",4.68213122712422
"squirrel_17",109,0,NA,0,10.5,"A","M",4.69134788222914
"squirrel_17",110,0,NA,1,39.106,"A","M",4.70048036579242
"squirrel_17",111,0,NA,0,5,"A","M",4.70953020131233
"squirrel_17",112,1,11.034,0,11.267,"A","M",4.71849887129509
"squirrel_17",113,0,NA,1,11.033,"A","M",4.72738781871234
"squirrel_17",114,0,NA,1,5,"A","M",4.7361984483945
"squirrel_17",115,0,NA,0,7.34,"A","M",4.74493212836325
"squirrel_17",116,0,NA,1,4,"A","M",4.75359019110636
"squirrel_17",117,0,NA,0,5.53399999999999,"A","M",4.76217393479776
"squirrel_17",118,0,NA,0,24.166,"A","M",4.77068462446567
"squirrel_17",119,0,NA,0,14.2,"A","M",4.77912349311153
"squirrel_17",120,1,69.599,0,69.799,"A","M",4.78749174278205
"squirrel_17",121,0,NA,1,101.499,"A","M",4.79579054559674
"squirrel_17",122,0,NA,0,21.9670000000001,"A","M",4.80402104473326
"squirrel_17",123,0,NA,0,26.933,"A","M",4.81218435537242
"squirrel_17",124,0,NA,0,57.739,"A","M",4.82028156560504
"squirrel_17",125,1,26.3389999999999,1,26.3729999999999,"A","M",4.8283137373023
"squirrel_17",126,1,88.6460000000001,1,88.846,"A","M",4.83628190695148
"squirrel_17",127,0,NA,1,5,"A","M",4.84418708645859
"squirrel_17",128,0,NA,0,9.5,"A","M",4.85203026391962
"squirrel_17",129,1,5.06799999999998,1,5.16800000000001,"A","M",4.85981240436167
"squirrel_17",130,0,NA,0,5,"A","M",4.86753445045558
"squirrel_17",131,0,NA,1,4.99299999999994,"A","M",4.87519732320115
"squirrel_17",132,0,NA,1,13.2329999999999,"A","M",4.88280192258637
"squirrel_17",133,0,NA,0,4.90000000000009,"A","M",4.89034912822175
"squirrel_17",134,0,NA,0,10.366,"A","M",4.89783979995091
"squirrel_17",135,0,NA,0,6.63400000000001,"A","M",4.90527477843843
"squirrel_17",136,1,10.4730000000002,0,10.6400000000001,"A","M",4.91265488573605
"squirrel_17",137,1,22.213,1,22.346,"A","M",4.91998092582813
"squirrel_17",138,0,NA,0,15.133,"A","M",4.92725368515721
"squirrel_17",139,0,NA,0,20.0989999999999,"A","M",4.93447393313069
"squirrel_17",140,0,NA,0,5,"A","M",4.9416424226093
"squirrel_17",141,0,NA,0,3.40100000000007,"A","M",4.94875989037817
"squirrel_17",142,0,NA,0,5,"A","M",4.95582705760126
"squirrel_17",143,0,NA,0,3.66700000000014,"A","M",4.96284463025991
"squirrel_17",146,0,NA,0,1.62599999999998,"A","M",4.98360662170834
"squirrel_17",147,0,NA,0,4.90699999999993,"A","M",4.99043258677874
"squirrel_17",149,0,NA,0,4.33300000000008,"A","M",5.00394630594546
"squirrel_17",150,1,25.3330000000001,0,25.633,"A","M",5.01063529409626
"squirrel_17",151,0,NA,1,42.299,"A","M",5.01727983681492
"squirrel_17",152,0,NA,1,102.539,"A","M",5.02388052084628
"squirrel_17",153,1,1457.387,1,1.134,"A","M",5.03043792139244
"squirrel_17",154,0,NA,0,5.5,"A","M",5.03695260241363
"squirrel_17",155,0,NA,0,2.03399999999999,"A","M",5.04342511691925
"squirrel_17",156,0,NA,0,12.2,"A","M",5.04985600724954
"squirrel_17",157,1,1.06699999999999,0,2.167,"A","M",5.05624580534831
"squirrel_17",158,1,24.866,1,25.433,"A","M",5.06259503302697
"squirrel_17",159,0,NA,1,20.033,"A","M",5.06890420222023
"squirrel_17",160,1,12.7,1,13.134,"A","M",5.07517381523383
"squirrel_17",161,0,NA,1,19.6,"A","M",5.08140436498446
"squirrel_17",162,1,1.93299999999999,0,2.5,"A","M",5.08759633523238
"squirrel_17",163,0,NA,0,5.73400000000004,"A","M",5.09375020080676
"squirrel_17",164,0,NA,0,3.79999999999995,"A","M",5.0998664278242
"squirrel_17",165,0,NA,0,2.53299999999996,"A","M",5.10594547390058
"squirrel_17",166,0,NA,0,2.63400000000001,"A","M",5.11198778835654
"squirrel_17",167,0,NA,0,1.33400000000006,"A","M",5.11799381241676
"squirrel_17",168,0,NA,0,1.43999999999994,"A","M",5.12396397940326
"squirrel_17",169,2,6.69999999999999,0,6.86700000000002,"A","M",5.12989871492307
"squirrel_17",170,0,NA,1,13,"A","M",5.13579843705026
"squirrel_17",171,0,NA,1,21.1,"A","M",5.14166355650266
"squirrel_17",172,1,9.16700000000003,0,9.5,"A","M",5.14749447681345
"squirrel_17",173,0,NA,1,1.59899999999999,"A","M",5.15329159449778
"squirrel_17",174,0,NA,0,2.33300000000003,"A","M",5.15905529921453
"squirrel_17",175,0,NA,0,2.06600000000003,"A","M",5.16478597392351
"squirrel_17",176,0,NA,0,2.06700000000001,"A","M",5.17048399503815
"squirrel_17",177,1,6.56700000000001,0,7.267,"A","M",5.17614973257383
"squirrel_17",178,0,NA,1,9.70000000000005,"A","M",5.18178355029209
"squirrel_17",179,0,NA,0,3.56600000000003,"A","M",5.18738580584075
"squirrel_17",180,1,14.5,0,14.7330000000001,"A","M",5.19295685089021
"squirrel_17",181,0,NA,0,1.26700000000005,"A","M",5.19849703126583
"squirrel_17",182,1,19.4,1,21.2339999999999,"A","M",5.2040066870768
"squirrel_17",183,0,NA,0,4.63400000000001,"A","M",5.20948615284142
"squirrel_17",184,0,NA,0,2.33299999999997,"A","M",5.21493575760899
"squirrel_17",185,0,NA,0,1.76700000000005,"A","M",5.22035582507832
"squirrel_17",186,1,4.10000000000002,0,4.43299999999999,"A","M",5.2257466737132
"squirrel_17",187,0,NA,1,14.8,"A","M",5.23110861685459
"squirrel_17",188,1,6.63300000000004,1,6.79999999999995,"A","M",5.23644196282995
"squirrel_17",189,0,NA,1,6.39999999999998,"A","M",5.24174701505964
"squirrel_17",190,0,NA,1,6.96600000000001,"A","M",5.24702407216049
"squirrel_17",191,0,NA,0,3.13300000000004,"A","M",5.25227342804663
"squirrel_17",193,1,5.5,0,5.86699999999996,"A","M",5.26269018890489
"squirrel_17",194,0,NA,1,12.2,"A","M",5.26785815906333
"squirrel_17",195,0,NA,1,4.03300000000002,"A","M",5.27299955856375
"squirrel_17",196,1,13,1,7.79999999999995,"A","M",5.27811465923052
"squirrel_17",197,0,NA,0,9.3660000000001,"A","M",5.28320372873799
"squirrel_17",198,1,13.7330000000001,1,15.033,"A","M",5.28826703069454
"squirrel_17",199,0,NA,0,5.10000000000002,"A","M",5.29330482472449
"squirrel_17",200,0,NA,0,5.53399999999999,"A","M",5.29831736654804
"squirrel_17",201,0,NA,0,3.36700000000008,"A","M",5.30330490805908
"squirrel_17",202,0,NA,0,1.70000000000005,"A","M",5.30826769740121
"squirrel_17",203,0,NA,0,2,"A","M",5.31320597904179
"squirrel_17",204,0,NA,0,1.36599999999999,"A","M",5.31811999384422
"squirrel_17",205,1,6.43299999999999,0,6.96600000000012,"A","M",5.32300997913841
"squirrel_17",206,0,NA,0,3.16699999999992,"A","M",5.32787616878958
"squirrel_17",207,1,11.7660000000001,1,12.3330000000001,"A","M",5.33271879326537
"squirrel_17",208,0,NA,1,5,"A","M",5.33753807970132
"squirrel_17",209,1,20.8,1,13.8,"A","M",5.34233425196481
"squirrel_17",210,0,NA,1,5.33299999999986,"A","M",5.34710753071747
"squirrel_17",211,2,3.7059999999999,0,7.10599999999999,"A","M",5.35185813347607
"squirrel_17",212,1,10.0329999999999,1,10.6669999999999,"A","M",5.35658627467201
"squirrel_17",213,0,NA,0,1.29999999999995,"A","M",5.36129216570943
"squirrel_17",214,0,NA,1,5,"A","M",5.36597601502185
"squirrel_17",216,0,NA,0,3.33300000000008,"A","M",5.37527840768417
"squirrel_17",217,0,NA,0,1.807,"A","M",5.37989735354046
"squirrel_17",219,0,NA,0,5,"A","M",5.3890717298165
"squirrel_17",220,0,NA,0,24.866,"A","M",5.39362754635236
"squirrel_17",221,0,NA,1,5.507,"A","M",5.39816270151775
"squirrel_17",222,0,NA,0,3.96599999999999,"A","M",5.40267738187228
"squirrel_17",223,0,NA,0,6.267,"A","M",5.40717177146012
"squirrel_17",224,0,NA,0,16.7,"A","M",5.41164605185504
"squirrel_17",225,0,NA,0,10.167,"A","M",5.41610040220442
"squirrel_17",226,0,NA,0,1.70000000000002,"A","M",5.42053499927229
"squirrel_17",227,0,NA,0,35.5,"A","M",5.4249500174814
"squirrel_17",228,0,NA,0,18.433,"A","M",5.42934562895444
"squirrel_17",229,0,NA,0,3.767,"A","M",5.43372200355424
"squirrel_17",230,1,18.706,0,18.906,"A","M",5.4380793089232
"squirrel_17",231,0,NA,0,79.2,"A","M",5.44241771052179
"squirrel_17",232,0,NA,0,26.34,"A","M",5.44673737166631
"squirrel_17",234,0,NA,1,56.5719999999999,"A","M",5.4553211153577
"squirrel_17",235,0,NA,0,26.1659999999999,"A","M",5.45958551414416
"squirrel_17",236,0,NA,0,9.56600000000003,"A","M",5.46383180502561
"squirrel_17",237,1,5.20000000000005,0,5.40000000000009,"A","M",5.46806014113513
"squirrel_17",238,1,20.9659999999999,1,21.2329999999999,"A","M",5.47227067367148
"squirrel_17",239,1,22.1669999999999,1,22.3329999999999,"A","M",5.47646355193151
"squirrel_17",240,1,18.8999999999999,1,19.1329999999998,"A","M",5.48063892334199
"squirrel_17",241,0,NA,1,12.9670000000001,"A","M",5.48479693349065
"squirrel_17",242,1,47.673,0,48.0059999999999,"A","M",5.48893772615669
"squirrel_17",243,0,NA,1,31.8670000000002,"A","M",5.49306144334055
"squirrel_17",244,0,NA,1,37.7660000000001,"A","M",5.4971682252932
"squirrel_17",245,0,NA,0,5.40699999999993,"A","M",5.50125821054473
"squirrel_17",246,1,9.29999999999995,0,9.66599999999994,"A","M",5.50533153593236
"squirrel_17",247,0,NA,1,37.5329999999999,"A","M",5.50938833662798
"squirrel_17",248,0,NA,0,34.5329999999999,"A","M",5.51342874616498
"squirrel_17",249,0,NA,0,21.5,"A","M",5.51745289646471
"squirrel_17",250,1,16.7130000000002,1,17.0460000000003,"A","M",5.52146091786225
"squirrel_17",251,1,31.1329999999998,1,31.3330000000001,"A","M",5.52545293913178
"squirrel_17",252,0,NA,0,4.56700000000001,"A","M",5.52942908751142
"squirrel_17",253,0,NA,1,8.26600000000001,"A","M",5.53338948872752
"squirrel_17",254,0,NA,1,5,"A","M",5.53733426701854
"squirrel_17",255,1,44,1,44.2,"A","M",5.54126354515843
"squirrel_17",256,1,10.766,1,2.5,"A","M",5.54517744447956
"squirrel_17",258,0,NA,1,2.11200000000002,"A","M",5.55295958492162
"squirrel_17",259,1,1.51799999999997,1,1.75200000000001,"A","M",5.55682806169954
"squirrel_17",260,0,NA,0,5,"A","M",5.56068163101553
"squirrel_17",261,1,18.866,1,9.07499999999999,"A","M",5.56452040732269
"squirrel_17",262,1,20.633,1,11.27,"A","M",5.5683445037611
"squirrel_17",263,0,NA,1,48.033,"A","M",5.57215403217776
"squirrel_17",264,1,5.36700000000002,0,5.60000000000002,"A","M",5.57594910314632
"squirrel_17",265,1,54.899,1,45.499,"A","M",5.57972982598622
"squirrel_17",266,1,18.733,1,19.066,"A","M",5.5834963087817
"squirrel_17",267,0,NA,0,5,"A","M",5.58724865840025
"squirrel_17",268,0,NA,1,18.033,"A","M",5.59098698051086
"squirrel_17",269,1,9.928,0,10.261,"A","M",5.59471137960184
"squirrel_17",270,1,8.89999999999998,0,9.20000000000005,"A","M",5.59842195899838
"squirrel_17",271,0,NA,1,6.66699999999992,"A","M",5.6021188208797
"squirrel_17",272,0,NA,0,9.60000000000002,"A","M",5.605802066296
"squirrel_17",273,0,NA,1,208.065,"A","M",5.60947179518496
"squirrel_17",274,1,10.634,0,10.8,"A","M",5.61312810638807
"squirrel_17",275,1,36.6660000000002,1,36.8990000000001,"A","M",5.61677109766657
"squirrel_17",276,1,29.1659999999999,1,29.433,"A","M",5.62040086571715
"squirrel_17",277,0,NA,1,67.5,"A","M",5.62401750618734
"squirrel_17",278,1,56.6719999999998,0,57.3059999999998,"A","M",5.62762111369064
"squirrel_17",279,1,791.714,0,1.96600000000001,"A","M",5.63121178182137
"squirrel_17",280,0,NA,0,20.7,"A","M",5.63478960316925
"squirrel_17",281,0,NA,1,12.7330000000002,"A","M",5.63835466933375
"squirrel_17",282,0,NA,1,46.7660000000001,"A","M",5.64190707093811
"squirrel_17",283,0,NA,1,81.865,"A","M",5.64544689764324
"squirrel_17",284,0,NA,0,4.69999999999982,"A","M",5.64897423816121
"squirrel_17",285,1,22.8,1,60.2389999999998,"A","M",5.65248918026865
"squirrel_17",286,0,NA,1,43.2389999999996,"A","M",5.65599181081985
"squirrel_17",287,1,78.4120000000003,1,142.117,"A","M",5.65948221575962
"squirrel_17",288,0,NA,0,4.33300000000008,"A","M",5.66296048013595
"squirrel_17",289,0,NA,1,73.2049999999999,"A","M",5.66642668811243
"squirrel_17",290,0,NA,0,48.2669999999998,"A","M",5.66988092298052
"squirrel_17",291,0,NA,1,123.239,"A","M",5.67332326717149
"squirrel_17",292,0,NA,0,13.7330000000002,"A","M",5.67675380226828
"squirrel_17",293,0,NA,0,19.9720000000002,"A","M",5.68017260901707
"squirrel_17",294,1,0.932999999999993,0,1.19999999999982,"A","M",5.68357976733868
"squirrel_17",295,0,NA,1,32.3989999999999,"A","M",5.68697535633982
"squirrel_17",296,0,NA,0,20.5330000000004,"A","M",5.69035945432406
"squirrel_17",297,0,NA,1,56.639,"A","M",5.6937321388027
"squirrel_17",298,0,NA,1,55.366,"A","M",5.6970934865054
"squirrel_17",299,0,NA,0,25.433,"A","M",5.70044357339069
"squirrel_17",300,1,49.3320000000001,1,49.632,"A","M",5.7037824746562
"squirrel_17",301,1,27.534,1,27.867,"A","M",5.70711026474888
"squirrel_17",302,1,7.166,1,55.433,"A","M",5.71042701737487
"squirrel_17",303,0,NA,0,24.9,"A","M",5.71373280550937
"squirrel_17",304,0,NA,0,5,"A","M",5.71702770140622
"squirrel_17",305,0,NA,1,1.47399999999999,"A","M",5.72031177660741
"squirrel_17",306,3,23.272,1,35.672,"A","M",5.72358510195238
"squirrel_17",307,0,NA,1,4.17499999999995,"A","M",5.7268477475872
"squirrel_17",308,0,NA,1,4.76499999999999,"A","M",5.73009978297357
"squirrel_17",309,2,6.43100000000004,1,5.83299999999997,"A","M",5.73334127689775
"squirrel_17",310,2,51.905,1,61.7719999999999,"A","M",5.73657229747919
"squirrel_17",311,1,15.318,0,13.5,"A","M",5.73979291217923
"squirrel_17",312,3,11.412,1,8.33299999999997,"A","M",5.74300318780948
"squirrel_17",313,0,NA,0,43.066,"A","M",5.74620319054015
"squirrel_17",314,0,NA,0,5,"A","M",5.74939298590825
"squirrel_17",315,0,NA,1,14.283,"A","M",5.75257263882563
"squirrel_17",316,2,35.8490000000002,1,63.3390000000002,"A","M",5.75574221358691
"squirrel_17",317,1,3.33400000000006,0,3.79999999999995,"A","M",5.75890177387728
"squirrel_17",318,1,16.2329999999999,1,12.8239999999998,"A","M",5.76205138278018
"squirrel_17",319,1,11.9690000000001,1,5.83300000000008,"A","M",5.76519110278484
"squirrel_17",320,0,NA,1,5,"A","M",5.76832099579377
"squirrel_17",321,0,NA,0,6.23399999999992,"A","M",5.77144112313002
"squirrel_17",322,3,61.3729999999998,1,175.212,"A","M",5.77455154554441
"squirrel_17",323,4,23.105,1,226.242,"A","M",5.77765232322266
"squirrel_17",324,0,NA,0,19.367,"A","M",5.78074351579233
"squirrel_17",325,0,NA,0,10.2329999999999,"A","M",5.78382518232974
"squirrel_17",326,0,NA,0,27.7,"A","M",5.78689738136671
"squirrel_17",327,0,NA,0,18.066,"A","M",5.78996017089725
"squirrel_17",328,0,NA,0,2.09999999999997,"A","M",5.79301360838414
"squirrel_17",329,0,NA,1,26.1,"A","M",5.79605775076537
"squirrel_17",330,0,NA,1,33.766,"A","M",5.79909265446053
"squirrel_17",331,1,8.707,0,8.973,"A","M",5.80211837537706
"squirrel_17",332,0,NA,1,19.233,"A","M",5.80513496891649
"squirrel_17",333,0,NA,0,2,"A","M",5.80814248998044
"squirrel_17",334,0,NA,0,26.5,"A","M",5.8111409929767
"squirrel_17",335,0,NA,0,1.273,"A","M",5.81413053182507
"squirrel_18",1,0,NA,1,5,"A","F",0
"squirrel_18",2,0,NA,1,35.466,"A","F",0.693147180559945
"squirrel_18",3,0,NA,0,33.5,"A","F",1.09861228866811
"squirrel_18",4,0,NA,0,22.799,"A","F",1.38629436111989
"squirrel_18",5,0,NA,0,47.973,"A","F",1.6094379124341
"squirrel_18",6,0,NA,1,5,"A","F",1.79175946922805
"squirrel_18",7,0,NA,0,24.6559999999999,"A","F",1.94591014905531
"squirrel_18",8,1,4.93299999999999,0,5.23299999999995,"A","F",2.07944154167984
"squirrel_18",9,0,NA,1,32.6659999999999,"A","F",2.19722457733622
"squirrel_18",10,0,NA,0,21.533,"A","F",2.30258509299405
"squirrel_18",11,0,NA,0,5,"A","F",2.39789527279837
"squirrel_18",13,1,3.39999999999998,1,4.666,"A","F",2.56494935746154
"squirrel_18",14,0,NA,0,11.266,"A","F",2.63905732961526
"squirrel_18",15,0,NA,0,3,"A","F",2.70805020110221
"squirrel_18",16,0,NA,0,5,"A","F",2.77258872223978
"squirrel_18",17,0,NA,0,1.56700000000001,"A","F",2.83321334405622
"squirrel_18",18,0,NA,1,30.472,"A","F",2.89037175789616
"squirrel_18",19,0,NA,0,1.56700000000001,"A","F",2.94443897916644
"squirrel_18",20,1,70.685,1,68.545,"A","F",2.99573227355399
"squirrel_18",21,0,NA,0,5,"A","F",3.04452243772342
"squirrel_18",22,0,NA,1,5,"A","F",3.09104245335832
"squirrel_18",23,0,NA,0,9.17400000000001,"A","F",3.13549421592915
"squirrel_18",24,0,NA,0,5.19300000000001,"A","F",3.17805383034795
"squirrel_18",25,0,NA,0,5,"A","F",3.2188758248682
"squirrel_18",26,1,5.63400000000001,0,6.06700000000001,"A","F",3.25809653802148
"squirrel_18",27,2,4.09899999999999,1,4.899,"A","F",3.29583686600433
"squirrel_18",28,1,30.133,0,31.033,"A","F",3.3322045101752
"squirrel_18",29,0,NA,0,16.652,"A","F",3.36729582998647
"squirrel_18",30,0,NA,1,3.86700000000002,"A","F",3.40119738166216
"squirrel_18",31,0,NA,0,7.30000000000001,"A","F",3.43398720448515
"squirrel_18",32,1,65.457,1,10.406,"A","F",3.46573590279973
"squirrel_18",33,0,NA,0,22.672,"A","F",3.49650756146648
"squirrel_18",34,1,7,0,8.3660000000001,"A","F",3.52636052461616
"squirrel_18",35,1,29.8390000000001,0,33.005,"A","F",3.55534806148941
