"Subject","cumulative_visits","solves_per_visit","latency_to_first_solve","consumption","total_time_present","age","sex","con_pres","log_cumulative_visits"
"squirrel_25",1,0,NA,1,5,"A","F",0,0
"squirrel_6",1,1,86.599,1,86.833,"A","M",0,0
"squirrel_6",2,0,NA,1,11.3,"A","M",0,0.693147180559945
"squirrel_6",3,0,NA,0,17.4,"A","M",0,1.09861228866811
"squirrel_6",4,1,44.133,1,44.533,"A","M",0,1.38629436111989
"squirrel_6",5,0,NA,1,90.199,"A","M",0,1.6094379124341
"squirrel_6",6,0,NA,0,11.5,"A","M",0,1.79175946922805
"squirrel_24",1,3,7.8,1,116.699,"P","F",0,0
"squirrel_24",2,2,38.833,1,116.932,"P","F",0,0.693147180559945
"squirrel_24",3,3,23.5,1,157.865,"P","F",0,1.09861228866811
"squirrel_24",4,3,40.7329999999999,1,99.072,"P","F",0,1.38629436111989
"squirrel_34",1,0,NA,1,69.606,"A","F",0,0
"squirrel_6",1,0,NA,0,3.7,"A","M",0,0
"squirrel_6",2,0,NA,0,25.199,"A","M",0,0.693147180559945
"squirrel_6",3,1,14.133,0,14.133,"A","M",0,1.09861228866811
"squirrel_6",4,0,NA,1,36.366,"A","M",0,1.38629436111989
"squirrel_6",5,0,NA,0,15.5,"A","M",0,1.6094379124341
"squirrel_6",6,0,NA,0,18.306,"A","M",0,1.79175946922805
"squirrel_6",7,0,NA,0,5.60000000000002,"A","M",1,1.94591014905531
"squirrel_6",8,0,NA,0,24.766,"A","M",1,2.07944154167984
"squirrel_6",9,0,NA,0,28.733,"A","M",1,2.19722457733622
"squirrel_6",10,0,NA,0,22.733,"A","M",1,2.30258509299405
"squirrel_24",1,0,NA,0,1.833,"P","F",0,0
"squirrel_24",2,2,7.19999999999999,1,63.433,"P","F",1,0.693147180559945
"squirrel_24",3,1,53.339,1,83.539,"P","F",1,1.09861228866811
"squirrel_34",1,0,NA,0,5,"A","F",0,0
"squirrel_25",1,0,NA,0,47.2,"A","F",0,0
"squirrel_25",2,0,NA,0,9.467,"A","F",0,0.693147180559945
"squirrel_25",3,0,NA,1,93.805,"A","F",0,1.09861228866811
"squirrel_25",4,0,NA,0,2.93299999999999,"A","F",0,1.38629436111989
"squirrel_25",5,1,4.93299999999999,0,5.36700000000002,"A","F",0,1.6094379124341
"squirrel_25",6,0,NA,1,81.638,"A","F",0,1.79175946922805
"squirrel_25",7,0,NA,1,21.9000000000001,"A","F",0,1.94591014905531
"squirrel_25",8,0,NA,0,2.86700000000008,"A","F",0,2.07944154167984
"squirrel_25",9,0,NA,0,26.2329999999999,"A","F",0,2.19722457733622
"squirrel_2",1,0,NA,1,49.2329999999999,"A","F",0,0
"squirrel_2",2,1,86.2660000000001,1,86.466,"A","F",0,0.693147180559945
"squirrel_2",3,1,104.772,1,105.172,"A","F",0,1.09861228866811
"squirrel_2",4,1,56.973,1,57.1390000000001,"A","F",0,1.38629436111989
"squirrel_2",5,0,NA,1,5,"A","F",0,1.6094379124341
"squirrel_6",1,1,9.36599999999999,0,10.1659999999999,"A","M",0,0
"squirrel_6",2,0,NA,1,42.333,"A","M",0,0.693147180559945
"squirrel_24",1,0,NA,0,6,"P","F",0,0
"squirrel_34",2,0,NA,0,19.033,"A","F",0,0.693147180559945
"squirrel_34",3,0,NA,0,18.733,"A","F",0,1.09861228866811
"squirrel_34",4,1,2.53399999999999,0,2.80000000000001,"A","F",0,1.38629436111989
"squirrel_34",5,0,NA,0,1.66600000000003,"A","F",0,1.6094379124341
"squirrel_34",6,0,NA,0,22,"A","F",0,1.79175946922805
"squirrel_34",7,0,NA,0,21.233,"A","F",0,1.94591014905531
"squirrel_34",8,0,NA,0,43.533,"A","F",0,2.07944154167984
"squirrel_1",1,1,4.09999999999999,0,4.69999999999999,"A","F",0,0
"squirrel_1",2,0,NA,0,16.899,"A","F",0,0.693147180559945
"squirrel_1",3,0,NA,0,7.70000000000002,"A","F",0,1.09861228866811
"squirrel_1",4,0,NA,0,31.767,"A","F",0,1.38629436111989
"squirrel_1",5,0,NA,0,13,"A","F",0,1.6094379124341
"squirrel_10",1,0,NA,0,101.699,"P","F",0,0
"squirrel_10",2,0,NA,1,20.506,"P","F",0,0.693147180559945
"squirrel_1",1,0,NA,0,46.666,"A","F",0,0
"squirrel_1",2,0,NA,0,42.106,"A","F",0,0.693147180559945
"squirrel_1",4,1,24.134,0,25.367,"A","F",1,1.38629436111989
"squirrel_1",5,0,NA,0,87.999,"A","F",0,1.6094379124341
"squirrel_1",6,0,NA,0,27.866,"A","F",0,1.79175946922805
"squirrel_1",7,0,NA,0,7.49899999999997,"A","F",0,1.94591014905531
"squirrel_1",8,0,NA,1,209.331,"A","F",0,2.07944154167984
"squirrel_1",9,1,36.7,0,37.8000000000001,"A","F",0,2.19722457733622
"squirrel_1",10,0,NA,1,84.106,"A","F",0,2.30258509299405
"squirrel_1",11,0,NA,0,13.8659999999999,"A","F",0,2.39789527279837
"squirrel_10",1,1,6.47300000000001,0,7.47300000000001,"P","F",0,0
"squirrel_18",1,0,NA,0,41.5330000000001,"A","F",1,0
"squirrel_18",2,4,69.433,1,262.664,"A","F",0,0.693147180559945
"squirrel_24",1,6,4.5,1,140.266,"P","F",0,0
"squirrel_34",1,0,NA,0,21.206,"A","F",0,0
"squirrel_34",2,0,NA,0,11.006,"A","F",0,0.693147180559945
"squirrel_34",3,0,NA,1,16.867,"A","F",0,1.09861228866811
"squirrel_34",4,0,NA,0,5.90000000000003,"A","F",0,1.38629436111989
"squirrel_34",5,0,NA,0,9.33300000000003,"A","F",0,1.6094379124341
"squirrel_1",1,0,NA,0,28.3,"A","F",0,0
"squirrel_1",2,0,NA,0,14.433,"A","F",0,0.693147180559945
"squirrel_1",3,0,NA,0,3.666,"A","F",0,1.09861228866811
"squirrel_1",4,1,4.96699999999998,0,5.40000000000001,"A","F",0,1.38629436111989
"squirrel_1",5,0,NA,0,22.933,"A","F",0,1.6094379124341
"squirrel_10",1,0,NA,0,35.533,"P","F",0,0
"squirrel_25",1,0,NA,0,17.766,"A","F",0,0
"squirrel_25",2,0,NA,0,19.033,"A","F",0,0.693147180559945
"squirrel_14",1,0,NA,1,70.099,"P","F",0,0
"squirrel_14",2,0,NA,1,50.6,"P","F",0,0.693147180559945
"squirrel_31",1,0,NA,0,3.333,"P","F",0,0
"squirrel_31",2,0,NA,0,5,"P","F",1,0.693147180559945
"squirrel_31",3,1,0.566000000000031,0,1.53300000000002,"P","F",1,1.09861228866811
"squirrel_31",4,1,0,0,5,"P","F",0,1.38629436111989
"squirrel_32",1,0,NA,1,170.818,"A","F",0,0
"squirrel_32",2,0,NA,0,33.5,"A","F",0,0.693147180559945
"squirrel_32",3,0,NA,1,83.799,"A","F",0,1.09861228866811
"squirrel_31",1,0,NA,0,3.007,"P","F",0,0
"squirrel_31",2,0,NA,0,1.233,"P","F",0,0.693147180559945
"squirrel_31",3,0,NA,1,78.599,"P","F",0,1.09861228866811
"squirrel_31",4,0,NA,0,2.80000000000001,"P","F",1,1.38629436111989
"squirrel_31",5,0,NA,0,5.46699999999998,"P","F",1,1.6094379124341
"squirrel_31",7,0,NA,0,1.233,"P","F",1,1.94591014905531
"squirrel_31",8,0,NA,0,1.73399999999998,"P","F",1,2.07944154167984
"squirrel_31",9,1,36.366,0,5,"P","F",0,2.19722457733622
"squirrel_31",11,1,0.966000000000008,0,1.29900000000004,"P","F",1,2.39789527279837
"squirrel_31",12,0,NA,0,118.532,"P","F",0,2.484906649788
"squirrel_31",13,0,NA,1,50.1659999999999,"P","F",0,2.56494935746154
"squirrel_31",14,1,88.4390000000001,0,88.772,"P","F",0,2.63905732961526
"squirrel_32",1,0,NA,0,35.466,"A","F",0,0
"squirrel_32",2,0,NA,0,47.973,"A","F",1,0.693147180559945
"squirrel_32",3,0,NA,0,30.973,"A","F",1,1.09861228866811
"squirrel_12",1,1,72.166,1,73.088,"A","F",0,0
"squirrel_12",2,0,NA,1,63.266,"A","F",0,0.693147180559945
"squirrel_12",3,0,NA,0,5,"A","F",0,1.09861228866811
"squirrel_12",4,1,4.13299999999998,0,5,"A","F",0,1.38629436111989
"squirrel_12",5,0,NA,0,5.93399999999997,"A","F",0,1.6094379124341
"squirrel_14",1,0,NA,0,19.566,"P","F",1,0
"squirrel_14",2,0,NA,0,10.767,"P","F",1,0.693147180559945
"squirrel_31",1,1,7.53299999999996,0,10.9,"P","F",1,0
"squirrel_31",2,0,NA,0,13.1,"P","F",1,0.693147180559945
"squirrel_32",1,0,NA,0,22.799,"A","F",1,0
"squirrel_4",1,0,NA,1,36.3,"A","M",0,0
"squirrel_4",2,0,NA,0,4.976,"A","M",0,0.693147180559945
"squirrel_4",3,0,NA,1,15,"A","M",0,1.09861228866811
"squirrel_4",4,0,NA,0,5,"A","M",0,1.38629436111989
"squirrel_4",6,0,NA,1,10,"A","M",0,1.79175946922805
"squirrel_4",7,1,6.79999999999998,0,7,"A","M",0,1.94591014905531
"squirrel_4",8,0,NA,1,30.1,"A","M",0,2.07944154167984
"squirrel_4",9,1,12,0,12.7,"A","M",0,2.19722457733622
"squirrel_10",1,0,NA,1,62.566,"P","F",0,0
"squirrel_10",2,0,NA,0,7.59999999999999,"P","F",0,0.693147180559945
"squirrel_10",3,0,NA,0,20.133,"P","F",0,1.09861228866811
"squirrel_10",4,0,NA,0,3.33300000000003,"P","F",0,1.38629436111989
"squirrel_10",5,0,NA,1,54.866,"P","F",0,1.6094379124341
"squirrel_10",6,0,NA,0,31.1990000000001,"P","F",0,1.79175946922805
"squirrel_10",7,0,NA,0,8.03300000000002,"P","F",0,1.94591014905531
"squirrel_10",8,0,NA,0,2.96600000000001,"P","F",0,2.07944154167984
"squirrel_4",1,0,NA,1,30.323,"A","M",1,0
"squirrel_4",2,1,1.40000000000001,0,2.40000000000001,"A","M",0,0.693147180559945
"squirrel_4",3,1,64.166,1,64.432,"A","M",0,1.09861228866811
"squirrel_4",4,1,57.566,1,57.666,"A","M",0,1.38629436111989
"squirrel_4",5,0,NA,1,72.666,"A","M",0,1.6094379124341
"squirrel_4",6,1,6.03300000000002,0,7.267,"A","M",0,1.79175946922805
"squirrel_4",7,1,5.70699999999999,0,7.53999999999996,"A","M",0,1.94591014905531
"squirrel_4",8,0,NA,0,12.6999999999999,"A","M",0,2.07944154167984
"squirrel_4",9,0,NA,0,4.93299999999999,"A","M",0,2.19722457733622
"squirrel_4",10,0,NA,0,4.69999999999993,"A","M",0,2.30258509299405
"squirrel_12",1,0,NA,0,3.967,"A","F",0,0
"squirrel_12",2,0,NA,0,3.43299999999999,"A","F",0,0.693147180559945
"squirrel_12",3,2,32.299,1,113.371,"A","F",0,1.09861228866811
"squirrel_24",1,2,4.90000000000001,1,86.905,"P","F",0,0
"squirrel_24",2,1,3.66700000000003,1,1.86700000000002,"P","F",1,0.693147180559945
"squirrel_24",3,1,1.26599999999996,1,2.86599999999999,"P","F",1,1.09861228866811
"squirrel_24",4,1,3.10000000000002,1,6.76600000000002,"P","F",1,1.38629436111989
"squirrel_32",2,1,3.39999999999998,1,4.666,"A","F",0,0.693147180559945
"squirrel_32",3,0,NA,0,11.266,"A","F",0,1.09861228866811
"squirrel_32",4,0,NA,0,3,"A","F",1,1.38629436111989
"squirrel_32",5,0,NA,0,5,"A","F",0,1.6094379124341
"squirrel_2",1,9,37.133,1,132.965,"A","F",1,0
"squirrel_2",2,4,10.7,1,60.533,"A","F",1,0.693147180559945
"squirrel_2",3,2,8.90000000000003,1,50.133,"A","F",0,1.09861228866811
"squirrel_2",4,3,6.56700000000001,1,42.572,"A","F",0,1.38629436111989
"squirrel_6",1,1,14.067,0,14.5999999999999,"A","M",0,0
"squirrel_6",2,0,NA,0,1.23400000000004,"A","M",0,0.693147180559945
"squirrel_6",3,0,NA,1,19.967,"A","M",0,1.09861228866811
"squirrel_6",4,0,NA,0,5.36699999999996,"A","M",0,1.38629436111989
"squirrel_6",5,0,NA,0,12.5,"A","M",0,1.6094379124341
"squirrel_6",6,1,3.06700000000001,0,5.10000000000002,"A","M",0,1.79175946922805
"squirrel_6",7,1,15.2660000000001,0,15.833,"A","M",0,1.94591014905531
"squirrel_6",8,1,26.367,1,26.6,"A","M",0,2.07944154167984
"squirrel_6",9,0,NA,1,26.2670000000001,"A","M",0,2.19722457733622
"squirrel_6",10,0,NA,0,4.16700000000003,"A","M",0,2.30258509299405
"squirrel_6",11,1,17.033,0,5,"A","M",1,2.39789527279837
"squirrel_6",12,0,NA,1,59.066,"A","M",0,2.484906649788
"squirrel_8",1,0,NA,1,56.906,"P","F",0,0
"squirrel_8",2,1,45.566,0,54.872,"P","F",0,0.693147180559945
"squirrel_8",3,0,NA,0,7.23400000000004,"P","F",0,1.09861228866811
"squirrel_8",4,0,NA,0,8.96699999999998,"P","F",1,1.38629436111989
"squirrel_18",2,1,1.06700000000001,1,5,"A","F",1,0.693147180559945
"squirrel_24",1,7,18.4,1,84.633,"P","F",0,0
"squirrel_24",5,4,21.933,1,56.466,"P","F",0,1.6094379124341
"squirrel_24",7,0,NA,0,4.86699999999996,"P","F",1,1.94591014905531
"squirrel_32",1,1,4.93299999999999,0,5.23299999999995,"A","F",0,0
"squirrel_32",2,0,NA,1,32.6659999999999,"A","F",0,0.693147180559945
"squirrel_32",3,0,NA,0,8.26700000000005,"A","F",1,1.09861228866811
"squirrel_1",1,0,NA,0,8.5,"A","F",1,0
"squirrel_1",2,1,16.167,0,16.529,"A","F",1,0.693147180559945
"squirrel_1",3,1,33.866,1,35.332,"A","F",0,1.09861228866811
"squirrel_1",4,0,NA,1,90.1659999999999,"A","F",0,1.38629436111989
"squirrel_1",5,0,NA,0,36.1,"A","F",0,1.6094379124341
"squirrel_12",1,0,NA,1,23.833,"A","F",0,0
"squirrel_12",2,0,NA,1,34.3,"A","F",0,0.693147180559945
"squirrel_12",3,0,NA,0,15.833,"A","F",0,1.09861228866811
"squirrel_12",4,0,NA,0,4.43299999999999,"A","F",0,1.38629436111989
"squirrel_7",1,1,7.233,0,10.866,"A","M",0,0
"squirrel_18",1,6,19.066,1,151.165,"A","F",0,0
"squirrel_18",2,7,13.666,1,335.308,"A","F",0,0.693147180559945
"squirrel_18",3,1,9.60000000000002,1,64.899,"A","F",0,1.09861228866811
"squirrel_32",1,0,NA,0,21.533,"A","F",0,0
"squirrel_32",2,0,NA,0,17.033,"A","F",0,0.693147180559945
"squirrel_32",3,0,NA,0,1.56700000000001,"A","F",1,1.09861228866811
"squirrel_32",4,0,NA,1,30.472,"A","F",1,1.38629436111989
"squirrel_32",5,0,NA,0,1.56700000000001,"A","F",1,1.6094379124341
"squirrel_6",1,0,NA,0,45.433,"A","M",0,0
"squirrel_6",2,1,1.23399999999999,1,83.546,"A","M",0,0.693147180559945
"squirrel_6",3,1,4.23400000000001,0,4.92500000000001,"A","M",0,1.09861228866811
"squirrel_6",4,0,NA,1,41.106,"A","M",0,1.38629436111989
"squirrel_6",5,3,15.167,1,136.599,"A","M",0,1.6094379124341
"squirrel_6",6,2,33.633,1,88.633,"A","M",0,1.79175946922805
"squirrel_6",7,1,78.6659999999999,1,84.6659999999999,"A","M",0,1.94591014905531
"squirrel_6",8,0,NA,1,117.571,"A","M",0,2.07944154167984
"squirrel_6",9,0,NA,1,82.066,"A","M",1,2.19722457733622
"squirrel_6",10,0,NA,1,22.6060000000001,"A","M",1,2.30258509299405
"squirrel_6",11,0,NA,1,32.966,"A","M",1,2.39789527279837
"squirrel_6",13,2,78.4119999999998,1,254.262,"A","M",1,2.56494935746154
"squirrel_6",14,2,2.20000000000005,1,235.964,"A","M",1,2.63905732961526
"squirrel_6",15,0,NA,0,15.8330000000001,"A","M",1,2.70805020110221
"squirrel_8",1,0,NA,1,70.1180000000001,"P","F",0,0
"squirrel_8",2,0,NA,0,12.8,"P","F",0,0.693147180559945
"squirrel_8",4,1,11.567,0,5,"P","F",0,1.38629436111989
"squirrel_8",6,0,NA,1,7.73300000000006,"P","F",0,1.79175946922805
"squirrel_22",1,0,NA,1,26.611,"P","F",1,0
"squirrel_22",2,0,NA,0,4.20699999999999,"P","F",1,0.693147180559945
"squirrel_22",3,0,NA,1,125.517,"P","F",1,1.09861228866811
"squirrel_6",2,1,11.067,0,32.867,"A","M",0,0.693147180559945
"squirrel_6",3,0,NA,0,13.866,"A","M",0,1.09861228866811
"squirrel_6",4,0,NA,1,69.739,"A","M",0,1.38629436111989
"squirrel_8",1,1,71.832,1,72.866,"P","F",0,0
"squirrel_8",2,0,NA,0,3.59999999999999,"P","F",0,0.693147180559945
"squirrel_8",4,0,NA,1,13.2,"P","F",0,1.38629436111989
"squirrel_8",5,0,NA,1,31.339,"P","F",0,1.6094379124341
"squirrel_8",6,1,20.233,0,20.533,"P","F",0,1.79175946922805
"squirrel_8",7,0,NA,0,11.834,"P","F",0,1.94591014905531
"squirrel_8",8,0,NA,0,5.96599999999995,"P","F",0,2.07944154167984
"squirrel_6",1,0,NA,0,5,"A","M",0,0
"squirrel_6",2,0,NA,1,95.399,"A","M",0,0.693147180559945
"squirrel_6",3,0,NA,0,5,"A","M",0,1.09861228866811
"squirrel_6",4,2,6.5,0,14.933,"A","M",0,1.38629436111989
"squirrel_6",5,0,NA,0,5,"A","M",0,1.6094379124341
"squirrel_6",6,0,NA,0,9.46699999999998,"A","M",0,1.79175946922805
"squirrel_6",7,0,NA,0,5,"A","M",0,1.94591014905531
"squirrel_6",8,2,5.03399999999999,0,5.16699999999997,"A","M",0,2.07944154167984
"squirrel_6",9,0,NA,0,5,"A","M",0,2.19722457733622
"squirrel_6",10,0,NA,1,82.832,"A","M",0,2.30258509299405
"squirrel_6",11,0,NA,0,5,"A","M",0,2.39789527279837
"squirrel_6",12,6,52.066,1,52.099,"A","M",0,2.484906649788
"squirrel_6",13,0,NA,0,5,"A","M",0,2.56494935746154
"squirrel_6",14,0,NA,0,41.399,"A","M",0,2.63905732961526
"squirrel_34",1,0,NA,0,5,"A","F",1,0
"squirrel_34",2,0,NA,0,13.3000000000001,"A","F",1,0.693147180559945
"squirrel_34",3,0,NA,0,5,"A","F",1,1.09861228866811
"squirrel_34",4,0,NA,0,16.7330000000001,"A","F",1,1.38629436111989
"squirrel_1",1,0,NA,0,81.2,"A","F",0,0
"squirrel_1",2,0,NA,0,14.567,"A","F",0,0.693147180559945
"squirrel_1",3,0,NA,0,18.099,"A","F",0,1.09861228866811
"squirrel_1",4,0,NA,0,31.533,"A","F",0,1.38629436111989
"squirrel_1",5,0,NA,1,24.666,"A","F",0,1.6094379124341
"squirrel_1",6,0,NA,0,12.033,"A","F",0,1.79175946922805
"squirrel_1",7,0,NA,0,18.833,"A","F",0,1.94591014905531
"squirrel_1",8,0,NA,0,16.033,"A","F",0,2.07944154167984
"squirrel_1",9,0,NA,1,37.667,"A","F",0,2.19722457733622
"squirrel_1",10,0,NA,0,35.34,"A","F",0,2.30258509299405
"squirrel_1",11,0,NA,0,21.3000000000001,"A","F",0,2.39789527279837
"squirrel_1",12,1,30.1999999999999,1,94.5659999999999,"A","F",0,2.484906649788
"squirrel_1",13,0,NA,0,19.1660000000001,"A","F",0,2.56494935746154
"squirrel_1",14,0,NA,1,45.1329999999999,"A","F",0,2.63905732961526
"squirrel_1",15,0,NA,1,28.633,"A","F",0,2.70805020110221
"squirrel_1",16,0,NA,1,124.066,"A","F",0,2.77258872223978
"squirrel_1",17,0,NA,1,65.112,"A","F",0,2.83321334405622
"squirrel_1",18,0,NA,0,45.033,"A","F",0,2.89037175789616
"squirrel_1",19,0,NA,1,95.3499999999999,"A","F",0,2.94443897916644
"squirrel_1",20,0,NA,0,29.366,"A","F",1,2.99573227355399
"squirrel_1",21,0,NA,0,39.6329999999998,"A","F",1,3.04452243772342
"squirrel_1",22,1,40.0999999999999,0,40.5,"A","F",1,3.09104245335832
"squirrel_1",23,0,NA,1,49.0989999999999,"A","F",1,3.13549421592915
"squirrel_1",24,1,148.802,1,180.508,"A","F",1,3.17805383034795
"squirrel_1",25,0,NA,1,29.2329999999999,"A","F",1,3.2188758248682
"squirrel_1",26,0,NA,1,228.351,"A","F",1,3.25809653802148
"squirrel_1",27,1,23.8400000000001,0,30.2070000000001,"A","F",1,3.29583686600433
"squirrel_1",28,0,NA,1,81.3719999999998,"A","F",1,3.3322045101752
"squirrel_5",1,0,NA,0,9.69999999999993,"A","F",1,0
"squirrel_5",2,0,NA,0,5,"A","F",1,0.693147180559945
"squirrel_5",3,0,NA,0,5,"A","F",1,1.09861228866811
"squirrel_5",4,0,NA,0,66.672,"A","F",0,1.38629436111989
"squirrel_5",5,0,NA,1,11.8330000000001,"A","F",0,1.6094379124341
"squirrel_5",6,0,NA,1,32.2250000000001,"A","F",1,1.79175946922805
"squirrel_5",7,0,NA,1,123.444,"A","F",0,1.94591014905531
"squirrel_24",1,5,3.173,1,98.979,"P","F",0,0
"squirrel_1",1,0,NA,1,51.666,"A","F",0,0
"squirrel_1",2,0,NA,0,17.899,"A","F",0,0.693147180559945
"squirrel_1",3,0,NA,0,9.533,"A","F",0,1.09861228866811
"squirrel_1",4,0,NA,0,15,"A","F",0,1.38629436111989
"squirrel_1",5,0,NA,0,7.5,"A","F",0,1.6094379124341
"squirrel_10",1,0,NA,0,47.599,"P","F",0,0
"squirrel_10",2,0,NA,0,33.566,"P","F",0,0.693147180559945
"squirrel_10",3,0,NA,0,118.605,"P","F",0,1.09861228866811
"squirrel_10",4,0,NA,0,59.3050000000001,"P","F",0,1.38629436111989
"squirrel_10",5,1,6.56700000000001,0,6.83299999999997,"P","F",0,1.6094379124341
"squirrel_5",1,0,NA,0,1.46600000000001,"A","F",0,0
"squirrel_10",1,0,NA,0,50.633,"P","F",0,0
"squirrel_10",2,0,NA,0,23.866,"P","F",0,0.693147180559945
"squirrel_10",4,0,NA,0,4.53300000000002,"P","F",0,1.38629436111989
"squirrel_10",5,0,NA,0,1.5,"P","F",0,1.6094379124341
"squirrel_10",6,0,NA,0,335.33,"P","F",0,1.79175946922805
"squirrel_10",7,0,NA,0,68.4000000000001,"P","F",0,1.94591014905531
"squirrel_5",1,0,NA,0,79.099,"A","F",0,0
"squirrel_5",2,0,NA,0,59.232,"A","F",0,0.693147180559945
"squirrel_24",2,0,NA,0,29.7730000000001,"P","F",0,0.693147180559945
"squirrel_24",3,6,55.5659999999998,1,182.198,"P","F",0,1.09861228866811
"squirrel_24",4,3,13.1400000000001,1,175.572,"P","F",0,1.38629436111989
"squirrel_24",5,6,47.7660000000001,1,152.931,"P","F",0,1.6094379124341
"squirrel_9",1,0,NA,0,6.77300000000002,"P","F",1,0
"squirrel_6",1,0,NA,1,119.772,"A","M",0,0
"squirrel_6",2,0,NA,0,38.7330000000001,"A","M",0,0.693147180559945
"squirrel_6",3,1,17.639,1,18.006,"A","M",0,1.09861228866811
"squirrel_6",4,0,NA,0,24.306,"A","M",0,1.38629436111989
"squirrel_6",5,0,NA,0,61.072,"A","M",0,1.6094379124341
"squirrel_6",6,0,NA,0,14.607,"A","M",0,1.79175946922805
"squirrel_8",1,1,1.26599999999999,0,1.5,"P","F",0,0
"squirrel_8",2,0,NA,0,30.733,"P","F",0,0.693147180559945
"squirrel_8",3,0,NA,0,2.267,"P","F",0,1.09861228866811
"squirrel_8",4,0,NA,0,10.4,"P","F",0,1.38629436111989
"squirrel_8",5,0,NA,0,18.439,"P","F",0,1.6094379124341
"squirrel_8",7,0,NA,0,12.933,"P","F",0,1.94591014905531
"squirrel_13",1,0,NA,0,45.473,"A","F",0,0
"squirrel_24",1,2,4.607,1,56.145,"P","F",0,0
"squirrel_24",2,0,NA,0,27.033,"P","F",0,0.693147180559945
"squirrel_24",3,1,6.23299999999998,1,3.20000000000002,"P","F",0,1.09861228866811
"squirrel_24",4,1,15.24,1,4.77300000000002,"P","F",0,1.38629436111989
"squirrel_9",1,0,NA,1,94.679,"P","F",0,0
"squirrel_9",2,0,NA,0,10.3,"P","F",0,0.693147180559945
"squirrel_9",3,1,5.333,0,5.59900000000002,"P","F",0,1.09861228866811
"squirrel_14",1,0,NA,1,96.466,"P","F",0,0
"squirrel_14",2,0,NA,0,34.011,"P","F",0,0.693147180559945
"squirrel_14",3,0,NA,0,1.33999999999997,"P","F",0,1.09861228866811
"squirrel_6",1,0,NA,0,64.433,"A","M",0,0
"squirrel_6",2,0,NA,0,6.16699999999997,"A","M",0,0.693147180559945
"squirrel_6",3,0,NA,0,16.366,"A","M",0,1.09861228866811
"squirrel_6",4,1,19.133,1,19.3,"A","M",0,1.38629436111989
"squirrel_6",5,0,NA,1,113.965,"A","M",0,1.6094379124341
"squirrel_6",6,1,13.6,0,13.934,"A","M",0,1.79175946922805
"squirrel_6",7,3,69.499,1,69.7660000000001,"A","M",0,1.94591014905531
"squirrel_6",8,0,NA,1,191.731,"A","M",1,2.07944154167984
"squirrel_6",9,1,12.867,0,13.0330000000001,"A","M",0,2.19722457733622
"squirrel_6",10,4,27.74,1,259.81,"A","M",1,2.30258509299405
"squirrel_6",11,0,NA,0,20.4670000000001,"A","M",1,2.39789527279837
"squirrel_6",12,0,NA,0,8.83300000000008,"A","M",1,2.484906649788
"squirrel_6",13,0,NA,0,28.933,"A","M",1,2.56494935746154
"squirrel_8",1,0,NA,0,2.40000000000009,"P","F",1,0
"squirrel_8",2,0,NA,0,130.932,"P","F",1,0.693147180559945
"squirrel_8",3,0,NA,0,41.5,"P","F",1,1.09861228866811
"squirrel_8",4,0,NA,0,16.2339999999999,"P","F",1,1.38629436111989
"squirrel_8",6,1,24.239,0,24.3720000000001,"P","F",1,1.79175946922805
"squirrel_8",7,0,NA,0,103.471,"P","F",1,1.94591014905531
"squirrel_8",8,0,NA,0,20.7059999999997,"P","F",1,2.07944154167984
"squirrel_24",1,4,18.999,1,275.969,"P","F",0,0
"squirrel_24",2,14,0.867000000000075,1,212.365,"P","F",0,0.693147180559945
"squirrel_24",3,1,18.133,1,5,"P","F",0,1.09861228866811
"squirrel_24",4,0,NA,0,1.30700000000002,"P","F",0,1.38629436111989
"squirrel_24",5,4,29.566,1,146.798,"P","F",0,1.6094379124341
"squirrel_1",1,1,10.833,0,11.1,"A","F",0,0
"squirrel_1",2,0,NA,1,29.666,"A","F",0,0.693147180559945
"squirrel_1",3,0,NA,0,13.567,"A","F",0,1.09861228866811
"squirrel_1",4,0,NA,0,7.834,"A","F",0,1.38629436111989
"squirrel_1",5,1,6.03399999999999,0,6.334,"A","F",0,1.6094379124341
"squirrel_1",6,0,NA,1,68.972,"A","F",0,1.79175946922805
"squirrel_1",7,0,NA,0,15.067,"A","F",0,1.94591014905531
"squirrel_1",9,1,14.433,0,14.833,"A","F",0,2.19722457733622
"squirrel_1",10,1,40.799,1,41.033,"A","F",0,2.30258509299405
"squirrel_1",11,0,NA,1,47.972,"A","F",0,2.39789527279837
"squirrel_1",12,1,9.43299999999999,1,9.56700000000001,"A","F",0,2.484906649788
"squirrel_1",13,0,NA,1,25.066,"A","F",0,2.56494935746154
"squirrel_1",14,1,3.10000000000002,0,3.26700000000005,"A","F",1,2.63905732961526
"squirrel_1",15,1,15.2670000000001,1,20.633,"A","F",0,2.70805020110221
"squirrel_1",16,0,NA,1,15.567,"A","F",0,2.77258872223978
"squirrel_1",17,1,26.867,1,27.2,"A","F",0,2.83321334405622
"squirrel_1",18,0,NA,1,5,"A","F",0,2.89037175789616
"squirrel_1",19,0,NA,1,5,"A","F",1,2.94443897916644
"squirrel_1",20,0,NA,1,54.245,"A","F",1,2.99573227355399
"squirrel_1",21,0,NA,1,63.712,"A","F",1,3.04452243772342
"squirrel_1",22,0,NA,1,16.7670000000001,"A","F",1,3.09104245335832
"squirrel_1",23,0,NA,1,23.6669999999999,"A","F",1,3.13549421592915
"squirrel_1",24,0,NA,1,10.2340000000002,"A","F",1,3.17805383034795
"squirrel_1",25,0,NA,1,22.566,"A","F",1,3.2188758248682
"squirrel_1",26,0,NA,1,29.972,"A","F",1,3.25809653802148
"squirrel_1",27,0,NA,0,14.173,"A","F",1,3.29583686600433
"squirrel_1",28,2,41.799,1,68.5319999999999,"A","F",1,3.3322045101752
"squirrel_1",29,1,34.345,1,40.2449999999999,"A","F",1,3.36729582998647
"squirrel_1",30,0,NA,1,23.9669999999999,"A","F",1,3.40119738166216
"squirrel_1",31,0,NA,0,22.6659999999999,"A","F",1,3.43398720448515
"squirrel_1",32,0,NA,0,38.367,"A","F",1,3.46573590279973
"squirrel_1",33,0,NA,0,7.29999999999995,"A","F",1,3.49650756146648
"squirrel_1",34,1,4.26700000000005,0,4.40000000000009,"A","F",1,3.52636052461616
"squirrel_1",35,0,NA,1,47.866,"A","F",1,3.55534806148941
"squirrel_1",36,0,NA,1,28.373,"A","F",1,3.58351893845611
"squirrel_1",37,0,NA,0,1.43299999999999,"A","F",1,3.61091791264422
"squirrel_1",38,1,17.0330000000001,1,17.1659999999999,"A","F",1,3.63758615972639
"squirrel_1",39,0,NA,1,15.0729999999999,"A","F",1,3.66356164612965
"squirrel_1",40,0,NA,0,6.7059999999999,"A","F",1,3.68887945411394
"squirrel_1",41,0,NA,1,47.4779999999998,"A","F",1,3.71357206670431
"squirrel_1",42,0,NA,1,80.575,"A","F",1,3.73766961828337
"squirrel_1",43,1,16.9339999999997,1,17.1999999999998,"A","F",1,3.76120011569356
"squirrel_1",44,0,NA,1,18.3719999999998,"A","F",1,3.78418963391826
"squirrel_1",45,1,18.9659999999999,1,25.9659999999999,"A","F",1,3.80666248977032
"squirrel_1",46,0,NA,0,7.4340000000002,"A","F",1,3.8286413964891
"squirrel_10",1,0,NA,1,43.899,"P","F",0,0
"squirrel_10",2,0,NA,0,14.267,"P","F",0,0.693147180559945
"squirrel_10",3,0,NA,0,10.767,"P","F",0,1.09861228866811
"squirrel_10",4,0,NA,0,12.1,"P","F",0,1.38629436111989
"squirrel_10",5,0,NA,0,3.54000000000002,"P","F",0,1.6094379124341
"squirrel_10",6,0,NA,0,1.46700000000001,"P","F",1,1.79175946922805
"squirrel_10",7,0,NA,1,88.872,"P","F",1,1.94591014905531
"squirrel_10",8,0,NA,0,3.79999999999995,"P","F",1,2.07944154167984
"squirrel_10",9,0,NA,1,17.24,"P","F",1,2.19722457733622
"squirrel_10",10,0,NA,0,2.10000000000014,"P","F",1,2.30258509299405
"squirrel_10",11,0,NA,1,10.2340000000002,"P","F",1,2.39789527279837
"squirrel_10",12,0,NA,1,18.566,"P","F",1,2.484906649788
"squirrel_10",13,0,NA,0,2.80000000000018,"P","F",1,2.56494935746154
"squirrel_10",14,0,NA,1,27.2329999999999,"P","F",1,2.63905732961526
"squirrel_10",15,0,NA,1,5,"P","F",1,2.70805020110221
"squirrel_10",16,0,NA,0,5,"P","F",1,2.77258872223978
"squirrel_10",17,0,NA,1,5,"P","F",1,2.83321334405622
"squirrel_10",18,0,NA,0,9.10000000000014,"P","F",1,2.89037175789616
"squirrel_10",19,0,NA,0,5,"P","F",1,2.94443897916644
"squirrel_10",20,0,NA,1,9.16699999999992,"P","F",1,2.99573227355399
"squirrel_33",1,0,NA,1,5,"P","F",1,0
"squirrel_33",2,0,NA,0,3.33299999999997,"P","F",1,0.693147180559945
"squirrel_33",3,0,NA,1,28.146,"P","F",1,1.09861228866811
"squirrel_33",4,0,NA,1,25.333,"P","F",1,1.38629436111989
"squirrel_33",5,0,NA,0,2.60000000000002,"P","F",1,1.6094379124341
"squirrel_33",6,0,NA,0,1.96600000000001,"P","F",1,1.79175946922805
"squirrel_33",7,0,NA,0,1.66700000000014,"P","F",1,1.94591014905531
"squirrel_33",9,0,NA,0,3.93299999999999,"P","F",1,2.19722457733622
"squirrel_33",10,0,NA,0,25.6659999999999,"P","F",1,2.30258509299405
"squirrel_33",11,1,11.4399999999998,0,11.8399999999999,"P","F",1,2.39789527279837
"squirrel_33",12,0,NA,0,2.53300000000013,"P","F",1,2.484906649788
"squirrel_33",13,0,NA,1,6.09999999999991,"P","F",1,2.56494935746154
"squirrel_33",14,1,45.6389999999999,1,4.36699999999996,"P","F",1,2.63905732961526
"squirrel_33",15,0,NA,1,5.63400000000001,"P","F",1,2.70805020110221
"squirrel_33",16,0,NA,0,1.56600000000003,"P","F",1,2.77258872223978
"squirrel_33",17,0,NA,0,6.63300000000004,"P","F",1,2.83321334405622
"squirrel_33",18,1,7.4670000000001,0,7.5,"P","F",1,2.89037175789616
"squirrel_2",1,1,31.973,1,32.173,"A","F",0,0
"squirrel_2",2,2,1.833,1,39.706,"A","F",0,0.693147180559945
"squirrel_5",1,0,NA,0,12.3,"A","F",1,0
"squirrel_5",2,0,NA,0,3.53399999999999,"A","F",0,0.693147180559945
"squirrel_5",3,0,NA,0,4.46699999999998,"A","F",1,1.09861228866811
"squirrel_5",5,0,NA,1,12.866,"A","F",1,1.6094379124341
"squirrel_5",6,0,NA,0,16.133,"A","F",1,1.79175946922805
"squirrel_5",7,0,NA,1,5,"A","F",1,1.94591014905531
"squirrel_5",8,0,NA,0,5,"A","F",1,2.07944154167984
"squirrel_5",9,0,NA,1,13.633,"A","F",1,2.19722457733622
"squirrel_5",10,0,NA,0,5,"A","F",1,2.30258509299405
"squirrel_5",11,1,27.033,1,31.633,"A","F",1,2.39789527279837
"squirrel_5",12,0,NA,0,6.97300000000007,"A","F",1,2.484906649788
"squirrel_5",13,0,NA,0,8.76700000000005,"A","F",1,2.56494935746154
"squirrel_5",14,0,NA,0,2.36699999999996,"A","F",1,2.63905732961526
"squirrel_5",15,0,NA,0,3.93399999999997,"A","F",1,2.70805020110221
"squirrel_5",16,1,22.3000000000002,1,26.433,"A","F",1,2.77258872223978
"squirrel_5",17,0,NA,0,4.5329999999999,"A","F",1,2.83321334405622
"squirrel_5",18,0,NA,0,5.13300000000004,"A","F",1,2.89037175789616
"squirrel_5",19,0,NA,0,6.09999999999991,"A","F",1,2.94443897916644
"squirrel_5",20,1,39.9060000000002,0,40.2060000000001,"A","F",1,2.99573227355399
"squirrel_5",21,0,NA,0,26.5719999999999,"A","F",1,3.04452243772342
"squirrel_5",22,0,NA,0,3.59999999999991,"A","F",1,3.09104245335832
"squirrel_5",23,0,NA,0,5,"A","F",1,3.13549421592915
"squirrel_5",24,1,28.7729999999999,0,28.9389999999999,"A","F",1,3.17805383034795
"squirrel_5",25,0,NA,0,5,"A","F",1,3.2188758248682
"squirrel_5",26,0,NA,1,42.0049999999999,"A","F",1,3.25809653802148
"squirrel_5",27,0,NA,0,19.9670000000001,"A","F",1,3.29583686600433
"squirrel_5",28,1,2.70000000000005,0,3.06700000000001,"A","F",1,3.3322045101752
"squirrel_5",29,1,1.20000000000005,0,1.43299999999999,"A","F",1,3.36729582998647
"squirrel_5",30,0,NA,1,5,"A","F",1,3.40119738166216
"squirrel_5",31,0,NA,1,5,"A","F",1,3.43398720448515
"squirrel_5",32,1,5.03300000000013,0,5,"A","F",1,3.46573590279973
"squirrel_5",33,0,NA,0,5,"A","F",1,3.49650756146648
"squirrel_5",34,1,18.5520000000001,0,18.9180000000001,"A","F",1,3.52636052461616
"squirrel_5",36,1,3.0329999999999,0,3.30000000000018,"A","F",1,3.58351893845611
"squirrel_5",37,0,NA,1,18.8000000000002,"A","F",1,3.61091791264422
"squirrel_5",38,1,6.27199999999993,1,6.47200000000021,"A","F",1,3.63758615972639
"squirrel_5",39,0,NA,0,3.09999999999991,"A","F",1,3.66356164612965
"squirrel_20",1,0,NA,0,6.18000000000001,"A","M",0,0
"squirrel_10",1,0,NA,0,15.166,"P","F",0,0
"squirrel_10",2,0,NA,0,12.7,"P","F",1,0.693147180559945
"squirrel_10",3,0,NA,0,3.09999999999997,"P","F",0,1.09861228866811
"squirrel_10",4,0,NA,0,10.934,"P","F",0,1.38629436111989
"squirrel_10",5,0,NA,0,38.706,"P","F",0,1.6094379124341
"squirrel_10",6,0,NA,0,1.63299999999998,"P","F",0,1.79175946922805
"squirrel_10",7,0,NA,1,164.683,"P","F",0,1.94591014905531
"squirrel_10",8,0,NA,0,10.5,"P","F",0,2.07944154167984
"squirrel_10",9,0,NA,0,6.63400000000001,"P","F",1,2.19722457733622
"squirrel_10",10,0,NA,0,16.566,"P","F",1,2.30258509299405
"squirrel_10",11,0,NA,0,24.24,"P","F",1,2.39789527279837
"squirrel_10",12,0,NA,1,166.196,"P","F",1,2.484906649788
"squirrel_10",13,0,NA,0,26.567,"P","F",1,2.56494935746154
"squirrel_10",14,0,NA,0,14.8989999999999,"P","F",1,2.63905732961526
"squirrel_2",1,2,2.04000000000002,1,10.807,"A","F",0,0
"squirrel_2",2,3,33.433,1,62.4,"A","F",0,0.693147180559945
"squirrel_2",3,2,10.366,1,22.2330000000001,"A","F",1,1.09861228866811
"squirrel_2",4,1,18.057,1,32.1229999999999,"A","F",1,1.38629436111989
"squirrel_5",1,0,NA,1,106.089,"A","F",0,0
"squirrel_5",2,0,NA,0,23.5,"A","F",0,0.693147180559945
"squirrel_5",3,0,NA,1,87.65,"A","F",1,1.09861228866811
"squirrel_5",4,1,4.43299999999999,1,5,"A","F",1,1.38629436111989
"squirrel_5",5,0,NA,0,20.5989999999999,"A","F",1,1.6094379124341
"squirrel_5",6,0,NA,0,14.2,"A","F",1,1.79175946922805
"squirrel_5",7,0,NA,0,27.0999999999999,"A","F",0,1.94591014905531
"squirrel_5",8,1,5.43299999999999,0,5.70000000000005,"A","F",0,2.07944154167984
"squirrel_5",9,1,18.8329999999999,1,19.133,"A","F",0,2.19722457733622
"squirrel_5",10,1,42.3000000000002,1,99.8510000000001,"A","F",0,2.30258509299405
"squirrel_5",11,0,NA,0,6.56700000000001,"A","F",1,2.39789527279837
"squirrel_5",12,0,NA,0,21.7070000000001,"A","F",1,2.484906649788
"squirrel_5",13,0,NA,0,19.2329999999999,"A","F",0,2.56494935746154
"squirrel_5",14,0,NA,0,10.433,"A","F",0,2.63905732961526
"squirrel_20",1,0,NA,0,48.252,"A","M",0,0
"squirrel_20",2,0,NA,0,14.133,"A","M",0,0.693147180559945
"squirrel_20",3,0,NA,0,22.133,"A","M",0,1.09861228866811
"squirrel_20",4,0,NA,0,5.93300000000002,"A","M",0,1.38629436111989
"squirrel_20",5,0,NA,0,86.063,"A","M",0,1.6094379124341
"squirrel_20",6,0,NA,0,1.96700000000001,"A","M",0,1.79175946922805
"squirrel_20",7,0,NA,0,2.09999999999999,"A","M",0,1.94591014905531
"squirrel_20",8,0,NA,0,36,"A","M",0,2.07944154167984
"squirrel_20",9,0,NA,0,1.63300000000004,"A","M",0,2.19722457733622
"squirrel_20",10,0,NA,0,13.667,"A","M",0,2.30258509299405
"squirrel_20",11,0,NA,0,2.26599999999996,"A","M",1,2.39789527279837
"squirrel_20",12,0,NA,0,44.073,"A","M",1,2.484906649788
"squirrel_26",1,0,NA,0,2.40000000000001,"A","M",0,0
"squirrel_26",2,0,NA,0,24.433,"A","M",0,0.693147180559945
"squirrel_26",3,0,NA,0,79.7349999999999,"A","M",1,1.09861228866811
"squirrel_26",4,0,NA,1,45.566,"A","M",1,1.38629436111989
"squirrel_26",5,0,NA,0,52.1779999999999,"A","M",1,1.6094379124341
"squirrel_26",6,0,NA,0,14.2670000000001,"A","M",1,1.79175946922805
"squirrel_1",1,0,NA,0,6.13299999999998,"A","F",0,0
"squirrel_1",2,0,NA,0,9.166,"A","F",0,0.693147180559945
"squirrel_1",3,0,NA,1,33.151,"A","F",0,1.09861228866811
"squirrel_10",1,0,NA,0,46.5,"P","F",0,0
"squirrel_10",2,0,NA,0,39.973,"P","F",0,0.693147180559945
"squirrel_10",3,0,NA,0,17.799,"P","F",0,1.09861228866811
"squirrel_10",4,0,NA,0,11.04,"P","F",0,1.38629436111989
"squirrel_10",5,0,NA,0,17.367,"P","F",0,1.6094379124341
"squirrel_10",6,0,NA,0,6.19999999999999,"P","F",0,1.79175946922805
"squirrel_10",7,0,NA,0,5.13299999999998,"P","F",0,1.94591014905531
"squirrel_10",8,0,NA,0,5.13299999999998,"P","F",0,2.07944154167984
"squirrel_33",1,0,NA,0,3.76700000000005,"P","F",0,0
"squirrel_33",2,0,NA,0,7.89999999999998,"P","F",0,0.693147180559945
"squirrel_33",3,1,30.0459999999999,0,30.4799999999999,"P","F",0,1.09861228866811
"squirrel_33",4,0,NA,1,146.632,"P","F",0,1.38629436111989
"squirrel_2",1,1,43.867,1,59.233,"A","F",0,0
"squirrel_2",2,0,NA,0,3.93300000000002,"A","F",0,0.693147180559945
"squirrel_2",3,0,NA,0,12.207,"A","F",0,1.09861228866811
"squirrel_2",4,7,3.60699999999997,1,165.105,"A","F",0,1.38629436111989
"squirrel_5",1,0,NA,0,17.533,"A","F",0,0
"squirrel_5",2,0,NA,0,6.06700000000001,"A","F",0,0.693147180559945
"squirrel_20",1,0,NA,0,14.013,"A","M",0,0
"squirrel_20",2,0,NA,0,1.733,"A","M",0,0.693147180559945
"squirrel_8",1,0,NA,1,94.132,"P","F",0,0
"squirrel_8",2,1,4.76599999999999,0,5.13299999999998,"P","F",0,0.693147180559945
"squirrel_8",3,1,84.232,1,85.032,"P","F",0,1.09861228866811
"squirrel_8",4,0,NA,1,54.9,"P","F",0,1.38629436111989
"squirrel_8",5,0,NA,0,8.13299999999998,"P","F",0,1.6094379124341
"squirrel_8",6,1,1.13299999999998,0,6.60000000000002,"P","F",0,1.79175946922805
"squirrel_8",7,1,34.733,1,34.867,"P","F",0,1.94591014905531
"squirrel_8",8,0,NA,1,43.433,"P","F",0,2.07944154167984
"squirrel_8",9,0,NA,0,11.866,"P","F",0,2.19722457733622
"squirrel_8",10,1,16.8,0,17.6999999999999,"P","F",0,2.30258509299405
"squirrel_8",11,0,NA,1,37.033,"P","F",0,2.39789527279837
"squirrel_8",12,1,5.26699999999994,0,5.93399999999997,"P","F",0,2.484906649788
"squirrel_8",13,1,14.433,0,14.7329999999999,"P","F",0,2.56494935746154
"squirrel_8",14,1,80.732,1,82.6319999999999,"P","F",0,2.63905732961526
"squirrel_8",15,0,NA,1,42.299,"P","F",0,2.70805020110221
"squirrel_8",16,0,NA,1,11.167,"P","F",0,2.77258872223978
"squirrel_8",17,0,NA,0,15.7330000000001,"P","F",0,2.83321334405622
"squirrel_8",18,1,6,0,6.5,"P","F",0,2.89037175789616
"squirrel_8",19,0,NA,1,27.467,"P","F",0,2.94443897916644
"squirrel_8",20,1,34.033,1,34.633,"P","F",0,2.99573227355399
"squirrel_8",21,1,43.1,1,43.833,"P","F",0,3.04452243772342
"squirrel_8",22,0,NA,1,28.1670000000001,"P","F",0,3.09104245335832
"squirrel_8",23,0,NA,0,14.067,"P","F",0,3.13549421592915
"squirrel_8",24,0,NA,0,9.56700000000001,"P","F",0,3.17805383034795
"squirrel_8",25,1,20.6669999999999,1,21.0329999999999,"P","F",0,3.2188758248682
"squirrel_8",26,0,NA,0,18.3999999999999,"P","F",0,3.25809653802148
"squirrel_8",27,1,2.73399999999992,0,3.53399999999988,"P","F",0,3.29583686600433
"squirrel_8",28,1,85.1329999999998,1,85.299,"P","F",0,3.3322045101752
"squirrel_8",29,0,NA,0,18.7,"P","F",0,3.36729582998647
"squirrel_8",30,1,13.5,0,14.0340000000001,"P","F",0,3.40119738166216
"squirrel_8",31,0,NA,0,13.2340000000002,"P","F",1,3.43398720448515
"squirrel_8",32,0,NA,0,9.93299999999999,"P","F",1,3.46573590279973
"squirrel_8",33,0,NA,0,9.56700000000001,"P","F",1,3.49650756146648
"squirrel_8",34,1,28.2660000000001,0,28.633,"P","F",1,3.52636052461616
"squirrel_8",35,1,33.866,1,34.2660000000001,"P","F",0,3.55534806148941
"squirrel_8",36,1,66.3989999999999,1,67.7660000000001,"P","F",0,3.58351893845611
"squirrel_8",37,1,72.6990000000001,1,73.0990000000002,"P","F",0,3.61091791264422
"squirrel_8",38,0,NA,0,25.866,"P","F",1,3.63758615972639
"squirrel_8",39,0,NA,0,50,"P","F",0,3.66356164612965
"squirrel_22",1,0,NA,0,41.433,"P","F",0,0
"squirrel_22",3,1,61.133,0,61.499,"P","F",0,1.09861228866811
"squirrel_22",4,0,NA,0,2.23300000000017,"P","F",1,1.38629436111989
"squirrel_22",5,0,NA,0,19.567,"P","F",1,1.6094379124341
"squirrel_22",6,1,47.067,1,48.6999999999998,"P","F",0,1.79175946922805
"squirrel_22",7,0,NA,0,39.7990000000002,"P","F",0,1.94591014905531
"squirrel_22",8,1,35,0,35.5999999999999,"P","F",0,2.07944154167984
"squirrel_22",9,0,NA,1,99.038,"P","F",0,2.19722457733622
"squirrel_22",10,1,17.367,1,17.7329999999999,"P","F",0,2.30258509299405
"squirrel_22",11,0,NA,1,163.198,"P","F",0,2.39789527279837
"squirrel_22",12,0,NA,0,1.16700000000014,"P","F",1,2.484906649788
"squirrel_22",13,0,NA,0,13.0330000000004,"P","F",0,2.56494935746154
"squirrel_25",1,1,48.866,1,49.799,"A","F",0,0
"squirrel_25",2,0,NA,0,17.499,"A","F",0,0.693147180559945
"squirrel_25",3,1,10.1,0,11.367,"A","F",0,1.09861228866811
"squirrel_25",4,0,NA,0,2.93299999999999,"A","F",0,1.38629436111989
"squirrel_25",5,0,NA,1,42.8,"A","F",0,1.6094379124341
"squirrel_25",6,0,NA,1,3,"A","F",0,1.79175946922805
"squirrel_25",7,0,NA,1,11.333,"A","F",0,1.94591014905531
"squirrel_25",8,1,2.90000000000001,0,4.69999999999999,"A","F",0,2.07944154167984
"squirrel_25",9,1,20.799,1,23.899,"A","F",0,2.19722457733622
"squirrel_25",1,1,21.833,1,22.666,"A","F",0,0
"squirrel_25",2,1,25.767,1,28.067,"A","F",0,0.693147180559945
"squirrel_25",3,1,5.76700000000001,0,10.733,"A","F",0,1.09861228866811
"squirrel_25",4,0,NA,0,110.999,"A","F",0,1.38629436111989
"squirrel_25",5,0,NA,0,14,"A","F",0,1.6094379124341
"squirrel_25",6,0,NA,0,7.83299999999997,"A","F",0,1.79175946922805
"squirrel_25",7,0,NA,0,31.667,"A","F",0,1.94591014905531
"squirrel_25",8,0,NA,0,8.13300000000004,"A","F",0,2.07944154167984
"squirrel_25",9,0,NA,1,47.133,"A","F",0,2.19722457733622
"squirrel_25",10,0,NA,0,8.666,"A","F",0,2.30258509299405
"squirrel_25",11,0,NA,0,17.9,"A","F",0,2.39789527279837
"squirrel_6",1,1,21.467,1,22.3,"A","M",0,0
"squirrel_6",2,1,47.866,1,48.166,"A","M",0,0.693147180559945
"squirrel_6",3,0,NA,0,3.03300000000002,"A","M",0,1.09861228866811
"squirrel_6",4,2,13.699,1,14.399,"A","M",0,1.38629436111989
"squirrel_6",5,0,NA,0,25.667,"A","M",0,1.6094379124341
"squirrel_6",6,6,35.072,1,165.87,"A","M",0,1.79175946922805
"squirrel_6",7,7,78.366,1,368.83,"A","M",0,1.94591014905531
"squirrel_6",8,4,13.266,1,105.465,"A","M",0,2.07944154167984
"squirrel_6",9,3,9.76700000000005,1,74.6000000000001,"A","M",0,2.19722457733622
"squirrel_6",10,25,22.9000000000001,1,560.33,"A","M",0,2.30258509299405
"squirrel_6",11,6,5.16700000000014,1,125.511,"A","M",0,2.39789527279837
"squirrel_6",12,31,10.3999999999999,1,514.799,"A","M",0,2.484906649788
"squirrel_6",13,5,10.1669999999999,1,63.1389999999997,"A","M",0,2.56494935746154
"squirrel_6",14,8,27.866,1,180.871,"A","M",0,2.63905732961526
"squirrel_6",15,0,NA,0,14.9050000000002,"A","M",0,2.70805020110221
"squirrel_6",16,1,6.23300000000017,1,29.366,"A","M",0,2.77258872223978
"squirrel_6",17,3,6.20000000000027,1,64.605,"A","M",0,2.83321334405622
"squirrel_5",1,1,0.866,0,1.233,"A","F",0,0
"squirrel_5",2,0,NA,1,67.566,"A","F",0,0.693147180559945
"squirrel_5",3,0,NA,0,30.567,"A","F",0,1.09861228866811
"squirrel_1",1,0,NA,1,5.30000000000001,"A","F",1,0
"squirrel_1",2,0,NA,1,9.16699999999997,"A","F",1,0.693147180559945
"squirrel_1",3,1,13.967,1,13.967,"A","F",1,1.09861228866811
"squirrel_1",4,0,NA,1,40.973,"A","F",0,1.38629436111989
"squirrel_1",5,1,17.433,0,17.6,"A","F",0,1.6094379124341
"squirrel_1",6,1,19.533,1,20.433,"A","F",0,1.79175946922805
"squirrel_1",7,0,NA,1,5.20000000000005,"A","F",0,1.94591014905531
"squirrel_1",8,1,3.23400000000004,0,3.93399999999997,"A","F",1,2.07944154167984
"squirrel_1",9,1,14.0329999999999,1,14.1999999999999,"A","F",0,2.19722457733622
"squirrel_1",10,1,24.633,1,24.6660000000001,"A","F",0,2.30258509299405
"squirrel_1",11,0,NA,1,13.133,"A","F",1,2.39789527279837
"squirrel_1",12,1,14.4670000000001,1,14.667,"A","F",0,2.484906649788
"squirrel_1",13,1,29.806,1,5,"A","F",0,2.56494935746154
"squirrel_1",14,0,NA,1,17.2669999999999,"A","F",0,2.63905732961526
"squirrel_1",15,1,12.4670000000001,0,12.6000000000001,"A","F",1,2.70805020110221
"squirrel_1",16,0,NA,1,25,"A","F",0,2.77258872223978
"squirrel_1",17,2,1.50700000000006,1,51.3390000000002,"A","F",0,2.83321334405622
"squirrel_1",18,0,NA,0,10.3999999999999,"A","F",1,2.89037175789616
"squirrel_1",19,0,NA,1,15.2730000000001,"A","F",0,2.94443897916644
"squirrel_1",20,4,19.0669999999998,1,56.0999999999999,"A","F",0,2.99573227355399
"squirrel_1",21,3,7.4670000000001,1,22.807,"A","F",1,3.04452243772342
"squirrel_1",22,0,NA,1,8.73299999999995,"A","F",1,3.09104245335832
"squirrel_1",23,1,6.29999999999995,1,28.367,"A","F",1,3.13549421592915
"squirrel_1",24,0,NA,0,9.93299999999999,"A","F",1,3.17805383034795
"squirrel_1",25,0,NA,0,4.13300000000004,"A","F",1,3.2188758248682
"squirrel_1",26,0,NA,0,3.76600000000008,"A","F",1,3.25809653802148
"squirrel_1",27,0,NA,0,25.1329999999998,"A","F",1,3.29583686600433
"squirrel_1",28,0,NA,0,3.53300000000013,"A","F",1,3.3322045101752
"squirrel_10",1,0,NA,0,2.6,"P","F",0,0
"squirrel_10",2,0,NA,0,20.233,"P","F",0,0.693147180559945
"squirrel_10",3,0,NA,0,3.333,"P","F",0,1.09861228866811
"squirrel_10",4,0,NA,0,6.867,"P","F",1,1.38629436111989
"squirrel_10",5,0,NA,0,12.766,"P","F",0,1.6094379124341
"squirrel_10",6,0,NA,0,2.733,"P","F",1,1.79175946922805
"squirrel_10",7,0,NA,1,47.766,"P","F",1,1.94591014905531
"squirrel_10",8,0,NA,0,19.2,"P","F",1,2.07944154167984
"squirrel_10",9,0,NA,0,48.433,"P","F",0,2.19722457733622
"squirrel_10",10,0,NA,0,18.434,"P","F",1,2.30258509299405
"squirrel_10",11,0,NA,1,13.967,"P","F",0,2.39789527279837
"squirrel_10",12,0,NA,1,9.90600000000001,"P","F",1,2.484906649788
"squirrel_10",13,0,NA,1,7.80000000000001,"P","F",1,2.56494935746154
"squirrel_10",14,0,NA,1,12.333,"P","F",1,2.63905732961526
"squirrel_10",15,0,NA,1,20.433,"P","F",0,2.70805020110221
"squirrel_10",16,0,NA,0,4.63400000000001,"P","F",0,2.77258872223978
"squirrel_10",18,0,NA,0,6.76599999999996,"P","F",0,2.89037175789616
"squirrel_10",19,0,NA,0,8.29999999999995,"P","F",1,2.94443897916644
"squirrel_10",20,0,NA,0,5.36599999999999,"P","F",1,2.99573227355399
"squirrel_10",22,0,NA,1,15.3670000000001,"P","F",0,3.09104245335832
"squirrel_10",23,0,NA,1,12.239,"P","F",1,3.13549421592915
"squirrel_10",24,0,NA,1,27.033,"P","F",1,3.17805383034795
"squirrel_10",25,0,NA,1,11.6,"P","F",1,3.2188758248682
"squirrel_10",26,0,NA,0,7.53300000000002,"P","F",1,3.25809653802148
"squirrel_10",27,0,NA,0,8.93299999999999,"P","F",1,3.29583686600433
"squirrel_10",28,1,2.73299999999995,0,3.76700000000005,"P","F",1,3.3322045101752
"squirrel_10",29,0,NA,0,7.36699999999996,"P","F",1,3.36729582998647
"squirrel_10",30,0,NA,0,8.73400000000015,"P","F",1,3.40119738166216
"squirrel_10",31,0,NA,0,3.16699999999992,"P","F",1,3.43398720448515
"squirrel_10",32,0,NA,0,14.0329999999999,"P","F",1,3.46573590279973
"squirrel_10",33,0,NA,1,22.3400000000001,"P","F",1,3.49650756146648
"squirrel_10",34,0,NA,0,7.96600000000012,"P","F",1,3.52636052461616
"squirrel_10",35,0,NA,0,9.93399999999997,"P","F",1,3.55534806148941
"squirrel_10",36,0,NA,0,11.867,"P","F",1,3.58351893845611
"squirrel_10",37,0,NA,1,12.173,"P","F",1,3.61091791264422
"squirrel_10",38,0,NA,0,3.76600000000008,"P","F",1,3.63758615972639
"squirrel_10",39,0,NA,1,27.7670000000001,"P","F",1,3.66356164612965
"squirrel_10",40,0,NA,0,5,"P","F",1,3.68887945411394
"squirrel_10",41,0,NA,0,22.7329999999999,"P","F",1,3.71357206670431
"squirrel_10",42,0,NA,1,46.866,"P","F",1,3.73766961828337
"squirrel_10",43,0,NA,0,2.23399999999992,"P","F",1,3.76120011569356
"squirrel_10",44,0,NA,0,5.63300000000004,"P","F",1,3.78418963391826
"squirrel_10",45,0,NA,0,14.0329999999999,"P","F",1,3.80666248977032
"squirrel_10",46,1,108.549,0,8.36599999999999,"P","F",1,3.8286413964891
"squirrel_10",48,0,NA,0,16.3670000000002,"P","F",1,3.87120101090789
"squirrel_10",49,0,NA,0,2.83399999999983,"P","F",1,3.89182029811063
"squirrel_10",50,0,NA,0,8.33399999999983,"P","F",1,3.91202300542815
"squirrel_10",51,0,NA,0,11.4659999999999,"P","F",1,3.93182563272433
"squirrel_10",52,0,NA,0,7.96699999999964,"P","F",1,3.95124371858143
"squirrel_5",1,0,NA,0,1.366,"A","F",0,0
"squirrel_5",2,0,NA,0,12.633,"A","F",1,0.693147180559945
"squirrel_5",3,0,NA,0,3.167,"A","F",0,1.09861228866811
"squirrel_5",4,0,NA,0,3.3,"A","F",0,1.38629436111989
"squirrel_5",5,0,NA,1,91.099,"A","F",0,1.6094379124341
"squirrel_5",6,0,NA,0,35.633,"A","F",1,1.79175946922805
"squirrel_5",7,0,NA,0,20.6,"A","F",0,1.94591014905531
"squirrel_5",8,0,NA,0,10.834,"A","F",0,2.07944154167984
"squirrel_5",9,0,NA,0,2.26600000000002,"A","F",1,2.19722457733622
"squirrel_5",11,1,3.86699999999996,1,8.36699999999996,"A","F",1,2.39789527279837
"squirrel_5",12,0,NA,0,3.60000000000002,"A","F",0,2.484906649788
"squirrel_5",13,1,2.36700000000002,0,2.63400000000001,"A","F",1,2.56494935746154
"squirrel_5",14,0,NA,1,4.93899999999996,"A","F",1,2.63905732961526
"squirrel_5",15,1,2.733,1,3.43299999999999,"A","F",1,2.70805020110221
"squirrel_5",16,1,9.63299999999998,0,9.96699999999998,"A","F",1,2.77258872223978
"squirrel_5",17,0,NA,0,1.69999999999993,"A","F",1,2.83321334405622
"squirrel_5",18,0,NA,0,3.56700000000001,"A","F",1,2.89037175789616
"squirrel_5",19,0,NA,1,11.3670000000001,"A","F",0,2.94443897916644
"squirrel_5",20,4,12.433,1,13.4000000000001,"A","F",0,2.99573227355399
"squirrel_5",21,1,4.83399999999995,0,5,"A","F",1,3.04452243772342
"squirrel_5",22,0,NA,0,2.76699999999994,"A","F",1,3.09104245335832
"squirrel_5",23,1,1.10000000000002,0,1.73400000000004,"A","F",1,3.13549421592915
"squirrel_5",25,0,NA,0,12.5,"A","F",1,3.2188758248682
"squirrel_5",26,1,4.66700000000003,0,4.79999999999995,"A","F",1,3.25809653802148
"squirrel_5",27,1,15.499,1,15.6990000000001,"A","F",1,3.29583686600433
"squirrel_5",28,1,17.4000000000001,1,18.4330000000001,"A","F",1,3.3322045101752
"squirrel_5",29,0,NA,1,28.333,"A","F",1,3.36729582998647
"squirrel_5",30,1,3.33400000000006,0,4.06700000000001,"A","F",1,3.40119738166216
"squirrel_5",31,0,NA,1,17.6660000000001,"A","F",1,3.43398720448515
"squirrel_5",33,0,NA,1,22.1669999999999,"A","F",1,3.49650756146648
"squirrel_5",34,0,NA,0,12.8399999999999,"A","F",1,3.52636052461616
"squirrel_5",35,0,NA,0,11.1669999999999,"A","F",1,3.55534806148941
"squirrel_5",36,1,13.8989999999999,0,14.3330000000001,"A","F",1,3.58351893845611
"squirrel_5",37,0,NA,0,1.60000000000014,"A","F",1,3.61091791264422
"squirrel_5",38,1,1.30700000000002,0,2.84000000000015,"A","F",1,3.63758615972639
"squirrel_5",39,1,9.16599999999994,0,10.2,"A","F",1,3.66356164612965
"squirrel_5",40,1,3.76699999999983,0,4.36699999999996,"A","F",1,3.68887945411394
"squirrel_5",41,1,10.6999999999998,1,17.0329999999999,"A","F",1,3.71357206670431
"squirrel_5",42,1,3.9670000000001,0,4.33400000000006,"A","F",1,3.73766961828337
"squirrel_5",43,1,2,0,2.33399999999983,"A","F",1,3.76120011569356
"squirrel_5",44,0,NA,0,6.673,"A","F",1,3.78418963391826
"squirrel_5",45,0,NA,0,2.76600000000008,"A","F",1,3.80666248977032
"squirrel_5",46,0,NA,0,5,"A","F",1,3.8286413964891
"squirrel_5",47,0,NA,0,5,"A","F",1,3.85014760171006
"squirrel_5",48,1,5.90000000000009,0,6.33300000000008,"A","F",1,3.87120101090789
"squirrel_5",49,0,NA,0,21.1669999999999,"A","F",1,3.89182029811063
"squirrel_5",50,0,NA,0,11.4000000000001,"A","F",1,3.91202300542815
"squirrel_5",51,0,NA,0,16.6659999999999,"A","F",1,3.93182563272433
"squirrel_5",52,0,NA,0,4.33299999999986,"A","F",1,3.95124371858143
"squirrel_5",53,0,NA,0,6.76699999999983,"A","F",1,3.97029191355212
"squirrel_5",54,0,NA,0,1.20700000000011,"A","F",1,3.98898404656427
"squirrel_5",55,0,NA,1,40.0999999999999,"A","F",1,4.00733318523247
"squirrel_5",56,0,NA,0,12.5659999999998,"A","F",1,4.02535169073515
"squirrel_5",57,0,NA,0,11.5329999999999,"A","F",1,4.04305126783455
"squirrel_5",58,0,NA,0,4.53400000000011,"A","F",1,4.06044301054642
"squirrel_5",59,0,NA,0,2.86699999999973,"A","F",1,4.07753744390572
"squirrel_5",60,0,NA,0,3.13400000000001,"A","F",1,4.0943445622221
"squirrel_5",61,0,NA,0,9.9340000000002,"A","F",1,4.11087386417331
"squirrel_5",62,2,3.96599999999989,1,95.4989999999998,"A","F",1,4.12713438504509
"squirrel_7",1,0,NA,1,5,"A","M",0,0
"squirrel_7",2,0,NA,1,8.53300000000001,"A","M",0,0.693147180559945
"squirrel_7",4,0,NA,1,18.4,"A","M",0,1.38629436111989
"squirrel_7",5,1,12.166,1,12.466,"A","M",0,1.6094379124341
"squirrel_7",6,1,54.372,1,54.706,"A","M",0,1.79175946922805
"squirrel_7",7,0,NA,1,49.633,"A","M",0,1.94591014905531
"squirrel_7",8,0,NA,0,20.666,"A","M",0,2.07944154167984
"squirrel_7",9,0,NA,0,10.805,"A","M",0,2.19722457733622
"squirrel_7",10,1,29.306,0,29.573,"A","M",0,2.30258509299405
"squirrel_7",11,0,NA,0,116.765,"A","M",0,2.39789527279837
"squirrel_7",12,0,NA,0,16.633,"A","M",0,2.484906649788
"squirrel_30",1,0,NA,0,15.067,"P","F",0,0
"squirrel_30",2,0,NA,0,7.834,"P","F",0,0.693147180559945
"squirrel_30",3,0,NA,0,7.49999999999999,"P","F",0,1.09861228866811
"squirrel_30",4,0,NA,1,28.333,"P","F",0,1.38629436111989
"squirrel_30",5,0,NA,1,92.566,"P","F",0,1.6094379124341
"squirrel_30",6,1,4.30000000000001,0,4.80000000000001,"P","F",0,1.79175946922805
"squirrel_6",1,0,NA,0,22.266,"A","M",0,0
"squirrel_6",2,0,NA,0,26.033,"A","M",0,0.693147180559945
"squirrel_6",3,0,NA,0,1.63399999999999,"A","M",0,1.09861228866811
"squirrel_6",4,1,8.833,0,9.233,"A","M",0,1.38629436111989
"squirrel_6",5,1,45.966,1,46.333,"A","M",0,1.6094379124341
"squirrel_6",6,16,17.5,1,271.064,"A","M",0,1.79175946922805
"squirrel_6",7,2,5.29999999999995,1,128.465,"A","M",1,1.94591014905531
"squirrel_6",8,0,NA,0,10.333,"A","M",1,2.07944154167984
"squirrel_6",9,7,2.10699999999997,1,176.25,"A","M",1,2.19722457733622
"squirrel_6",10,21,30.6000000000001,1,293.264,"A","M",1,2.30258509299405
"squirrel_6",11,3,17.3990000000001,1,57.1990000000001,"A","M",1,2.39789527279837
"squirrel_6",12,12,8.26600000000008,1,110.999,"A","M",1,2.484906649788
"squirrel_6",13,0,NA,0,4.43399999999997,"A","M",1,2.56494935746154
"squirrel_6",14,6,14.873,1,80.0730000000001,"A","M",1,2.63905732961526
"squirrel_6",15,5,6.09900000000016,1,97.665,"A","M",1,2.70805020110221
"squirrel_6",16,5,1.96599999999989,1,52.1990000000001,"A","M",1,2.77258872223978
"squirrel_7",1,1,18.806,1,19.006,"A","M",0,0
"squirrel_7",2,0,NA,0,82.1320000000001,"A","M",1,0.693147180559945
"squirrel_7",3,0,NA,0,16.5330000000004,"A","M",1,1.09861228866811
"squirrel_8",1,0,NA,0,4.66699999999997,"P","F",1,0
"squirrel_8",2,0,NA,0,8.90000000000003,"P","F",1,0.693147180559945
"squirrel_8",3,0,NA,0,5.19999999999999,"P","F",1,1.09861228866811
"squirrel_8",4,0,NA,0,5.166,"P","F",1,1.38629436111989
"squirrel_8",5,0,NA,0,1.26600000000002,"P","F",1,1.6094379124341
"squirrel_8",6,0,NA,0,5.19999999999999,"P","F",1,1.79175946922805
"squirrel_8",7,0,NA,1,4.36700000000002,"P","F",1,1.94591014905531
"squirrel_8",8,0,NA,1,6.36699999999996,"P","F",1,2.07944154167984
"squirrel_8",9,0,NA,0,8.70000000000005,"P","F",1,2.19722457733622
"squirrel_8",10,0,NA,0,13.067,"P","F",1,2.30258509299405
"squirrel_8",11,0,NA,0,2.166,"P","F",1,2.39789527279837
"squirrel_8",12,0,NA,0,1.86700000000002,"P","F",1,2.484906649788
"squirrel_8",13,0,NA,0,1.36599999999999,"P","F",1,2.56494935746154
"squirrel_8",14,0,NA,0,5,"P","F",1,2.63905732961526
"squirrel_8",16,0,NA,1,12.4,"P","F",1,2.77258872223978
"squirrel_8",17,0,NA,0,2.89999999999998,"P","F",1,2.83321334405622
"squirrel_8",18,0,NA,1,11.333,"P","F",1,2.89037175789616
"squirrel_8",19,0,NA,1,11.3389999999999,"P","F",1,2.94443897916644
"squirrel_8",20,0,NA,1,4.33300000000008,"P","F",1,2.99573227355399
"squirrel_8",21,0,NA,1,5,"P","F",1,3.04452243772342
"squirrel_8",24,0,NA,1,8.46600000000001,"P","F",1,3.17805383034795
"squirrel_8",25,0,NA,1,2.46600000000001,"P","F",1,3.2188758248682
"squirrel_8",26,0,NA,0,2.86599999999999,"P","F",1,3.25809653802148
"squirrel_8",27,1,64.439,1,64.7389999999999,"P","F",0,3.29583686600433
"squirrel_8",28,0,NA,1,59.7,"P","F",0,3.3322045101752
"squirrel_8",29,0,NA,0,18.3660000000001,"P","F",0,3.36729582998647
"squirrel_8",30,0,NA,0,45.799,"P","F",0,3.40119738166216
"squirrel_8",31,0,NA,0,4.33300000000008,"P","F",0,3.43398720448515
"squirrel_8",33,0,NA,1,14.066,"P","F",1,3.49650756146648
"squirrel_8",34,0,NA,1,5,"P","F",1,3.52636052461616
"squirrel_8",35,0,NA,0,24.1400000000001,"P","F",0,3.55534806148941
"squirrel_8",36,0,NA,0,3.53400000000011,"P","F",1,3.58351893845611
"squirrel_8",37,0,NA,0,13.4670000000001,"P","F",0,3.61091791264422
"squirrel_8",38,0,NA,0,6.43299999999999,"P","F",0,3.63758615972639
"squirrel_8",39,0,NA,0,20.866,"P","F",0,3.66356164612965
"squirrel_8",40,0,NA,0,5.33300000000008,"P","F",0,3.68887945411394
"squirrel_8",41,0,NA,0,9.33300000000008,"P","F",1,3.71357206670431
"squirrel_8",42,0,NA,0,19.933,"P","F",0,3.73766961828337
"squirrel_8",43,0,NA,0,9.5,"P","F",0,3.76120011569356
"squirrel_8",44,0,NA,0,5.26700000000005,"P","F",0,3.78418963391826
"squirrel_8",45,0,NA,1,3.0659999999998,"P","F",1,3.80666248977032
"squirrel_8",46,0,NA,1,2.03300000000013,"P","F",1,3.8286413964891
"squirrel_8",47,0,NA,1,2.79899999999998,"P","F",1,3.85014760171006
"squirrel_8",49,0,NA,1,3.90000000000009,"P","F",1,3.89182029811063
"squirrel_8",50,0,NA,1,1.26699999999983,"P","F",1,3.91202300542815
"squirrel_8",51,0,NA,0,1.90000000000009,"P","F",1,3.93182563272433
"squirrel_13",1,0,NA,0,35.367,"A","F",1,0
"squirrel_13",2,0,NA,0,20.8670000000002,"A","F",1,0.693147180559945
"squirrel_13",3,0,NA,0,25.8330000000001,"A","F",1,1.09861228866811
"squirrel_13",4,0,NA,0,4.33299999999986,"A","F",1,1.38629436111989
"squirrel_13",5,0,NA,0,3.89999999999986,"A","F",1,1.6094379124341
"squirrel_22",1,0,NA,0,13.366,"P","F",0,0
"squirrel_22",2,0,NA,0,1.066,"P","F",0,0.693147180559945
"squirrel_22",3,0,NA,0,1.76700000000005,"P","F",1,1.09861228866811
"squirrel_22",4,0,NA,0,11.7659999999998,"P","F",1,1.38629436111989
"squirrel_24",2,1,0.899999999999977,1,3.39999999999998,"P","F",1,0.693147180559945
"squirrel_24",3,2,0.567000000000007,1,22.333,"P","F",1,1.09861228866811
"squirrel_24",4,1,0.433999999999969,1,8.16699999999992,"P","F",1,1.38629436111989
"squirrel_24",5,3,0.599999999999909,1,16.3,"P","F",1,1.6094379124341
"squirrel_24",6,1,3.13300000000004,1,9.76700000000005,"P","F",1,1.79175946922805
"squirrel_24",7,0,NA,1,12.3660000000001,"P","F",1,1.94591014905531
"squirrel_24",8,5,1.20000000000005,1,6.46699999999998,"P","F",1,2.07944154167984
"squirrel_24",9,1,19.333,1,27.433,"P","F",1,2.19722457733622
"squirrel_24",10,1,2.76600000000008,1,6.46599999999989,"P","F",1,2.30258509299405
"squirrel_24",11,1,0.33400000000006,1,4.63400000000001,"P","F",1,2.39789527279837
"squirrel_24",12,0,NA,1,3.86599999999999,"P","F",1,2.484906649788
"squirrel_24",13,2,0.932999999999993,1,1.09999999999991,"P","F",1,2.56494935746154
"squirrel_24",14,2,0.466999999999871,1,1.53399999999988,"P","F",1,2.63905732961526
"squirrel_24",15,4,1.5329999999999,1,4.59900000000016,"P","F",1,2.70805020110221
"squirrel_24",16,0,NA,1,13.366,"P","F",1,2.77258872223978
"squirrel_24",17,0,NA,0,1.90000000000009,"P","F",1,2.83321334405622
"squirrel_30",1,0,NA,0,5,"P","F",1,0
"squirrel_1",1,0,NA,1,6.733,"A","F",0,0
"squirrel_1",2,0,NA,0,11.1,"A","F",0,0.693147180559945
"squirrel_1",3,0,NA,0,20.547,"A","F",1,1.09861228866811
"squirrel_1",4,0,NA,1,17.033,"A","F",1,1.38629436111989
"squirrel_1",5,0,NA,0,1.07299999999999,"A","F",1,1.6094379124341
"squirrel_1",6,1,15.466,1,15.766,"A","F",1,1.79175946922805
"squirrel_1",7,0,NA,1,25.333,"A","F",1,1.94591014905531
"squirrel_1",8,0,NA,0,4.96699999999998,"A","F",1,2.07944154167984
"squirrel_1",9,0,NA,0,4.53300000000002,"A","F",1,2.19722457733622
"squirrel_1",10,0,NA,0,13.9660000000001,"A","F",1,2.30258509299405
"squirrel_5",1,0,NA,0,10.867,"A","F",1,0
"squirrel_5",2,0,NA,0,2.20000000000005,"A","F",1,0.693147180559945
"squirrel_5",3,16,6.73299999999995,1,86.2180000000001,"A","F",1,1.09861228866811
"squirrel_5",4,0,NA,1,17.6789999999999,"A","F",1,1.38629436111989
"squirrel_5",5,0,NA,0,6.39999999999986,"A","F",1,1.6094379124341
"squirrel_8",1,1,5.173,0,5.373,"P","F",0,0
"squirrel_8",2,0,NA,1,4.966,"P","F",1,0.693147180559945
"squirrel_8",3,0,NA,0,3.7,"P","F",1,1.09861228866811
"squirrel_8",4,0,NA,0,1.60000000000001,"P","F",1,1.38629436111989
"squirrel_8",5,0,NA,1,5,"P","F",1,1.6094379124341
"squirrel_8",6,0,NA,0,2.03299999999999,"P","F",1,1.79175946922805
"squirrel_8",7,0,NA,0,2.934,"P","F",1,1.94591014905531
"squirrel_8",8,0,NA,1,9.166,"P","F",1,2.07944154167984
"squirrel_8",9,0,NA,1,10.166,"P","F",0,2.19722457733622
"squirrel_8",10,0,NA,0,2.29999999999995,"P","F",1,2.30258509299405
"squirrel_8",11,1,25.373,0,25.84,"P","F",0,2.39789527279837
"squirrel_8",12,0,NA,1,3.46699999999998,"P","F",0,2.484906649788
"squirrel_8",13,0,NA,1,6.59999999999997,"P","F",0,2.56494935746154
"squirrel_8",14,0,NA,0,16.912,"P","F",0,2.63905732961526
"squirrel_8",15,0,NA,0,6.43299999999999,"P","F",0,2.70805020110221
"squirrel_8",16,2,1.53300000000002,1,25.399,"P","F",0,2.77258872223978
"squirrel_8",17,1,8.76699999999994,1,36.039,"P","F",0,2.83321334405622
"squirrel_8",18,1,24.1999999999999,1,24.6329999999999,"P","F",0,2.89037175789616
"squirrel_8",19,0,NA,0,10.7329999999999,"P","F",0,2.94443897916644
"squirrel_8",20,1,5.10000000000002,1,39.878,"P","F",0,2.99573227355399
"squirrel_8",21,1,1.03399999999999,1,51.606,"P","F",0,3.04452243772342
"squirrel_8",22,0,NA,0,17.6329999999999,"P","F",0,3.09104245335832
"squirrel_8",23,0,NA,0,16.833,"P","F",0,3.13549421592915
"squirrel_8",24,0,NA,0,15.5070000000001,"P","F",0,3.17805383034795
"squirrel_8",25,0,NA,1,49.751,"P","F",0,3.2188758248682
"squirrel_8",26,0,NA,0,10.307,"P","F",0,3.25809653802148
"squirrel_8",27,1,8.23399999999992,1,56.712,"P","F",0,3.29583686600433
"squirrel_8",28,0,NA,0,36.2720000000002,"P","F",0,3.3322045101752
"squirrel_8",29,0,NA,0,32.633,"P","F",0,3.36729582998647
"squirrel_8",30,0,NA,0,5.87899999999991,"P","F",0,3.40119738166216
"squirrel_8",31,0,NA,0,14.673,"P","F",0,3.43398720448515
"squirrel_8",32,0,NA,0,19.4659999999999,"P","F",0,3.46573590279973
"squirrel_8",33,0,NA,0,3.30700000000002,"P","F",0,3.49650756146648
"squirrel_8",34,1,6.80700000000002,0,18.0729999999999,"P","F",0,3.52636052461616
"squirrel_8",35,0,NA,1,12.3059999999998,"P","F",1,3.55534806148941
"squirrel_8",36,1,15.5070000000001,1,47.9059999999999,"P","F",1,3.58351893845611
"squirrel_8",37,1,37.866,1,63.932,"P","F",0,3.61091791264422
"squirrel_8",38,0,NA,1,82.0050000000001,"P","F",0,3.63758615972639
"squirrel_8",39,0,NA,1,12.3999999999999,"P","F",1,3.66356164612965
"squirrel_18",1,0,NA,0,3.166,"A","F",1,0
"squirrel_18",2,2,6.39999999999999,1,29.346,"A","F",1,0.693147180559945
"squirrel_18",3,0,NA,1,24.366,"A","F",1,1.09861228866811
"squirrel_18",4,0,NA,0,28.706,"A","F",1,1.38629436111989
"squirrel_18",5,1,5.334,1,31.8,"A","F",1,1.6094379124341
"squirrel_18",6,1,5.5,1,15.467,"A","F",1,1.79175946922805
"squirrel_20",1,0,NA,0,2.5,"A","M",1,0
"squirrel_20",2,0,NA,0,3.767,"A","M",1,0.693147180559945
"squirrel_20",3,0,NA,0,12.167,"A","M",1,1.09861228866811
"squirrel_20",4,0,NA,0,8.19999999999999,"A","M",1,1.38629436111989
"squirrel_20",5,1,39.505,1,39.8049999999999,"A","M",1,1.6094379124341
"squirrel_20",6,0,NA,0,7.16700000000003,"A","M",1,1.79175946922805
"squirrel_20",7,0,NA,0,14.806,"A","M",1,1.94591014905531
"squirrel_20",8,0,NA,0,10.3660000000001,"A","M",1,2.07944154167984
"squirrel_20",9,0,NA,0,2.90600000000006,"A","M",1,2.19722457733622
"squirrel_20",10,0,NA,0,5.63300000000004,"A","M",1,2.30258509299405
"squirrel_20",11,0,NA,0,1.36599999999999,"A","M",1,2.39789527279837
"squirrel_20",12,0,NA,0,9.94599999999991,"A","M",1,2.484906649788
"squirrel_22",1,0,NA,1,11.84,"P","F",1,0
"squirrel_22",3,0,NA,1,39.333,"P","F",1,1.09861228866811
"squirrel_22",4,0,NA,0,16.833,"P","F",1,1.38629436111989
"squirrel_22",5,0,NA,0,7.53399999999999,"P","F",1,1.6094379124341
"squirrel_22",6,0,NA,0,19.4,"P","F",1,1.79175946922805
"squirrel_22",7,0,NA,0,35.4059999999999,"P","F",1,1.94591014905531
"squirrel_22",8,1,2.90000000000009,0,3.09999999999991,"P","F",1,2.07944154167984
"squirrel_22",9,0,NA,0,18.133,"P","F",1,2.19722457733622
"squirrel_34",1,0,NA,0,12.4400000000001,"A","F",1,0
"squirrel_1",1,1,44.206,1,44.506,"A","F",0,0
"squirrel_1",2,0,NA,1,13.666,"A","F",0,0.693147180559945
"squirrel_1",3,0,NA,0,16.307,"A","F",0,1.09861228866811
"squirrel_1",4,1,5.733,1,6.13300000000001,"A","F",1,1.38629436111989
"squirrel_1",5,0,NA,1,36.505,"A","F",1,1.6094379124341
"squirrel_1",6,0,NA,0,8.767,"A","F",1,1.79175946922805
"squirrel_1",7,0,NA,0,30.467,"A","F",1,1.94591014905531
"squirrel_1",8,0,NA,0,19.333,"A","F",1,2.07944154167984
"squirrel_1",9,1,4.93299999999999,1,34.433,"A","F",1,2.19722457733622
"squirrel_1",10,0,NA,1,28.039,"A","F",1,2.30258509299405
"squirrel_1",11,10,47.166,1,664.781,"A","F",1,2.39789527279837
"squirrel_1",12,12,132.285,1,917.825,"A","F",1,2.484906649788
"squirrel_1",13,0,NA,1,11.067,"A","F",1,2.56494935746154
"squirrel_1",14,0,NA,0,2.46599999999989,"A","F",1,2.63905732961526
"squirrel_1",15,3,65.739,1,135.278,"A","F",0,2.70805020110221
"squirrel_1",16,0,NA,1,5,"A","F",1,2.77258872223978
"squirrel_1",17,6,39.4669999999996,1,245.044,"A","F",1,2.83321334405622
"squirrel_1",19,5,22.3400000000001,1,185.678,"A","F",1,2.94443897916644
"squirrel_1",20,2,7.90000000000009,1,5,"A","F",1,2.99573227355399
"squirrel_5",1,0,NA,0,28.366,"A","F",1,0
"squirrel_5",2,1,8.16699999999992,0,5,"A","F",1,0.693147180559945
"squirrel_5",3,0,NA,1,43.4120000000003,"A","F",1,1.09861228866811
"squirrel_5",4,1,8.90000000000009,1,30.3049999999998,"A","F",1,1.38629436111989
"squirrel_5",5,0,NA,0,2.30000000000018,"A","F",1,1.6094379124341
"squirrel_5",6,5,2.66600000000017,1,3,"A","F",1,1.79175946922805
"squirrel_5",7,0,NA,1,5,"A","F",1,1.94591014905531
"squirrel_8",1,0,NA,1,3.46599999999998,"P","F",1,0
"squirrel_8",2,0,NA,0,1.13300000000001,"P","F",1,0.693147180559945
"squirrel_8",3,0,NA,0,3.89999999999998,"P","F",1,1.09861228866811
"squirrel_8",5,0,NA,0,7.79999999999973,"P","F",1,1.6094379124341
"squirrel_8",6,0,NA,0,2.29999999999973,"P","F",1,1.79175946922805
"squirrel_8",7,0,NA,0,1.33399999999983,"P","F",1,1.94591014905531
"squirrel_8",8,0,NA,0,1.39999999999964,"P","F",1,2.07944154167984
"squirrel_8",9,0,NA,0,5,"P","F",1,2.19722457733622
"squirrel_18",1,6,9.34,1,90.518,"A","F",0,0
"squirrel_18",2,4,5.76700000000002,1,42.4,"A","F",0,0.693147180559945
"squirrel_18",3,3,28.24,1,100.712,"A","F",0,1.09861228866811
"squirrel_18",4,2,4.29999999999995,1,22.5,"A","F",1,1.38629436111989
"squirrel_18",5,7,2.13300000000004,1,47.3910000000001,"A","F",1,1.6094379124341
"squirrel_18",6,8,2.89999999999986,1,107.583,"A","F",1,1.79175946922805
"squirrel_18",7,7,1.53300000000013,1,98.3229999999999,"A","F",1,1.94591014905531
"squirrel_18",8,1,4,1,16.0330000000004,"A","F",0,2.07944154167984
"squirrel_18",9,5,5.70000000000027,1,5,"A","F",0,2.19722457733622
"squirrel_20",1,0,NA,0,32.133,"A","M",1,0
"squirrel_20",2,0,NA,0,13.866,"A","M",0,0.693147180559945
"squirrel_20",3,0,NA,0,15.807,"A","M",1,1.09861228866811
"squirrel_20",4,0,NA,0,14.867,"A","M",1,1.38629436111989
"squirrel_20",5,0,NA,0,22.366,"A","M",1,1.6094379124341
"squirrel_20",6,0,NA,1,23.866,"A","M",1,1.79175946922805
"squirrel_20",7,0,NA,1,13.866,"A","M",1,1.94591014905531
"squirrel_20",8,0,NA,1,41,"A","M",1,2.07944154167984
"squirrel_20",9,0,NA,1,42.1999999999999,"A","M",1,2.19722457733622
"squirrel_20",10,0,NA,0,2.56700000000001,"A","M",1,2.30258509299405
"squirrel_20",11,0,NA,0,1.26599999999996,"A","M",1,2.39789527279837
"squirrel_20",12,0,NA,1,27.319,"A","M",1,2.484906649788
"squirrel_20",13,0,NA,0,10.5329999999999,"A","M",1,2.56494935746154
"squirrel_20",14,0,NA,0,7.56600000000003,"A","M",1,2.63905732961526
"squirrel_20",15,0,NA,0,11.9400000000001,"A","M",1,2.70805020110221
"squirrel_20",16,0,NA,0,4.5,"A","M",1,2.77258872223978
"squirrel_20",17,0,NA,1,6.86599999999999,"A","M",1,2.83321334405622
"squirrel_20",18,0,NA,0,1.86599999999999,"A","M",1,2.89037175789616
"squirrel_6",1,0,NA,0,4.23299999999995,"A","M",1,0
"squirrel_6",2,0,NA,0,17.3000000000001,"A","M",1,0.693147180559945
"squirrel_8",1,2,6.84,1,5,"P","F",0,0
"squirrel_8",2,0,NA,0,3.06599999999999,"P","F",0,0.693147180559945
"squirrel_8",3,1,82.332,1,88.366,"P","F",0,1.09861228866811
"squirrel_8",4,0,NA,1,21.933,"P","F",0,1.38629436111989
"squirrel_8",5,0,NA,0,30.233,"P","F",0,1.6094379124341
"squirrel_8",6,2,43.272,1,50.405,"P","F",0,1.79175946922805
"squirrel_8",7,5,51.433,1,94.638,"P","F",0,1.94591014905531
"squirrel_8",8,0,NA,0,15.699,"P","F",0,2.07944154167984
"squirrel_8",9,0,NA,0,16.2,"P","F",0,2.19722457733622
"squirrel_8",10,0,NA,1,77.933,"P","F",0,2.30258509299405
"squirrel_8",11,1,10.5669999999999,1,11.5329999999999,"P","F",0,2.39789527279837
"squirrel_8",12,1,36.346,1,75.1790000000001,"P","F",0,2.484906649788
"squirrel_8",13,2,24.3670000000001,0,60.433,"P","F",0,2.56494935746154
"squirrel_8",14,0,NA,1,35.433,"P","F",0,2.63905732961526
"squirrel_8",15,2,31.2,1,43.972,"P","F",0,2.70805020110221
"squirrel_8",16,0,NA,0,21.606,"P","F",0,2.77258872223978
"squirrel_8",17,0,NA,0,13.5340000000001,"P","F",0,2.83321334405622
"squirrel_8",18,0,NA,0,5.70000000000005,"P","F",1,2.89037175789616
"squirrel_8",19,0,NA,0,7.13300000000004,"P","F",1,2.94443897916644
"squirrel_22",1,0,NA,0,35.405,"P","F",1,0
"squirrel_22",2,0,NA,0,12.4659999999999,"P","F",1,0.693147180559945
"squirrel_22",3,0,NA,0,19.433,"P","F",1,1.09861228866811
"squirrel_32",1,0,NA,0,5,"A","F",1,0
"squirrel_6",1,0,NA,0,6.36699999999996,"A","M",0,0
"squirrel_6",2,1,4.13300000000004,0,9.90000000000009,"A","M",0,0.693147180559945
"squirrel_6",3,0,NA,0,1.76599999999996,"A","M",0,1.09861228866811
"squirrel_6",4,0,NA,0,3.20000000000005,"A","M",0,1.38629436111989
"squirrel_8",1,1,56.966,1,60.933,"P","F",0,0
"squirrel_8",2,1,2.5,0,3.56700000000001,"P","F",0,0.693147180559945
"squirrel_8",3,0,NA,0,3.23299999999998,"P","F",1,1.09861228866811
"squirrel_8",4,1,3.40000000000001,1,9.63400000000001,"P","F",0,1.38629436111989
"squirrel_8",5,1,2.63400000000001,0,3,"P","F",0,1.6094379124341
"squirrel_8",6,0,NA,1,3.69999999999999,"P","F",0,1.79175946922805
"squirrel_8",7,2,46.267,1,59.666,"P","F",0,1.94591014905531
"squirrel_8",8,2,7.26599999999999,0,7.70000000000002,"P","F",0,2.07944154167984
"squirrel_8",9,0,NA,1,17.8,"P","F",0,2.19722457733622
"squirrel_8",10,1,6.56700000000001,0,7.767,"P","F",0,2.30258509299405
"squirrel_8",11,1,3.267,0,17.633,"P","F",0,2.39789527279837
"squirrel_8",12,1,4.334,0,11.867,"P","F",0,2.484906649788
"squirrel_8",13,1,2.96699999999998,0,21.933,"P","F",0,2.56494935746154
"squirrel_8",14,0,NA,1,25.0989999999999,"P","F",0,2.63905732961526
"squirrel_8",15,0,NA,0,3.53300000000002,"P","F",0,2.70805020110221
"squirrel_8",16,0,NA,0,2.13299999999992,"P","F",0,2.77258872223978
"squirrel_8",17,0,NA,0,5.70000000000005,"P","F",0,2.83321334405622
"squirrel_22",1,0,NA,1,26.033,"P","F",0,0
"squirrel_22",2,0,NA,0,1.733,"P","F",0,0.693147180559945
"squirrel_22",3,0,NA,1,58.566,"P","F",0,1.09861228866811
"squirrel_22",4,0,NA,0,40.133,"P","F",0,1.38629436111989
"squirrel_22",5,1,16.633,0,17.133,"P","F",0,1.6094379124341
"squirrel_22",6,0,NA,0,2.46699999999998,"P","F",0,1.79175946922805
"squirrel_22",7,1,14.5330000000001,0,17.133,"P","F",0,1.94591014905531
"squirrel_22",8,0,NA,0,4.36599999999999,"P","F",0,2.07944154167984
"squirrel_6",1,9,8.76699999999994,1,185.765,"A","M",0,0
"squirrel_6",2,20,12.467,1,382.43,"A","M",0,0.693147180559945
"squirrel_6",3,4,9.44000000000005,1,86.7060000000001,"A","M",0,1.09861228866811
"squirrel_6",4,2,8.26700000000005,1,27,"A","M",0,1.38629436111989
"squirrel_6",5,3,13.5339999999999,1,55.1329999999998,"A","M",0,1.6094379124341
"squirrel_6",6,1,8.86599999999999,1,21.7749999999999,"A","M",1,1.79175946922805
"squirrel_6",7,2,10.8339999999998,1,23.8,"A","M",1,1.94591014905531
"squirrel_6",8,15,3.63400000000001,1,114.899,"A","M",1,2.07944154167984
"squirrel_6",9,23,4.23399999999992,1,247.165,"A","M",1,2.19722457733622
"squirrel_8",4,0,NA,0,1.5,"P","F",1,1.38629436111989
"squirrel_8",8,0,NA,1,6.63300000000004,"P","F",1,2.07944154167984
"squirrel_8",9,0,NA,1,7.70000000000005,"P","F",1,2.19722457733622
"squirrel_8",11,0,NA,0,1.0329999999999,"P","F",1,2.39789527279837
"squirrel_8",13,0,NA,0,1.73300000000017,"P","F",1,2.56494935746154
"squirrel_8",14,0,NA,1,2.83400000000006,"P","F",1,2.63905732961526
"squirrel_8",15,0,NA,1,1.10000000000014,"P","F",1,2.70805020110221
"squirrel_8",16,0,NA,0,6.5,"P","F",1,2.77258872223978
"squirrel_8",17,0,NA,0,8.10000000000014,"P","F",1,2.83321334405622
"squirrel_8",19,0,NA,1,9.73299999999995,"P","F",1,2.94443897916644
"squirrel_8",20,0,NA,1,27.1400000000001,"P","F",0,2.99573227355399
"squirrel_8",21,1,54.1659999999999,1,72.066,"P","F",0,3.04452243772342
"squirrel_8",22,0,NA,0,1.06700000000001,"P","F",0,3.09104245335832
"squirrel_8",23,0,NA,0,5,"P","F",1,3.13549421592915
"squirrel_8",24,0,NA,0,12.4330000000002,"P","F",1,3.17805383034795
"squirrel_8",25,0,NA,0,1.27399999999989,"P","F",1,3.2188758248682
"squirrel_8",26,0,NA,0,7.5,"P","F",1,3.25809653802148
"squirrel_8",28,0,NA,0,2,"P","F",0,3.3322045101752
"squirrel_8",30,0,NA,0,7.13299999999981,"P","F",0,3.40119738166216
"squirrel_8",32,0,NA,0,2.5,"P","F",1,3.46573590279973
"squirrel_8",34,0,NA,0,1.5,"P","F",1,3.52636052461616
"squirrel_8",35,0,NA,0,1.63400000000001,"P","F",1,3.55534806148941
"squirrel_22",1,1,47.966,1,48.533,"P","F",0,0
"squirrel_22",2,0,NA,0,13.766,"P","F",0,0.693147180559945
"squirrel_22",3,1,5.46600000000001,1,5.93300000000002,"P","F",0,1.09861228866811
"squirrel_22",4,0,NA,1,84.766,"P","F",0,1.38629436111989
"squirrel_22",5,1,3.767,0,4.13299999999998,"P","F",0,1.6094379124341
"squirrel_22",6,0,NA,1,23.766,"P","F",0,1.79175946922805
"squirrel_22",7,1,12.033,0,12.867,"P","F",0,1.94591014905531
"squirrel_22",8,1,14.367,0,14.6,"P","F",0,2.07944154167984
"squirrel_22",9,1,110.932,1,111.299,"P","F",0,2.19722457733622
"squirrel_22",10,1,73.199,1,74.066,"P","F",0,2.30258509299405
"squirrel_22",11,0,NA,1,69.0659999999999,"P","F",0,2.39789527279837
"squirrel_22",12,1,44.6329999999999,1,45.1659999999999,"P","F",0,2.484906649788
"squirrel_22",13,0,NA,1,29.1,"P","F",0,2.56494935746154
"squirrel_22",14,0,NA,0,2.66600000000005,"P","F",1,2.63905732961526
"squirrel_22",15,0,NA,0,4.66700000000003,"P","F",1,2.70805020110221
"squirrel_22",16,0,NA,0,1.36599999999999,"P","F",0,2.77258872223978
"squirrel_22",17,0,NA,0,2.03399999999999,"P","F",1,2.83321334405622
"squirrel_22",18,0,NA,1,3.33400000000006,"P","F",1,2.89037175789616
"squirrel_22",19,0,NA,0,18.4,"P","F",1,2.94443897916644
"squirrel_22",21,0,NA,0,5.29999999999995,"P","F",1,3.04452243772342
"squirrel_22",23,0,NA,1,14.5999999999999,"P","F",0,3.13549421592915
"squirrel_22",26,0,NA,0,2.16599999999994,"P","F",0,3.25809653802148
"squirrel_22",27,0,NA,0,8.43300000000022,"P","F",0,3.29583686600433
"squirrel_22",28,0,NA,0,3.173,"P","F",0,3.3322045101752
"squirrel_22",29,0,NA,1,31.0329999999999,"P","F",1,3.36729582998647
"squirrel_22",30,0,NA,0,21.1000000000001,"P","F",1,3.40119738166216
"squirrel_22",31,0,NA,0,32.8330000000001,"P","F",1,3.43398720448515
"squirrel_22",32,0,NA,0,9.63299999999981,"P","F",0,3.46573590279973
"squirrel_22",33,0,NA,0,14.2,"P","F",1,3.49650756146648
"squirrel_22",34,0,NA,0,5.66699999999992,"P","F",1,3.52636052461616
"squirrel_22",35,0,NA,0,8.0329999999999,"P","F",1,3.55534806148941
"squirrel_22",36,0,NA,0,1.79999999999995,"P","F",1,3.58351893845611
"squirrel_22",37,0,NA,0,2.43299999999999,"P","F",1,3.61091791264422
"squirrel_22",38,0,NA,0,2.4670000000001,"P","F",1,3.63758615972639
"squirrel_22",39,0,NA,0,1.36599999999999,"P","F",1,3.66356164612965
"squirrel_22",42,0,NA,0,2.36700000000019,"P","F",1,3.73766961828337
"squirrel_9",1,0,NA,1,61.786,"P","F",1,0
"squirrel_9",2,0,NA,0,3.53399999999999,"P","F",0,0.693147180559945
"squirrel_9",3,1,11.939,1,12.7059999999999,"P","F",0,1.09861228866811
"squirrel_9",4,1,15.533,1,17.533,"P","F",0,1.38629436111989
"squirrel_9",5,1,26.173,1,26.573,"P","F",0,1.6094379124341
"squirrel_5",1,1,18.466,0,21.366,"A","F",0,0
"squirrel_5",2,0,NA,0,8.26699999999994,"A","F",0,0.693147180559945
"squirrel_5",3,0,NA,0,4.83299999999997,"A","F",0,1.09861228866811
"squirrel_14",1,0,NA,1,179.398,"P","F",0,0
"squirrel_14",2,0,NA,1,10.8,"P","F",0,0.693147180559945
"squirrel_14",3,0,NA,1,46.133,"P","F",0,1.09861228866811
"squirrel_14",4,0,NA,1,96.9449999999999,"P","F",0,1.38629436111989
"squirrel_14",5,0,NA,0,6.39999999999998,"P","F",0,1.6094379124341
"squirrel_9",1,1,29.373,1,29.74,"P","F",0,0
"squirrel_9",2,0,NA,1,39.833,"P","F",0,0.693147180559945
"squirrel_9",3,1,5.5,0,6.834,"P","F",0,1.09861228866811
"squirrel_9",4,0,NA,0,24.667,"P","F",1,1.38629436111989
"squirrel_5",1,0,NA,0,5.83300000000003,"A","F",0,0
"squirrel_5",2,1,8.03299999999999,1,15.2,"A","F",0,0.693147180559945
"squirrel_14",1,0,NA,1,40.7,"P","F",0,0
"squirrel_14",2,0,NA,0,10.1,"P","F",0,0.693147180559945
"squirrel_9",1,2,6.80000000000001,0,8.43300000000005,"P","F",0,0
"squirrel_9",2,1,1.19999999999999,0,1.63299999999998,"P","F",0,0.693147180559945
"squirrel_9",3,1,78.8440000000001,0,79.878,"P","F",0,1.09861228866811
"squirrel_9",4,0,NA,1,49.206,"P","F",0,1.38629436111989
"squirrel_10",1,0,NA,0,30.2729999999999,"P","F",0,0
"squirrel_10",2,0,NA,0,6.20600000000002,"P","F",0,0.693147180559945
"squirrel_10",3,0,NA,1,90.999,"P","F",0,1.09861228866811
"squirrel_10",4,0,NA,1,75.932,"P","F",0,1.38629436111989
"squirrel_10",5,0,NA,0,15.466,"P","F",1,1.6094379124341
"squirrel_10",6,0,NA,0,26.111,"P","F",1,1.79175946922805
"squirrel_10",7,0,NA,0,10.572,"P","F",1,1.94591014905531
"squirrel_10",8,0,NA,0,17.4789999999999,"P","F",1,2.07944154167984
"squirrel_10",9,0,NA,0,4.29999999999995,"P","F",1,2.19722457733622
"squirrel_10",11,0,NA,0,14.7,"P","F",0,2.39789527279837
"squirrel_5",1,4,2.59999999999991,1,3.09999999999991,"A","F",1,0
"squirrel_5",2,1,46.766,1,46.966,"A","F",1,0.693147180559945
"squirrel_5",3,0,NA,0,14.6999999999999,"A","F",0,1.09861228866811
"squirrel_5",4,0,NA,0,30,"A","F",0,1.38629436111989
"squirrel_5",5,1,18.1329999999999,0,18.134,"A","F",0,1.6094379124341
"squirrel_5",6,2,36.8440000000001,0,56.783,"A","F",0,1.79175946922805
"squirrel_5",7,0,NA,0,52.545,"A","F",0,1.94591014905531
"squirrel_5",8,0,NA,0,2.5,"A","F",0,2.07944154167984
"squirrel_10",1,0,NA,1,21.833,"P","F",0,0
"squirrel_10",2,1,5.467,0,5.66699999999999,"P","F",0,0.693147180559945
"squirrel_10",3,1,41.067,1,41.233,"P","F",0,1.09861228866811
"squirrel_10",4,1,24.6,1,25.033,"P","F",0,1.38629436111989
"squirrel_10",5,1,20.773,1,21.106,"P","F",0,1.6094379124341
"squirrel_10",6,0,NA,1,20,"P","F",0,1.79175946922805
"squirrel_10",7,0,NA,0,10.8,"P","F",0,1.94591014905531
"squirrel_10",8,0,NA,0,17.033,"P","F",0,2.07944154167984
"squirrel_6",1,0,NA,0,6.87300000000002,"A","M",0,0
"squirrel_6",2,1,4.03299999999999,0,18.533,"A","M",0,0.693147180559945
"squirrel_6",3,0,NA,0,6.36599999999999,"A","M",0,1.09861228866811
"squirrel_6",4,2,4.40700000000004,1,33.54,"A","M",0,1.38629436111989
"squirrel_6",5,16,1.77300000000002,1,173.038,"A","M",0,1.6094379124341
"squirrel_6",6,1,9.63300000000004,1,18.6660000000001,"A","M",0,1.79175946922805
"squirrel_6",7,8,2.79999999999995,1,75.5319999999999,"A","M",0,1.94591014905531
"squirrel_8",1,1,5.39999999999998,0,5.666,"P","F",0,0
"squirrel_8",2,0,NA,1,3.23299999999995,"P","F",0,0.693147180559945
"squirrel_8",3,0,NA,1,24.8,"P","F",0,1.09861228866811
"squirrel_8",4,1,16.6,0,17.067,"P","F",0,1.38629436111989
"squirrel_8",5,0,NA,1,23.073,"P","F",0,1.6094379124341
"squirrel_8",6,0,NA,0,3.93399999999997,"P","F",0,1.79175946922805
"squirrel_8",7,0,NA,0,14.7070000000001,"P","F",0,1.94591014905531
"squirrel_8",8,0,NA,0,7.66700000000003,"P","F",0,2.07944154167984
"squirrel_8",9,2,1.53299999999996,1,43.605,"P","F",0,2.19722457733622
"squirrel_8",10,0,NA,1,19.04,"P","F",0,2.30258509299405
"squirrel_8",11,0,NA,1,9.90700000000004,"P","F",0,2.39789527279837
"squirrel_8",13,1,2.66600000000005,1,14.3000000000001,"P","F",0,2.56494935746154
"squirrel_8",14,0,NA,0,4.96699999999998,"P","F",0,2.63905732961526
"squirrel_8",16,0,NA,0,5.66700000000003,"P","F",0,2.77258872223978
"squirrel_8",17,0,NA,0,33.2000000000002,"P","F",1,2.83321334405622
"squirrel_8",18,0,NA,0,24.606,"P","F",0,2.89037175789616
"squirrel_8",19,0,NA,0,13.7339999999999,"P","F",0,2.94443897916644
"squirrel_8",21,0,NA,1,25.913,"P","F",0,3.04452243772342
"squirrel_8",22,0,NA,0,26.0329999999999,"P","F",0,3.09104245335832
"squirrel_24",4,0,NA,1,1.46699999999998,"P","F",1,1.38629436111989
"squirrel_24",5,0,NA,1,43.3720000000001,"P","F",0,1.6094379124341
"squirrel_24",6,2,0.5,1,47.866,"P","F",1,1.79175946922805
"squirrel_24",9,0,NA,0,5.13300000000004,"P","F",0,2.19722457733622
"squirrel_24",10,1,1.20000000000005,0,3.63300000000004,"P","F",1,2.30258509299405
"squirrel_24",11,0,NA,0,10.266,"P","F",1,2.39789527279837
"squirrel_24",13,0,NA,0,11.433,"P","F",1,2.56494935746154
"squirrel_10",2,1,163.81,1,164.177,"P","F",0,0.693147180559945
"squirrel_10",3,0,NA,1,25.173,"P","F",0,1.09861228866811
"squirrel_10",5,0,NA,0,10.067,"P","F",0,1.6094379124341
"squirrel_10",6,0,NA,0,5.5,"P","F",0,1.79175946922805
"squirrel_10",7,0,NA,0,2.16699999999992,"P","F",1,1.94591014905531
"squirrel_10",9,0,NA,0,2.9670000000001,"P","F",0,2.19722457733622
"squirrel_10",10,0,NA,0,5.5,"P","F",0,2.30258509299405
"squirrel_10",11,0,NA,1,5,"P","F",1,2.39789527279837
"squirrel_10",12,0,NA,0,9.10699999999997,"P","F",0,2.484906649788
"squirrel_10",13,0,NA,0,2.26700000000005,"P","F",1,2.56494935746154
"squirrel_10",14,0,NA,0,1.80000000000007,"P","F",0,2.63905732961526
"squirrel_10",16,0,NA,0,1.33400000000006,"P","F",0,2.77258872223978
"squirrel_10",18,0,NA,1,3.66700000000014,"P","F",0,2.89037175789616
"squirrel_10",22,0,NA,0,2.13300000000004,"P","F",0,3.09104245335832
"squirrel_10",23,0,NA,0,2,"P","F",0,3.13549421592915
"squirrel_10",24,0,NA,0,1.09999999999991,"P","F",0,3.17805383034795
"squirrel_10",25,0,NA,0,2.06700000000001,"P","F",1,3.2188758248682
"squirrel_10",26,0,NA,1,5.53300000000013,"P","F",1,3.25809653802148
"squirrel_10",29,0,NA,0,57.6729999999998,"P","F",0,3.36729582998647
"squirrel_10",30,0,NA,0,5,"P","F",0,3.40119738166216
"squirrel_10",31,1,18.0329999999999,0,18.2999999999997,"P","F",0,3.43398720448515
"squirrel_10",32,0,NA,0,57.232,"P","F",0,3.46573590279973
"squirrel_10",33,0,NA,0,13.2669999999998,"P","F",0,3.49650756146648
"squirrel_10",34,0,NA,0,68.0660000000003,"P","F",0,3.52636052461616
"squirrel_6",1,1,21.24,1,4.107,"A","M",0,0
"squirrel_6",2,34,30.406,1,587.301,"A","M",0,0.693147180559945
"squirrel_6",3,2,4.87300000000005,1,22.9730000000001,"A","M",0,1.09861228866811
"squirrel_6",5,0,NA,0,5.26700000000005,"A","M",0,1.6094379124341
"squirrel_6",6,0,NA,0,1.16599999999994,"A","M",0,1.79175946922805
"squirrel_6",7,2,5.69999999999993,1,20.6999999999999,"A","M",0,1.94591014905531
"squirrel_6",9,9,4.26599999999996,1,16.899,"A","M",1,2.19722457733622
"squirrel_6",10,14,1.70000000000005,1,26.5,"A","M",0,2.30258509299405
"squirrel_6",11,6,6.33299999999986,1,66.3989999999999,"A","M",0,2.39789527279837
"squirrel_6",12,6,5.43299999999999,1,116.445,"A","M",0,2.484906649788
"squirrel_6",13,33,113.432,1,467.735,"A","M",0,2.56494935746154
"squirrel_6",14,1,13.4659999999999,0,17.606,"A","M",0,2.63905732961526
"squirrel_6",15,31,17.3999999999999,1,216.971,"A","M",0,2.70805020110221
"squirrel_6",16,10,3.56700000000001,1,111.733,"A","M",0,2.77258872223978
"squirrel_6",17,10,8.97299999999996,1,74.9390000000003,"A","M",0,2.83321334405622
"squirrel_10",1,0,NA,0,15.367,"P","F",0,0
"squirrel_10",2,1,7.634,0,7.9,"P","F",0,0.693147180559945
"squirrel_10",3,0,NA,1,28.4,"P","F",0,1.09861228866811
"squirrel_10",4,1,3.76599999999999,0,4.09999999999999,"P","F",0,1.38629436111989
"squirrel_10",5,0,NA,0,2.973,"P","F",0,1.6094379124341
"squirrel_10",6,1,8.19999999999999,0,8.59999999999999,"P","F",0,1.79175946922805
"squirrel_34",1,0,NA,0,9.566,"A","F",0,0
"squirrel_34",2,0,NA,0,7.76600000000002,"A","F",0,0.693147180559945
"squirrel_34",3,0,NA,0,5.23400000000001,"A","F",0,1.09861228866811
"squirrel_5",1,0,NA,1,95.866,"A","F",0,0
"squirrel_5",2,0,NA,0,24.533,"A","F",0,0.693147180559945
"squirrel_5",3,1,0.899999999999977,1,69.566,"A","F",0,1.09861228866811
"squirrel_5",4,8,7.166,1,196.198,"A","F",0,1.38629436111989
"squirrel_9",1,1,48.585,0,49.3190000000001,"P","F",0,0
"squirrel_9",2,0,NA,0,3.76599999999996,"P","F",0,0.693147180559945
"squirrel_9",3,0,NA,0,17.6990000000001,"P","F",0,1.09861228866811
"squirrel_9",4,2,29.506,1,59.8720000000001,"P","F",0,1.38629436111989
"squirrel_9",5,0,NA,0,26.813,"P","F",0,1.6094379124341
"squirrel_17",1,0,NA,0,4.334,"P","M",0,0
"squirrel_17",2,0,NA,0,13.5,"P","M",0,0.693147180559945
"squirrel_17",3,0,NA,0,32.006,"P","M",0,1.09861228866811
"squirrel_17",4,0,NA,0,7.90000000000003,"P","M",0,1.38629436111989
"squirrel_17",5,0,NA,0,15.499,"P","M",0,1.6094379124341
"squirrel_32",1,1,52.706,1,53.506,"A","F",0,0
"squirrel_32",2,0,NA,0,41.873,"A","F",0,0.693147180559945
"squirrel_32",3,1,24.133,0,24.566,"A","F",0,1.09861228866811
"squirrel_32",4,1,41.152,0,41.818,"A","F",0,1.38629436111989
"squirrel_32",5,1,30.133,0,31.033,"A","F",0,1.6094379124341
"squirrel_32",6,0,NA,0,16.652,"A","F",0,1.79175946922805
"squirrel_32",7,0,NA,1,3.86700000000002,"A","F",0,1.94591014905531
"squirrel_32",8,0,NA,0,7.30000000000001,"A","F",0,2.07944154167984
"squirrel_32",9,1,65.457,1,10.406,"A","F",0,2.19722457733622
"squirrel_32",10,0,NA,0,22.672,"A","F",0,2.30258509299405
"squirrel_32",11,1,7,0,8.3660000000001,"A","F",0,2.39789527279837
"squirrel_32",12,1,29.8390000000001,0,33.005,"A","F",0,2.484906649788
"squirrel_9",1,0,NA,0,22.166,"P","F",0,0
"squirrel_9",2,0,NA,0,17.166,"P","F",0,0.693147180559945
"squirrel_9",3,1,3.06700000000001,0,5.5,"P","F",0,1.09861228866811
"squirrel_9",4,1,22.1,0,30.667,"P","F",0,1.38629436111989
"squirrel_32",1,0,NA,0,20.539,"A","F",0,0
"squirrel_32",2,1,16.906,0,17.706,"A","F",0,0.693147180559945
"squirrel_9",1,0,NA,0,26.7,"P","F",1,0
"squirrel_9",2,1,67.812,1,2.767,"P","F",1,0.693147180559945
"squirrel_3",1,0,NA,0,5,"A","M",1,0
"squirrel_3",2,0,NA,0,37.667,"A","M",1,0.693147180559945
"squirrel_3",3,1,70.332,1,70.699,"A","M",1,1.09861228866811
"squirrel_3",4,1,59.7330000000001,1,60.366,"A","M",1,1.38629436111989
"squirrel_3",5,1,91.606,1,92.0719999999999,"A","M",1,1.6094379124341
"squirrel_3",6,3,65.6329999999999,1,167.978,"A","M",1,1.79175946922805
"squirrel_3",7,2,13.1999999999999,1,167.645,"A","M",1,1.94591014905531
"squirrel_3",8,2,78.7720000000002,0,109.372,"A","M",1,2.07944154167984
"squirrel_3",9,0,NA,0,58.8720000000001,"A","M",1,2.19722457733622
"squirrel_3",10,2,48.539,0,150.111,"A","M",1,2.30258509299405
"squirrel_3",11,9,35.039,1,297.36,"A","M",1,2.39789527279837
"squirrel_3",12,3,38.373,1,150.211,"A","M",1,2.484906649788
"squirrel_3",13,9,21.539,1,209.755,"A","M",1,2.56494935746154
"squirrel_13",1,1,42.866,1,43.2,"A","F",0,0
"squirrel_13",2,0,NA,0,29.933,"A","F",0,0.693147180559945
"squirrel_13",3,1,2.26600000000002,0,5,"A","F",0,1.09861228866811
"squirrel_32",1,0,NA,1,68.545,"A","F",0,0
"squirrel_32",2,0,NA,1,44.445,"A","F",0,0.693147180559945
"squirrel_32",3,0,NA,1,61.246,"A","F",0,1.09861228866811
"squirrel_11",1,0,NA,0,42.067,"A","M",0,0
"squirrel_11",2,0,NA,0,5,"A","M",0,0.693147180559945
"squirrel_11",3,0,NA,0,20.405,"A","M",0,1.09861228866811
"squirrel_11",4,0,NA,0,5,"A","M",0,1.38629436111989
"squirrel_11",5,0,NA,1,22.1,"A","M",0,1.6094379124341
"squirrel_11",6,0,NA,0,28.567,"A","M",0,1.79175946922805
"squirrel_11",7,0,NA,0,6,"A","M",0,1.94591014905531
"squirrel_11",8,0,NA,0,5.666,"A","M",0,2.07944154167984
"squirrel_11",9,0,NA,0,31.099,"A","M",0,2.19722457733622
"squirrel_11",10,0,NA,0,5.83300000000003,"A","M",0,2.30258509299405
"squirrel_23",1,0,NA,1,60.039,"A","F",1,0
"squirrel_23",1,3,26.973,1,118.306,"A","F",0,0
"squirrel_23",2,0,NA,1,32.166,"A","F",0,0.693147180559945
"squirrel_23",3,0,NA,0,8.46699999999998,"A","F",0,1.09861228866811
"squirrel_23",4,8,7.13400000000001,1,275.449,"A","F",0,1.38629436111989
"squirrel_23",5,15,13.866,1,291.38,"A","F",0,1.6094379124341
"squirrel_23",6,3,5.30000000000007,1,42.6329999999999,"A","F",0,1.79175946922805
"squirrel_29",1,0,NA,0,65.906,"A","M",0,0
"squirrel_29",2,0,NA,0,39.573,"A","M",0,0.693147180559945
"squirrel_29",3,0,NA,0,20.833,"A","M",0,1.09861228866811
"squirrel_23",1,0,NA,0,180.065,"A","F",0,0
"squirrel_23",2,0,NA,0,4.166,"A","F",1,0.693147180559945
"squirrel_23",3,1,8.50700000000001,1,50.006,"A","F",1,1.09861228866811
"squirrel_23",4,0,NA,0,13.6,"A","F",1,1.38629436111989
"squirrel_29",1,0,NA,0,5,"A","M",0,0
"squirrel_21",1,0,NA,0,38.367,"A","M",0,0
"squirrel_21",2,0,NA,0,28.333,"A","M",0,0.693147180559945
"squirrel_21",3,0,NA,0,28.867,"A","M",1,1.09861228866811
"squirrel_21",4,0,NA,0,5.5,"A","M",0,1.38629436111989
"squirrel_21",5,0,NA,0,21.2329999999999,"A","M",1,1.6094379124341
"squirrel_21",6,0,NA,0,35.8329999999999,"A","M",1,1.79175946922805
"squirrel_21",7,0,NA,0,60.2329999999999,"A","M",0,1.94591014905531
"squirrel_21",8,0,NA,0,2.03399999999988,"A","M",1,2.07944154167984
"squirrel_21",9,0,NA,0,9.06600000000003,"A","M",1,2.19722457733622
"squirrel_21",10,0,NA,0,2.43299999999999,"A","M",1,2.30258509299405
"squirrel_21",11,0,NA,0,4.26600000000008,"A","M",1,2.39789527279837
"squirrel_21",12,0,NA,0,7.46599999999989,"A","M",1,2.484906649788
"squirrel_21",13,0,NA,0,3.69999999999982,"A","M",1,2.56494935746154
"squirrel_21",14,0,NA,0,52.4789999999998,"A","M",0,2.63905732961526
"squirrel_21",15,0,NA,0,2.53400000000011,"A","M",1,2.70805020110221
"squirrel_23",1,1,4.00700000000001,0,8.44000000000001,"A","F",0,0
"squirrel_23",2,0,NA,1,124.999,"A","F",0,0.693147180559945
"squirrel_23",3,11,5,1,306.203,"A","F",0,1.09861228866811
"squirrel_23",4,0,NA,0,21.333,"A","F",0,1.38629436111989
"squirrel_23",5,0,NA,0,45.4059999999999,"A","F",0,1.6094379124341
"squirrel_23",6,0,NA,0,1.83299999999997,"A","F",0,1.79175946922805
"squirrel_23",7,0,NA,0,24.766,"A","F",0,1.94591014905531
"squirrel_23",8,0,NA,0,4.10000000000002,"A","F",1,2.07944154167984
"squirrel_23",9,3,1.46600000000001,1,1.63300000000004,"A","F",1,2.19722457733622
"squirrel_23",10,13,46.4860000000001,1,274.947,"A","F",0,2.30258509299405
"squirrel_23",11,0,NA,1,73.752,"A","F",1,2.39789527279837
"squirrel_23",12,1,5.76699999999983,1,19.6999999999998,"A","F",0,2.484906649788
"squirrel_23",13,5,17.6669999999999,1,90.539,"A","F",0,2.56494935746154
"squirrel_23",14,0,NA,0,2.86700000000019,"A","F",1,2.63905732961526
"squirrel_23",15,0,NA,0,5.76699999999983,"A","F",1,2.70805020110221
"squirrel_23",16,0,NA,0,1.59999999999991,"A","F",1,2.77258872223978
"squirrel_23",18,0,NA,0,5.07299999999987,"A","F",1,2.89037175789616
"squirrel_23",19,1,13.6330000000003,1,52.0660000000003,"A","F",1,2.94443897916644
"squirrel_23",20,0,NA,0,1.33300000000008,"A","F",0,2.99573227355399
"squirrel_23",21,0,NA,0,2.93299999999999,"A","F",0,3.04452243772342
"squirrel_23",22,1,7.16599999999971,0,10.9659999999999,"A","F",0,3.09104245335832
"squirrel_23",23,7,0.873000000000047,1,95.2449999999999,"A","F",0,3.13549421592915
"squirrel_23",24,4,24.9119999999998,1,5,"A","F",0,3.17805383034795
"squirrel_29",1,0,NA,0,33.533,"A","M",0,0
"squirrel_29",2,0,NA,0,30.133,"A","M",0,0.693147180559945
"squirrel_29",3,0,NA,0,50.7330000000001,"A","M",0,1.09861228866811
"squirrel_29",4,0,NA,0,38.772,"A","M",0,1.38629436111989
"squirrel_29",5,0,NA,0,2.76599999999996,"A","M",0,1.6094379124341
"squirrel_29",7,0,NA,0,4.33300000000008,"A","M",0,1.94591014905531
"squirrel_29",8,0,NA,0,6.03399999999999,"A","M",0,2.07944154167984
"squirrel_29",9,0,NA,0,69.032,"A","M",0,2.19722457733622
"squirrel_29",10,0,NA,0,3.5329999999999,"A","M",0,2.30258509299405
"squirrel_29",11,0,NA,0,47.5329999999999,"A","M",0,2.39789527279837
"squirrel_29",12,0,NA,0,14.6659999999999,"A","M",1,2.484906649788
"squirrel_29",13,0,NA,0,30.4660000000001,"A","M",1,2.56494935746154
"squirrel_29",14,0,NA,0,20.8,"A","M",1,2.63905732961526
"squirrel_29",15,0,NA,0,199.998,"A","M",0,2.70805020110221
"squirrel_29",16,0,NA,0,1.30700000000002,"A","M",0,2.77258872223978
"squirrel_29",17,0,NA,0,78.7660000000001,"A","M",0,2.83321334405622
"squirrel_29",18,0,NA,0,4.23399999999992,"A","M",0,2.89037175789616
"squirrel_29",19,0,NA,0,10.9339999999997,"A","M",1,2.94443897916644
"squirrel_29",20,0,NA,0,9.16599999999971,"A","M",1,2.99573227355399
"squirrel_21",1,0,NA,0,107.641,"A","M",0,0
"squirrel_23",1,0,NA,0,88.011,"A","F",0,0
"squirrel_23",2,1,4.69999999999999,0,61.966,"A","F",0,0.693147180559945
"squirrel_23",3,0,NA,0,7.53300000000002,"A","F",0,1.09861228866811
"squirrel_23",4,0,NA,0,14.667,"A","F",0,1.38629436111989
"squirrel_23",5,0,NA,0,7.80000000000001,"A","F",0,1.6094379124341
"squirrel_23",6,0,NA,0,14.846,"A","F",0,1.79175946922805
"squirrel_29",1,0,NA,0,27.133,"A","M",0,0
"squirrel_29",2,0,NA,0,2.63300000000001,"A","M",0,0.693147180559945
"squirrel_29",3,0,NA,0,21.399,"A","M",0,1.09861228866811
"squirrel_11",1,0,NA,0,4.63400000000001,"A","M",1,0
"squirrel_11",2,0,NA,0,14.0339999999999,"A","M",1,0.693147180559945
"squirrel_11",3,0,NA,0,44.9060000000002,"A","M",1,1.09861228866811
"squirrel_11",4,0,NA,0,199.865,"A","M",1,1.38629436111989
"squirrel_11",5,0,NA,0,7.06700000000001,"A","M",1,1.6094379124341
"squirrel_11",6,0,NA,0,40.866,"A","M",1,1.79175946922805
"squirrel_21",1,0,NA,0,32.3,"A","M",1,0
"squirrel_21",2,0,NA,0,9.59999999999997,"A","M",1,0.693147180559945
"squirrel_21",3,0,NA,0,197.771,"A","M",1,1.09861228866811
"squirrel_21",4,0,NA,0,68.5780000000001,"A","M",1,1.38629436111989
"squirrel_21",5,0,NA,0,21.299,"A","M",1,1.6094379124341
"squirrel_21",6,0,NA,0,100.133,"A","M",1,1.79175946922805
"squirrel_21",7,0,NA,0,1.9670000000001,"A","M",1,1.94591014905531
"squirrel_21",8,0,NA,0,371.888,"A","M",1,2.07944154167984
"squirrel_23",1,0,NA,0,46.466,"A","F",0,0
"squirrel_23",2,0,NA,0,13.6,"A","F",0,0.693147180559945
"squirrel_23",3,0,NA,0,5,"A","F",1,1.09861228866811
"squirrel_23",4,0,NA,0,21.6049999999999,"A","F",1,1.38629436111989
"squirrel_23",5,0,NA,0,9.5,"A","F",1,1.6094379124341
"squirrel_23",6,0,NA,0,17.566,"A","F",0,1.79175946922805
"squirrel_23",7,0,NA,0,3.93399999999997,"A","F",1,1.94591014905531
"squirrel_23",8,0,NA,0,1.10000000000002,"A","F",1,2.07944154167984
"squirrel_23",9,0,NA,0,2.29999999999995,"A","F",0,2.19722457733622
"squirrel_23",10,0,NA,0,5.86699999999996,"A","F",1,2.30258509299405
"squirrel_23",11,3,18.639,1,129.951,"A","F",1,2.39789527279837
"squirrel_23",12,1,2.90000000000009,0,14.067,"A","F",0,2.484906649788
"squirrel_23",13,6,6.66599999999994,0,65.6990000000001,"A","F",1,2.56494935746154
"squirrel_23",14,0,NA,0,35.606,"A","F",0,2.63905732961526
"squirrel_23",15,0,NA,0,7.23299999999995,"A","F",0,2.70805020110221
"squirrel_23",16,0,NA,0,26.0059999999999,"A","F",0,2.77258872223978
"squirrel_23",17,0,NA,0,24.866,"A","F",0,2.83321334405622
"squirrel_29",1,0,NA,0,45.833,"A","M",1,0
"squirrel_29",2,0,NA,0,14.867,"A","M",0,0.693147180559945
"squirrel_29",3,0,NA,0,144.699,"A","M",1,1.09861228866811
"squirrel_29",4,0,NA,0,46.533,"A","M",1,1.38629436111989
"squirrel_29",5,0,NA,0,11.6,"A","M",1,1.6094379124341
"squirrel_29",6,0,NA,0,22.6660000000001,"A","M",1,1.79175946922805
"squirrel_29",7,0,NA,0,57.0999999999999,"A","M",1,1.94591014905531
"squirrel_29",8,0,NA,0,14.2329999999999,"A","M",1,2.07944154167984
"squirrel_29",9,0,NA,0,20.1990000000001,"A","M",1,2.19722457733622
"squirrel_29",10,0,NA,0,107.272,"A","M",1,2.30258509299405
"squirrel_23",1,1,61.366,1,116.532,"A","F",0,0
"squirrel_23",2,8,6.166,1,194.504,"A","F",0,0.693147180559945
"squirrel_23",3,0,NA,1,18.133,"A","F",0,1.09861228866811
"squirrel_23",4,3,5.73300000000006,1,52.432,"A","F",0,1.38629436111989
"squirrel_23",5,0,NA,1,32,"A","F",0,1.6094379124341
"squirrel_23",6,9,29.9390000000003,1,336.973,"A","F",0,1.79175946922805
"squirrel_29",1,0,NA,0,2.83299999999997,"A","M",1,0
"squirrel_29",2,0,NA,1,1.5,"A","M",1,0.693147180559945
"squirrel_29",3,0,NA,1,200.498,"A","M",1,1.09861228866811
"squirrel_29",4,0,NA,0,36.533,"A","M",0,1.38629436111989
"squirrel_29",5,0,NA,0,44.1320000000001,"A","M",0,1.6094379124341
"squirrel_29",6,0,NA,1,111.333,"A","M",0,1.79175946922805
"squirrel_29",7,0,NA,1,65.9519999999998,"A","M",0,1.94591014905531
"squirrel_16",1,0,NA,0,2.434,"A","M",0,0
"squirrel_16",2,0,NA,0,4.46599999999999,"A","M",0,0.693147180559945
"squirrel_29",1,0,NA,0,5.69900000000001,"A","M",0,0
"squirrel_29",2,0,NA,0,3.3,"A","M",0,0.693147180559945
"squirrel_29",3,0,NA,0,9.133,"A","M",0,1.09861228866811
"squirrel_29",4,0,NA,0,5.76599999999999,"A","M",0,1.38629436111989
"squirrel_29",5,0,NA,0,18.9,"A","M",0,1.6094379124341
"squirrel_29",6,0,NA,0,36.266,"A","M",0,1.79175946922805
"squirrel_23",1,1,78.733,1,124.099,"A","F",0,0
"squirrel_23",2,13,76.633,1,372.48,"A","F",0,0.693147180559945
"squirrel_23",3,17,72.9450000000001,1,384.479,"A","F",0,1.09861228866811
"squirrel_23",4,11,10.0330000000001,1,154.39,"A","F",0,1.38629436111989
"squirrel_28",1,0,NA,1,688.752,"A","M",0,0
"squirrel_28",2,0,NA,0,37.1659999999999,"A","M",0,0.693147180559945
"squirrel_23",1,1,75.499,1,144.732,"A","F",0,0
"squirrel_23",2,0,NA,0,1.29999999999998,"A","F",0,0.693147180559945
"squirrel_16",1,0,NA,0,5.13399999999996,"A","M",0,0
"squirrel_16",2,0,NA,1,70.072,"A","M",1,0.693147180559945
"squirrel_16",3,1,3.80600000000004,0,4.13999999999999,"A","M",1,1.09861228866811
"squirrel_16",4,0,NA,0,15.734,"A","M",1,1.38629436111989
"squirrel_16",5,0,NA,0,27.2329999999999,"A","M",1,1.6094379124341
"squirrel_23",1,4,72.905,1,164.843,"A","F",0,0
"squirrel_28",1,0,NA,1,169.565,"A","M",1,0
"squirrel_28",2,1,3.76600000000002,0,4.19999999999999,"A","M",0,0.693147180559945
"squirrel_28",3,0,NA,0,30.966,"A","M",0,1.09861228866811
"squirrel_28",4,1,12.967,0,13.3,"A","M",0,1.38629436111989
"squirrel_28",5,1,83.033,1,5,"A","M",0,1.6094379124341
"squirrel_28",6,1,69.3660000000001,1,70.499,"A","M",0,1.79175946922805
"squirrel_28",7,0,NA,1,1.60000000000002,"A","M",0,1.94591014905531
"squirrel_28",8,0,NA,0,23.299,"A","M",0,2.07944154167984
"squirrel_28",9,1,3.66699999999992,0,4.03399999999999,"A","M",0,2.19722457733622
"squirrel_28",10,0,NA,1,108.566,"A","M",0,2.30258509299405
"squirrel_28",11,1,9.70000000000005,0,9.96699999999998,"A","M",0,2.39789527279837
"squirrel_28",12,1,27.972,1,28.606,"A","M",0,2.484906649788
"squirrel_28",13,1,22.9329999999999,1,28.1660000000001,"A","M",0,2.56494935746154
"squirrel_28",14,0,NA,0,10.4670000000001,"A","M",0,2.63905732961526
"squirrel_16",1,0,NA,0,37.033,"A","M",0,0
"squirrel_16",2,0,NA,0,10.866,"A","M",0,0.693147180559945
"squirrel_16",3,0,NA,0,94.305,"A","M",0,1.09861228866811
"squirrel_16",4,0,NA,0,7.93400000000003,"A","M",0,1.38629436111989
"squirrel_16",5,1,32.933,0,33.2329999999999,"A","M",0,1.6094379124341
"squirrel_27",1,1,8.60000000000002,0,8.83300000000003,"P","M",0,0
"squirrel_27",2,1,25.499,0,27.766,"P","M",0,0.693147180559945
"squirrel_29",1,0,NA,0,14,"A","M",0,0
"squirrel_29",2,0,NA,1,99.5120000000001,"A","M",0,0.693147180559945
"squirrel_19",1,0,NA,1,91.4779999999998,"A","F",1,0
"squirrel_19",2,0,NA,0,11.9400000000001,"A","F",1,0.693147180559945
"squirrel_19",3,0,NA,1,27.5,"A","F",0,1.09861228866811
"squirrel_19",4,0,NA,0,13.9000000000001,"A","F",0,1.38629436111989
"squirrel_19",5,0,NA,0,24.9660000000001,"A","F",0,1.6094379124341
"squirrel_16",1,0,NA,1,23.479,"A","M",0,0
"squirrel_21",1,1,45.7669999999998,1,46.3329999999999,"A","M",0,0
"squirrel_21",2,0,NA,0,27.7460000000001,"A","M",0,0.693147180559945
"squirrel_23",1,0,NA,1,15.333,"A","F",0,0
"squirrel_23",2,1,9.90000000000001,1,18.7,"A","F",0,0.693147180559945
"squirrel_23",3,0,NA,0,1.80000000000018,"A","F",1,1.09861228866811
"squirrel_23",4,1,25.5460000000003,1,57.4180000000001,"A","F",0,1.38629436111989
"squirrel_27",1,1,42.566,1,42.866,"P","M",0,0
"squirrel_27",3,1,4.233,0,4.5,"P","M",0,1.09861228866811
"squirrel_27",5,0,NA,1,31.133,"P","M",0,1.6094379124341
"squirrel_27",6,0,NA,0,4.96699999999998,"P","M",0,1.79175946922805
"squirrel_27",8,1,39.9,1,40.167,"P","M",0,2.07944154167984
"squirrel_27",9,0,NA,1,20.1,"P","M",0,2.19722457733622
"squirrel_27",12,0,NA,0,9.16599999999994,"P","M",0,2.484906649788
"squirrel_27",13,0,NA,0,5.69999999999993,"P","M",0,2.56494935746154
"squirrel_27",14,0,NA,1,62.899,"P","M",0,2.63905732961526
"squirrel_27",15,0,NA,1,69.6559999999999,"P","M",0,2.70805020110221
"squirrel_27",16,0,NA,1,65.605,"P","M",0,2.77258872223978
"squirrel_27",17,1,171.065,1,171.298,"P","M",0,2.83321334405622
"squirrel_27",18,0,NA,1,5.23299999999995,"P","M",0,2.89037175789616
"squirrel_27",19,1,13.8,1,14.2,"P","M",0,2.94443897916644
"squirrel_27",20,0,NA,1,95.444,"P","M",0,2.99573227355399
"squirrel_27",21,1,8.5329999999999,0,9.36599999999999,"P","M",0,3.04452243772342
"squirrel_27",22,1,37.2069999999999,0,37.5069999999998,"P","M",0,3.09104245335832
"squirrel_27",23,0,NA,1,158.656,"P","M",0,3.13549421592915
"squirrel_27",24,1,6.70000000000027,0,6.86599999999999,"P","M",0,3.17805383034795
"squirrel_27",25,0,NA,1,140.112,"P","M",0,3.2188758248682
"squirrel_28",1,0,NA,1,8.5,"A","M",0,0
"squirrel_28",2,1,6.30599999999981,1,12.7389999999998,"A","M",0,0.693147180559945
"squirrel_28",3,1,20.1659999999999,1,20.433,"A","M",0,1.09861228866811
"squirrel_28",4,0,NA,1,82.9110000000001,"A","M",0,1.38629436111989
"squirrel_28",5,0,NA,0,8.26700000000005,"A","M",0,1.6094379124341
"squirrel_28",6,0,NA,0,47.5660000000003,"A","M",1,1.79175946922805
"squirrel_29",1,0,NA,1,4.934,"A","M",0,0
"squirrel_29",2,0,NA,1,133.166,"A","M",0,0.693147180559945
"squirrel_29",3,0,NA,0,31.567,"A","M",0,1.09861228866811
"squirrel_29",4,0,NA,1,7.334,"A","M",1,1.38629436111989
"squirrel_29",5,0,NA,0,9.96600000000001,"A","M",1,1.6094379124341
"squirrel_29",6,0,NA,1,47.333,"A","M",1,1.79175946922805
"squirrel_29",7,0,NA,1,11.5,"A","M",0,1.94591014905531
"squirrel_29",8,0,NA,1,11,"A","M",0,2.07944154167984
"squirrel_29",9,1,20.5329999999999,0,16.9659999999999,"A","M",0,2.19722457733622
"squirrel_29",10,0,NA,0,8.13299999999992,"A","M",1,2.30258509299405
"squirrel_29",12,0,NA,0,11.2,"A","M",0,2.484906649788
"squirrel_29",13,1,10.133,0,10.4,"A","M",1,2.56494935746154
"squirrel_29",14,1,9.96699999999998,1,10.167,"A","M",1,2.63905732961526
"squirrel_29",15,0,NA,0,21.5,"A","M",1,2.70805020110221
"squirrel_29",16,0,NA,1,8.76599999999996,"A","M",0,2.77258872223978
"squirrel_29",17,0,NA,0,3.03399999999999,"A","M",0,2.83321334405622
"squirrel_29",18,1,30.933,1,31.033,"A","M",0,2.89037175789616
"squirrel_29",19,1,57.4169999999999,1,61.184,"A","M",1,2.94443897916644
"squirrel_29",20,0,NA,1,31.366,"A","M",0,2.99573227355399
"squirrel_29",21,0,NA,1,22.6389999999999,"A","M",1,3.04452243772342
"squirrel_29",22,0,NA,0,2.66699999999992,"A","M",0,3.09104245335832
"squirrel_29",23,0,NA,0,10.5,"A","M",0,3.13549421592915
"squirrel_29",24,0,NA,0,6.5,"A","M",0,3.17805383034795
"squirrel_19",1,1,33.5,1,34.9670000000001,"A","F",1,0
"squirrel_19",2,0,NA,1,89.9649999999999,"A","F",1,0.693147180559945
"squirrel_19",3,1,19.567,0,23.567,"A","F",1,1.09861228866811
"squirrel_19",4,0,NA,1,67.0989999999999,"A","F",1,1.38629436111989
"squirrel_16",1,0,NA,1,63.732,"A","M",0,0
"squirrel_16",2,0,NA,0,3,"A","M",0,0.693147180559945
"squirrel_16",3,0,NA,1,6.76699999999994,"A","M",0,1.09861228866811
"squirrel_16",4,0,NA,0,8.83300000000008,"A","M",0,1.38629436111989
"squirrel_21",1,0,NA,1,22.5,"A","M",0,0
"squirrel_21",2,0,NA,0,73.266,"A","M",0,0.693147180559945
"squirrel_21",3,1,4.33399999999995,0,4.39999999999998,"A","M",0,1.09861228866811
"squirrel_21",4,1,8.23399999999992,0,8.46699999999998,"A","M",0,1.38629436111989
"squirrel_21",5,0,NA,0,1.63300000000004,"A","M",0,1.6094379124341
"squirrel_21",6,0,NA,0,29.2660000000001,"A","M",0,1.79175946922805
"squirrel_21",7,0,NA,0,9.19999999999982,"A","M",1,1.94591014905531
"squirrel_21",8,0,NA,1,14.866,"A","M",1,2.07944154167984
"squirrel_21",9,0,NA,0,2.66700000000014,"A","M",1,2.19722457733622
"squirrel_23",1,2,24.366,1,63.566,"A","F",0,0
"squirrel_23",2,0,NA,1,9.93299999999999,"A","F",0,0.693147180559945
"squirrel_23",3,12,0.834000000000003,1,204.132,"A","F",0,1.09861228866811
"squirrel_23",5,0,NA,1,16.1999999999999,"A","F",0,1.6094379124341
"squirrel_23",6,1,26.033,1,5,"A","F",0,1.79175946922805
"squirrel_23",7,4,15.1000000000001,1,76.9660000000001,"A","F",0,1.94591014905531
"squirrel_29",1,0,NA,1,82.532,"A","M",0,0
"squirrel_29",2,0,NA,0,1.434,"A","M",0,0.693147180559945
"squirrel_29",3,0,NA,0,5,"A","M",0,1.09861228866811
"squirrel_29",4,0,NA,0,10.233,"A","M",0,1.38629436111989
"squirrel_29",5,0,NA,1,86.332,"A","M",0,1.6094379124341
"squirrel_29",6,0,NA,0,22.966,"A","M",0,1.79175946922805
"squirrel_29",7,0,NA,0,5.56700000000001,"A","M",0,1.94591014905531
"squirrel_29",8,1,0.966000000000008,0,1.63299999999992,"A","M",0,2.07944154167984
"squirrel_29",9,0,NA,1,2.43399999999997,"A","M",0,2.19722457733622
"squirrel_29",10,1,13.8670000000001,0,14.6999999999999,"A","M",1,2.30258509299405
"squirrel_29",11,0,NA,1,21.2329999999999,"A","M",1,2.39789527279837
"squirrel_29",12,0,NA,0,6.73299999999995,"A","M",1,2.484906649788
"squirrel_29",13,0,NA,0,7.29999999999995,"A","M",1,2.56494935746154
"squirrel_29",14,0,NA,0,6.63400000000001,"A","M",1,2.63905732961526
"squirrel_29",15,0,NA,0,12.3999999999999,"A","M",1,2.70805020110221
"squirrel_23",1,2,10.633,1,36.799,"A","F",0,0
"squirrel_23",2,4,15.533,1,115.417,"A","F",0,0.693147180559945
"squirrel_29",1,0,NA,0,91.139,"A","M",0,0
"squirrel_29",2,0,NA,0,3.57300000000001,"A","M",0,0.693147180559945
"squirrel_29",3,1,4.767,0,4.934,"A","M",0,1.09861228866811
"squirrel_29",4,0,NA,0,37.6,"A","M",0,1.38629436111989
"squirrel_29",5,0,NA,1,9.96700000000001,"A","M",0,1.6094379124341
"squirrel_29",6,0,NA,0,21.933,"A","M",0,1.79175946922805
"squirrel_29",7,0,NA,0,8.26600000000002,"A","M",0,1.94591014905531
"squirrel_29",8,0,NA,0,3.03299999999996,"A","M",0,2.07944154167984
"squirrel_29",9,0,NA,0,92.8989999999999,"A","M",0,2.19722457733622
"squirrel_29",10,0,NA,0,14.1,"A","M",0,2.30258509299405
"squirrel_19",1,0,NA,0,30.673,"A","F",1,0
"squirrel_21",1,0,NA,0,47.306,"A","M",0,0
"squirrel_21",2,0,NA,0,1.69999999999999,"A","M",0,0.693147180559945
"squirrel_21",3,1,9.09999999999999,1,9.233,"A","M",0,1.09861228866811
"squirrel_21",4,0,NA,1,47.367,"A","M",0,1.38629436111989
"squirrel_21",5,0,NA,1,213.571,"A","M",0,1.6094379124341
"squirrel_21",6,0,NA,0,39.467,"A","M",0,1.79175946922805
"squirrel_21",7,0,NA,1,5.93299999999999,"A","M",0,1.94591014905531
"squirrel_21",8,0,NA,0,9.73300000000006,"A","M",0,2.07944154167984
"squirrel_21",9,1,3.33299999999997,0,3.66600000000005,"A","M",0,2.19722457733622
"squirrel_21",10,0,NA,0,36.1,"A","M",0,2.30258509299405
"squirrel_21",11,0,NA,0,6.96699999999998,"A","M",0,2.39789527279837
"squirrel_21",12,0,NA,0,10.467,"A","M",0,2.484906649788
"squirrel_21",13,0,NA,0,1.173,"A","M",0,2.56494935746154
"squirrel_21",14,0,NA,0,4.96699999999998,"A","M",0,2.63905732961526
"squirrel_21",16,0,NA,0,5.46699999999998,"A","M",0,2.77258872223978
"squirrel_21",17,0,NA,0,1.16600000000005,"A","M",0,2.83321334405622
"squirrel_21",18,0,NA,0,4.29999999999995,"A","M",0,2.89037175789616
"squirrel_21",19,0,NA,0,1.07299999999998,"A","M",0,2.94443897916644
"squirrel_21",20,0,NA,0,3.16700000000003,"A","M",0,2.99573227355399
"squirrel_21",21,0,NA,0,4.37299999999993,"A","M",1,3.04452243772342
"squirrel_21",22,1,3.96699999999998,0,4.10000000000002,"A","M",1,3.09104245335832
"squirrel_21",23,0,NA,0,39.8,"A","M",1,3.13549421592915
"squirrel_21",24,0,NA,1,36.033,"A","M",1,3.17805383034795
"squirrel_21",25,1,5.5,0,5.76600000000008,"A","M",1,3.2188758248682
"squirrel_21",26,0,NA,1,17.2329999999999,"A","M",1,3.25809653802148
"squirrel_21",27,0,NA,0,5,"A","M",1,3.29583686600433
"squirrel_21",28,0,NA,0,1.53999999999996,"A","M",1,3.3322045101752
"squirrel_21",29,0,NA,0,41.5730000000001,"A","M",1,3.36729582998647
"squirrel_21",30,0,NA,0,5.53300000000013,"A","M",1,3.40119738166216
"squirrel_21",31,0,NA,0,32.905,"A","M",1,3.43398720448515
"squirrel_21",32,0,NA,0,14.0999999999999,"A","M",1,3.46573590279973
"squirrel_21",33,0,NA,1,36.5999999999999,"A","M",1,3.49650756146648
"squirrel_21",34,0,NA,0,13,"A","M",1,3.52636052461616
"squirrel_21",35,0,NA,0,12.673,"A","M",1,3.55534806148941
"squirrel_21",36,1,14.3,0,14.5339999999999,"A","M",1,3.58351893845611
"squirrel_21",37,0,NA,0,6.23299999999995,"A","M",1,3.61091791264422
"squirrel_21",38,0,NA,0,5,"A","M",1,3.63758615972639
"squirrel_21",39,1,14.134,0,14.3670000000002,"A","M",1,3.66356164612965
"squirrel_21",40,0,NA,0,29.7329999999999,"A","M",1,3.68887945411394
"squirrel_21",41,1,3.56700000000001,0,3.83300000000008,"A","M",1,3.71357206670431
"squirrel_21",42,0,NA,1,26.6669999999999,"A","M",1,3.73766961828337
"squirrel_23",1,0,NA,0,5,"A","F",0,0
"squirrel_23",2,4,21.6999999999999,1,74.779,"A","F",0,0.693147180559945
"squirrel_23",3,0,NA,0,8.74000000000001,"A","F",1,1.09861228866811
"squirrel_23",4,1,6.5,1,5,"A","F",1,1.38629436111989
"squirrel_23",5,1,0.567000000000007,1,5,"A","F",1,1.6094379124341
"squirrel_23",6,1,28.172,1,46.2720000000002,"A","F",1,1.79175946922805
"squirrel_29",1,0,NA,0,2.43299999999999,"A","M",0,0
"squirrel_29",2,0,NA,0,6.60000000000002,"A","M",0,0.693147180559945
"squirrel_29",3,0,NA,0,7.13300000000001,"A","M",0,1.09861228866811
"squirrel_29",4,0,NA,0,11.266,"A","M",0,1.38629436111989
"squirrel_29",5,0,NA,0,4.39999999999998,"A","M",0,1.6094379124341
"squirrel_29",6,1,3.53399999999999,0,3.79999999999995,"A","M",0,1.79175946922805
"squirrel_29",7,0,NA,0,11.0329999999999,"A","M",0,1.94591014905531
"squirrel_29",8,0,NA,0,4.63999999999999,"A","M",0,2.07944154167984
"squirrel_29",9,0,NA,0,2.10000000000002,"A","M",0,2.19722457733622
"squirrel_29",10,1,13.467,0,13.7,"A","M",1,2.30258509299405
"squirrel_29",11,0,NA,1,25.8990000000001,"A","M",1,2.39789527279837
"squirrel_29",12,0,NA,0,6.36699999999996,"A","M",1,2.484906649788
"squirrel_29",13,1,27.933,0,5.73299999999995,"A","M",1,2.56494935746154
"squirrel_29",14,0,NA,1,27.9000000000001,"A","M",1,2.63905732961526
"squirrel_29",15,0,NA,0,8.90700000000015,"A","M",1,2.70805020110221
"squirrel_29",16,0,NA,0,8.43299999999999,"A","M",1,2.77258872223978
"squirrel_29",17,0,NA,0,4.86599999999999,"A","M",1,2.83321334405622
"squirrel_29",18,0,NA,0,3.86699999999996,"A","M",1,2.89037175789616
"squirrel_21",1,0,NA,0,22.967,"A","M",0,0
"squirrel_21",2,1,16.399,1,16.699,"A","M",0,0.693147180559945
"squirrel_21",3,0,NA,0,11.933,"A","M",0,1.09861228866811
"squirrel_21",4,0,NA,0,1.06600000000003,"A","M",0,1.38629436111989
"squirrel_28",1,1,81.365,1,81.832,"A","M",0,0
"squirrel_28",2,0,NA,0,43.966,"A","M",0,0.693147180559945
"squirrel_28",3,0,NA,0,121.566,"A","M",0,1.09861228866811
"squirrel_28",4,0,NA,0,3.16700000000003,"A","M",0,1.38629436111989
"squirrel_28",5,0,NA,0,65.366,"A","M",0,1.6094379124341
"squirrel_29",1,0,NA,0,120.965,"A","M",0,0
"squirrel_29",2,0,NA,0,16.133,"A","M",0,0.693147180559945
"squirrel_29",3,0,NA,0,7.96699999999998,"A","M",0,1.09861228866811
"squirrel_21",1,0,NA,0,20.166,"A","M",0,0
"squirrel_21",2,1,9.03400000000001,0,9.39999999999999,"A","M",0,0.693147180559945
"squirrel_21",3,1,17.299,0,17.666,"A","M",0,1.09861228866811
"squirrel_21",4,0,NA,0,26.267,"A","M",0,1.38629436111989
"squirrel_23",1,1,10.7,1,40.667,"A","F",0,0
"squirrel_23",1,2,1.64,1,26.113,"A","F",0,0
"squirrel_23",2,1,0.600000000000009,1,4.43300000000001,"A","F",1,0.693147180559945
"squirrel_23",3,0,NA,1,5,"A","F",0,1.09861228866811
"squirrel_23",4,6,2.667,1,290.276,"A","F",0,1.38629436111989
"squirrel_23",5,0,NA,0,2.29999999999995,"A","F",0,1.6094379124341
"squirrel_23",6,0,NA,0,2.53300000000002,"A","F",1,1.79175946922805
"squirrel_27",1,0,NA,0,42.5720000000001,"P","M",1,0
"squirrel_27",2,0,NA,0,1.29999999999995,"P","M",1,0.693147180559945
"squirrel_29",1,0,NA,1,40.106,"A","M",0,0
"squirrel_29",2,1,11.034,0,11.267,"A","M",0,0.693147180559945
"squirrel_29",3,0,NA,1,11.033,"A","M",1,1.09861228866811
"squirrel_29",4,0,NA,1,32.366,"A","M",1,1.38629436111989
"squirrel_29",5,0,NA,1,4,"A","M",1,1.6094379124341
"squirrel_29",6,0,NA,0,5.53399999999999,"A","M",1,1.79175946922805
"squirrel_29",7,1,69.599,0,69.799,"A","M",1,1.94591014905531
"squirrel_29",8,0,NA,1,101.499,"A","M",1,2.07944154167984
"squirrel_29",9,0,NA,0,21.9670000000001,"A","M",1,2.19722457733622
"squirrel_29",10,0,NA,0,26.933,"A","M",1,2.30258509299405
"squirrel_29",11,0,NA,0,57.739,"A","M",1,2.39789527279837
"squirrel_29",12,1,26.3389999999999,1,26.3729999999999,"A","M",1,2.484906649788
"squirrel_29",13,1,88.6460000000001,1,88.846,"A","M",1,2.56494935746154
"squirrel_29",14,1,37.366,1,37.466,"A","M",1,2.63905732961526
"squirrel_29",15,0,NA,1,5,"A","M",1,2.70805020110221
"squirrel_29",16,1,10.4730000000002,0,10.6400000000001,"A","M",1,2.77258872223978
"squirrel_29",17,1,22.213,0,22.346,"A","M",1,2.83321334405622
"squirrel_29",18,0,NA,0,15.133,"A","M",1,2.89037175789616
"squirrel_29",19,0,NA,0,20.0989999999999,"A","M",1,2.94443897916644
"squirrel_29",20,0,NA,0,11.2,"A","M",1,2.99573227355399
"squirrel_29",21,0,NA,0,3.66700000000014,"A","M",1,3.04452243772342
"squirrel_29",22,0,NA,0,3.23299999999995,"A","M",1,3.09104245335832
"squirrel_29",23,0,NA,0,8.83299999999986,"A","M",1,3.13549421592915
"squirrel_29",24,0,NA,0,10.6669999999999,"A","M",1,3.17805383034795
"squirrel_29",25,1,25.3330000000001,0,25.633,"A","M",1,3.2188758248682
"squirrel_29",26,0,NA,1,42.299,"A","M",1,3.25809653802148
"squirrel_29",27,0,NA,1,102.539,"A","M",1,3.29583686600433
"squirrel_29",28,1,40.4780000000001,1,40.645,"A","M",1,3.3322045101752
"squirrel_21",1,0,NA,1,35.34,"A","M",0,0
"squirrel_21",2,1,5.5,0,5.767,"A","M",0,0.693147180559945
"squirrel_21",3,0,NA,1,32.467,"A","M",0,1.09861228866811
"squirrel_21",4,0,NA,1,6.26599999999999,"A","M",0,1.38629436111989
"squirrel_21",5,0,NA,0,15.834,"A","M",0,1.6094379124341
"squirrel_21",6,1,2.56700000000001,0,2.90000000000001,"A","M",0,1.79175946922805
"squirrel_21",7,0,NA,1,37.466,"A","M",0,1.94591014905531
"squirrel_21",8,1,17.599,1,17.799,"A","M",0,2.07944154167984
"squirrel_21",9,1,17.873,1,18.307,"A","M",0,2.19722457733622
"squirrel_21",10,1,24.1,1,11.567,"A","M",0,2.30258509299405
"squirrel_21",11,1,15.566,0,15.766,"A","M",0,2.39789527279837
"squirrel_21",12,1,13.066,1,13.333,"A","M",0,2.484906649788
"squirrel_21",13,0,NA,1,2.60000000000002,"A","M",0,2.56494935746154
"squirrel_21",14,0,NA,1,5,"A","M",0,2.63905732961526
"squirrel_21",15,1,17.233,1,17.466,"A","M",0,2.70805020110221
"squirrel_21",16,1,25.399,1,25.533,"A","M",0,2.77258872223978
"squirrel_21",17,1,13.24,1,13.406,"A","M",0,2.83321334405622
"squirrel_21",18,1,32.433,1,32.733,"A","M",0,2.89037175789616
"squirrel_21",19,0,NA,1,32.633,"A","M",0,2.94443897916644
"squirrel_21",20,1,15.2330000000001,0,15.4000000000001,"A","M",0,2.99573227355399
"squirrel_21",21,1,14.866,1,15.1329999999999,"A","M",0,3.04452243772342
"squirrel_21",22,0,NA,1,20.4,"A","M",0,3.09104245335832
"squirrel_21",23,1,5.30700000000002,1,5.60699999999997,"A","M",0,3.13549421592915
"squirrel_21",24,0,NA,1,11.333,"A","M",0,3.17805383034795
"squirrel_21",25,1,4.86699999999996,1,5.09999999999991,"A","M",0,3.2188758248682
"squirrel_21",26,0,NA,1,18.5,"A","M",0,3.25809653802148
"squirrel_21",27,0,NA,1,11,"A","M",0,3.29583686600433
"squirrel_21",28,1,5.19999999999993,0,5.36699999999996,"A","M",0,3.3322045101752
"squirrel_21",29,1,24.5,1,24.6999999999999,"A","M",0,3.36729582998647
"squirrel_21",30,1,10.072,1,5,"A","M",0,3.40119738166216
"squirrel_21",31,0,NA,1,5,"A","M",0,3.43398720448515
"squirrel_21",32,0,NA,0,2.86699999999996,"A","M",0,3.46573590279973
"squirrel_21",33,0,NA,1,7.47299999999996,"A","M",0,3.49650756146648
"squirrel_21",34,1,25,1,25.2330000000001,"A","M",0,3.52636052461616
"squirrel_21",35,1,16.433,1,16.6,"A","M",0,3.55534806148941
"squirrel_21",36,1,20.033,1,4,"A","M",0,3.58351893845611
"squirrel_21",37,1,36.7660000000001,1,36.933,"A","M",0,3.61091791264422
"squirrel_21",38,0,NA,1,35.1660000000001,"A","M",0,3.63758615972639
"squirrel_21",39,0,NA,0,14.033,"A","M",0,3.66356164612965
"squirrel_21",40,0,NA,0,2.06600000000003,"A","M",1,3.68887945411394
"squirrel_21",41,1,8.93999999999994,1,9.13999999999999,"A","M",0,3.71357206670431
"squirrel_21",42,0,NA,1,2.20000000000005,"A","M",0,3.73766961828337
"squirrel_21",43,1,16.8,1,17.067,"A","M",0,3.76120011569356
"squirrel_21",44,0,NA,0,4.36599999999999,"A","M",0,3.78418963391826
"squirrel_21",45,1,24.4000000000001,1,24.8330000000001,"A","M",0,3.80666248977032
"squirrel_21",46,1,16.933,1,17.3,"A","M",0,3.8286413964891
"squirrel_21",47,0,NA,1,7,"A","M",0,3.85014760171006
"squirrel_21",48,1,11.566,1,12.8,"A","M",0,3.87120101090789
"squirrel_21",49,1,9.36699999999996,1,9.66699999999992,"A","M",0,3.89182029811063
"squirrel_29",1,0,NA,0,7.34,"A","M",0,0
"squirrel_29",2,0,NA,0,9.5,"A","M",1,0.693147180559945
"squirrel_29",3,0,NA,1,17.7669999999999,"A","M",1,1.09861228866811
"squirrel_21",1,0,NA,0,23.006,"A","M",0,0
"squirrel_21",3,1,3.59999999999999,0,4,"A","M",0,1.09861228866811
"squirrel_21",4,0,NA,1,2.56699999999999,"A","M",0,1.38629436111989
"squirrel_21",5,1,14.234,1,14.6,"A","M",0,1.6094379124341
"squirrel_21",6,0,NA,1,6.46699999999998,"A","M",0,1.79175946922805
"squirrel_21",7,1,8.70000000000002,1,8.96700000000001,"A","M",0,1.94591014905531
"squirrel_21",8,0,NA,0,5.57300000000009,"A","M",0,2.07944154167984
"squirrel_21",9,0,NA,0,3.56700000000001,"A","M",0,2.19722457733622
"squirrel_23",1,23,10.9000000000001,1,305.636,"A","F",0,0
"squirrel_28",1,0,NA,1,23.2,"A","M",1,0
"squirrel_28",2,0,NA,0,17.673,"A","M",0,0.693147180559945
"squirrel_28",3,2,60.266,1,22.8,"A","M",0,1.09861228866811
"squirrel_28",4,1,4.899,0,5.49900000000002,"A","M",0,1.38629436111989
"squirrel_28",5,8,28.366,1,151.232,"A","M",0,1.6094379124341
"squirrel_28",6,15,11.333,1,125.432,"A","M",0,1.79175946922805
"squirrel_28",7,2,32.833,0,44.8,"A","M",0,1.94591014905531
"squirrel_28",8,0,NA,1,5,"A","M",0,2.07944154167984
"squirrel_29",1,0,NA,0,17.467,"A","M",0,0
"squirrel_29",2,0,NA,0,13.4,"A","M",0,0.693147180559945
"squirrel_29",3,0,NA,0,24.166,"A","M",0,1.09861228866811
"squirrel_29",4,0,NA,0,14.2,"A","M",0,1.38629436111989
"squirrel_29",5,0,NA,0,11.9000000000001,"A","M",0,1.6094379124341
"squirrel_29",6,0,NA,1,13.2329999999999,"A","M",0,1.79175946922805
"squirrel_29",7,0,NA,0,4.90000000000009,"A","M",0,1.94591014905531
"squirrel_29",8,0,NA,0,10.366,"A","M",0,2.07944154167984
"squirrel_29",9,0,NA,1,6.63400000000001,"A","M",0,2.19722457733622
"squirrel_29",10,0,NA,0,5,"A","M",1,2.30258509299405
"squirrel_29",11,0,NA,0,13.0340000000001,"A","M",1,2.39789527279837
"squirrel_29",12,0,NA,0,5.29999999999995,"A","M",1,2.484906649788
"squirrel_29",13,0,NA,0,6.63300000000004,"A","M",1,2.56494935746154
"squirrel_29",15,0,NA,0,4.33300000000008,"A","M",1,2.70805020110221
"squirrel_28",1,0,NA,0,1.573,"A","M",0,0
"squirrel_28",2,1,85.699,1,85.999,"A","M",0,0.693147180559945
"squirrel_28",3,0,NA,1,15.873,"A","M",0,1.09861228866811
"squirrel_16",1,1,23.366,1,23.566,"A","M",0,0
"squirrel_16",2,1,24.867,1,25.133,"A","M",0,0.693147180559945
"squirrel_16",3,0,NA,0,6.56699999999999,"A","M",0,1.09861228866811
"squirrel_16",4,0,NA,0,5.367,"A","M",0,1.38629436111989
"squirrel_16",5,1,9.866,0,10.166,"A","M",0,1.6094379124341
"squirrel_16",6,0,NA,0,40.739,"A","M",0,1.79175946922805
"squirrel_16",7,1,2.46700000000001,0,3.53300000000002,"A","M",0,1.94591014905531
"squirrel_16",8,0,NA,1,74.846,"A","M",0,2.07944154167984
"squirrel_16",9,0,NA,1,75.685,"A","M",0,2.19722457733622
"squirrel_16",1,1,9.86600000000001,0,5.13300000000001,"A","M",0,0
"squirrel_16",2,0,NA,1,37.666,"A","M",0,0.693147180559945
"squirrel_16",3,1,11.167,1,11.734,"A","M",0,1.09861228866811
"squirrel_16",4,0,NA,1,23.966,"A","M",0,1.38629436111989
"squirrel_16",5,2,12.199,1,14.666,"A","M",0,1.6094379124341
"squirrel_16",6,0,NA,0,12.267,"A","M",0,1.79175946922805
"squirrel_16",7,0,NA,0,5.666,"A","M",0,1.94591014905531
"squirrel_21",1,0,NA,1,18.9,"A","M",0,0
"squirrel_21",2,1,19.567,1,19.867,"A","M",0,0.693147180559945
"squirrel_21",3,0,NA,1,21.266,"A","M",0,1.09861228866811
"squirrel_21",4,0,NA,0,4.733,"A","M",0,1.38629436111989
"squirrel_21",5,0,NA,0,3.13300000000001,"A","M",0,1.6094379124341
"squirrel_21",6,0,NA,0,2.63399999999996,"A","M",0,1.79175946922805
"squirrel_21",7,0,NA,0,4.03300000000002,"A","M",0,1.94591014905531
"squirrel_29",1,0,NA,0,5.10000000000002,"A","M",0,0
"squirrel_11",1,0,NA,0,15.034,"A","M",0,0
"squirrel_11",2,0,NA,1,118.132,"A","M",0,0.693147180559945
"squirrel_11",3,0,NA,0,10.3,"A","M",0,1.09861228866811
"squirrel_16",1,0,NA,0,1.5,"A","M",1,0
"squirrel_16",2,1,16.5659999999999,1,78.533,"A","M",0,0.693147180559945
"squirrel_16",3,1,19.633,0,21.466,"A","M",0,1.09861228866811
"squirrel_16",4,0,NA,0,10,"A","M",0,1.38629436111989
"squirrel_21",1,0,NA,1,38.933,"A","M",0,0
"squirrel_21",2,0,NA,0,56.2990000000001,"A","M",0,0.693147180559945
"squirrel_23",1,8,14.367,1,253.671,"A","F",0,0
"squirrel_23",2,0,NA,0,3.39999999999998,"A","F",0,0.693147180559945
"squirrel_19",1,0,NA,0,4.46700000000004,"A","F",1,0
"squirrel_19",2,0,NA,1,191.217,"A","F",1,0.693147180559945
"squirrel_19",3,0,NA,0,3.13999999999999,"A","F",1,1.09861228866811
"squirrel_16",1,0,NA,0,12.066,"A","M",1,0
"squirrel_16",2,0,NA,0,11.307,"A","M",1,0.693147180559945
"squirrel_16",3,0,NA,0,38.9000000000001,"A","M",1,1.09861228866811
"squirrel_16",4,1,22.833,1,5,"A","M",1,1.38629436111989
"squirrel_16",5,0,NA,0,18.2330000000001,"A","M",1,1.6094379124341
"squirrel_16",6,0,NA,0,1.5,"A","M",1,1.79175946922805
"squirrel_21",1,0,NA,0,39.133,"A","M",1,0
"squirrel_21",2,0,NA,1,9.60000000000014,"A","M",1,0.693147180559945
"squirrel_21",3,1,19.7,0,20,"A","M",1,1.09861228866811
"squirrel_21",4,0,NA,1,17.9059999999999,"A","M",1,1.38629436111989
"squirrel_21",5,1,14.2,1,14.5329999999999,"A","M",1,1.6094379124341
"squirrel_21",6,0,NA,1,5.93299999999999,"A","M",1,1.79175946922805
"squirrel_21",7,1,1.13999999999987,0,1.53999999999996,"A","M",1,1.94591014905531
"squirrel_21",8,0,NA,1,3.50700000000006,"A","M",1,2.07944154167984
"squirrel_21",10,0,NA,1,30.8,"A","M",1,2.30258509299405
"squirrel_21",12,0,NA,1,14.566,"A","M",1,2.484906649788
"squirrel_21",13,0,NA,1,3.9670000000001,"A","M",1,2.56494935746154
"squirrel_21",14,0,NA,0,4.46600000000012,"A","M",1,2.63905732961526
"squirrel_21",15,0,NA,0,1.29899999999998,"A","M",1,2.70805020110221
"squirrel_23",1,1,5.66699999999999,1,23.233,"A","F",0,0
"squirrel_23",2,4,1.56699999999999,1,5,"A","F",0,0.693147180559945
"squirrel_23",3,1,12.34,1,24.006,"A","F",0,1.09861228866811
"squirrel_23",4,0,NA,1,6.36599999999999,"A","F",1,1.38629436111989
"squirrel_23",5,9,5.46700000000004,1,105.005,"A","F",0,1.6094379124341
"squirrel_23",6,2,1.36699999999996,1,29.4399999999999,"A","F",1,1.79175946922805
"squirrel_23",7,0,NA,1,7.4989999999998,"A","F",1,1.94591014905531
"squirrel_23",8,8,4.40000000000009,1,81.066,"A","F",1,2.07944154167984
"squirrel_23",9,0,NA,1,18.066,"A","F",1,2.19722457733622
"squirrel_23",10,2,18.306,1,34.8389999999999,"A","F",1,2.30258509299405
"squirrel_23",11,0,NA,1,7.83300000000008,"A","F",1,2.39789527279837
"squirrel_23",12,1,1.56700000000001,1,5.29999999999995,"A","F",1,2.484906649788
"squirrel_23",13,4,19.806,1,85.039,"A","F",1,2.56494935746154
"squirrel_23",15,6,4.07299999999987,1,5,"A","F",1,2.70805020110221
"squirrel_28",1,0,NA,0,12.633,"A","M",1,0
"squirrel_28",2,0,NA,0,8.69999999999993,"A","M",1,0.693147180559945
"squirrel_28",3,0,NA,0,12.2,"A","M",1,1.09861228866811
"squirrel_28",4,0,NA,0,71.399,"A","M",1,1.38629436111989
"squirrel_28",5,1,27.6729999999999,1,162.478,"A","M",1,1.6094379124341
"squirrel_28",6,0,NA,0,43.299,"A","M",1,1.79175946922805
"squirrel_29",1,0,NA,0,24.866,"A","M",0,0
"squirrel_29",2,0,NA,0,13.534,"A","M",0,0.693147180559945
"squirrel_29",3,0,NA,0,6.267,"A","M",1,1.09861228866811
"squirrel_29",4,0,NA,0,16.7,"A","M",0,1.38629436111989
"squirrel_29",5,0,NA,0,35.5,"A","M",1,1.6094379124341
"squirrel_29",6,1,18.706,0,18.906,"A","M",1,1.79175946922805
"squirrel_29",7,0,NA,0,79.2,"A","M",1,1.94591014905531
"squirrel_29",8,0,NA,0,26.34,"A","M",1,2.07944154167984
"squirrel_29",10,0,NA,1,56.5719999999999,"A","M",1,2.30258509299405
"squirrel_29",11,0,NA,0,26.1659999999999,"A","M",1,2.39789527279837
"squirrel_29",12,0,NA,0,9.56600000000003,"A","M",1,2.484906649788
"squirrel_29",13,1,5.20000000000005,0,5.40000000000009,"A","M",1,2.56494935746154
"squirrel_29",14,1,20.9659999999999,1,21.2329999999999,"A","M",1,2.63905732961526
"squirrel_29",15,1,22.1669999999999,1,22.3329999999999,"A","M",1,2.70805020110221
"squirrel_29",16,1,18.8999999999999,1,19.1329999999998,"A","M",1,2.77258872223978
"squirrel_29",17,0,NA,1,12.9670000000001,"A","M",1,2.83321334405622
"squirrel_29",18,1,47.673,0,48.0059999999999,"A","M",1,2.89037175789616
"squirrel_29",19,0,NA,1,31.8670000000002,"A","M",1,2.94443897916644
"squirrel_29",20,0,NA,1,37.7660000000001,"A","M",1,2.99573227355399
"squirrel_29",21,0,NA,0,5.40699999999993,"A","M",1,3.04452243772342
"squirrel_29",22,1,9.29999999999995,0,9.66599999999994,"A","M",1,3.09104245335832
"squirrel_29",23,0,NA,1,37.5329999999999,"A","M",1,3.13549421592915
"squirrel_29",24,0,NA,0,34.5329999999999,"A","M",1,3.17805383034795
"squirrel_29",25,0,NA,0,21.5,"A","M",1,3.2188758248682
"squirrel_29",26,1,16.7130000000002,1,17.0460000000003,"A","M",1,3.25809653802148
"squirrel_29",27,1,31.1329999999998,1,31.3330000000001,"A","M",1,3.29583686600433
"squirrel_29",28,0,NA,0,4.56700000000001,"A","M",1,3.3322045101752
"squirrel_29",29,0,NA,1,17.1990000000001,"A","M",1,3.36729582998647
"squirrel_16",1,0,NA,0,12.94,"A","M",0,0
"squirrel_21",1,0,NA,0,42.233,"A","M",0,0
"squirrel_21",2,0,NA,0,13.5,"A","M",0,0.693147180559945
"squirrel_21",3,0,NA,0,14.133,"A","M",0,1.09861228866811
"squirrel_28",1,0,NA,1,42.733,"A","M",0,0
"squirrel_28",2,1,49.099,1,49.566,"A","M",0,0.693147180559945
"squirrel_28",3,0,NA,1,42.133,"A","M",0,1.09861228866811
"squirrel_28",4,0,NA,0,36.767,"A","M",0,1.38629436111989
"squirrel_28",5,0,NA,0,36.366,"A","M",0,1.6094379124341
"squirrel_28",6,0,NA,0,11.334,"A","M",0,1.79175946922805
"squirrel_28",7,0,NA,0,34.04,"A","M",0,1.94591014905531
"squirrel_29",1,0,NA,0,1.807,"A","M",0,0
"squirrel_29",3,0,NA,0,18.433,"A","M",1,1.09861228866811
"squirrel_29",4,0,NA,0,3.767,"A","M",0,1.38629436111989
"squirrel_16",1,0,NA,0,36.966,"A","M",0,0
"squirrel_16",2,0,NA,0,16.666,"A","M",0,0.693147180559945
"squirrel_16",3,1,2.59999999999997,0,2.767,"A","M",0,1.09861228866811
"squirrel_16",4,0,NA,1,62.499,"A","M",0,1.38629436111989
"squirrel_16",5,0,NA,0,30.4,"A","M",0,1.6094379124341
"squirrel_16",6,0,NA,0,10.9,"A","M",0,1.79175946922805
"squirrel_23",1,0,NA,1,8.76700000000001,"A","F",0,0
"squirrel_23",2,0,NA,0,2.533,"A","F",0,0.693147180559945
"squirrel_23",3,1,17.134,0,26.467,"A","F",0,1.09861228866811
"squirrel_29",1,0,NA,1,39.94,"A","M",0,0
"squirrel_29",2,0,NA,0,3.96599999999999,"A","M",0,0.693147180559945
"squirrel_29",3,0,NA,0,10.167,"A","M",0,1.09861228866811
"squirrel_29",4,0,NA,0,1.70000000000002,"A","M",0,1.38629436111989
"squirrel_21",1,0,NA,1,39,"A","M",0,0
"squirrel_21",3,0,NA,1,8.43400000000003,"A","M",0,1.09861228866811
"squirrel_21",4,0,NA,1,11.4,"A","M",0,1.38629436111989
"squirrel_21",5,0,NA,0,3.23400000000001,"A","M",0,1.6094379124341
"squirrel_21",6,0,NA,0,1.20000000000002,"A","M",0,1.79175946922805
"squirrel_21",7,0,NA,1,7.26600000000002,"A","M",1,1.94591014905531
"squirrel_21",8,0,NA,1,17.266,"A","M",0,2.07944154167984
"squirrel_21",9,0,NA,0,2.66700000000003,"A","M",1,2.19722457733622
"squirrel_21",10,0,NA,0,16.566,"A","M",0,2.30258509299405
"squirrel_21",12,0,NA,1,5.93299999999999,"A","M",0,2.484906649788
"squirrel_21",13,0,NA,1,4.73300000000006,"A","M",0,2.56494935746154
"squirrel_21",14,0,NA,1,8.30000000000007,"A","M",0,2.63905732961526
"squirrel_21",15,0,NA,1,3.56700000000001,"A","M",0,2.70805020110221
"squirrel_21",16,0,NA,0,5,"A","M",0,2.77258872223978
"squirrel_21",18,0,NA,0,4.39999999999998,"A","M",0,2.89037175789616
"squirrel_21",19,0,NA,0,4.26700000000005,"A","M",0,2.94443897916644
"squirrel_21",20,0,NA,0,1.40000000000009,"A","M",0,2.99573227355399
"squirrel_21",21,0,NA,0,5.13299999999981,"A","M",0,3.04452243772342
"squirrel_21",22,1,30.4000000000001,1,35.6669999999999,"A","M",0,3.09104245335832
"squirrel_21",23,0,NA,1,19.973,"A","M",0,3.13549421592915
"squirrel_21",24,2,28.9660000000001,1,29.2329999999999,"A","M",1,3.17805383034795
"squirrel_21",25,0,NA,1,6.74000000000001,"A","M",1,3.2188758248682
"squirrel_21",26,0,NA,0,4.10000000000014,"A","M",1,3.25809653802148
"squirrel_21",27,0,NA,0,3.46600000000012,"A","M",1,3.29583686600433
"squirrel_21",30,0,NA,0,18.6989999999998,"A","M",1,3.40119738166216
"squirrel_23",1,4,16.966,1,77.178,"A","F",0,0
"squirrel_23",2,2,13,1,56.766,"A","F",0,0.693147180559945
"squirrel_23",3,1,1.36700000000002,1,12.967,"A","F",0,1.09861228866811
"squirrel_23",4,1,16.2,1,30.739,"A","F",1,1.38629436111989
"squirrel_23",5,0,NA,1,58.1990000000001,"A","F",0,1.6094379124341
"squirrel_23",6,1,1.73300000000006,1,5.60000000000002,"A","F",0,1.79175946922805
"squirrel_23",7,0,NA,0,1.26699999999994,"A","F",0,1.94591014905531
"squirrel_23",8,0,NA,1,9.93399999999997,"A","F",0,2.07944154167984
"squirrel_23",9,0,NA,0,3.4670000000001,"A","F",0,2.19722457733622
"squirrel_23",10,1,22.6669999999999,1,25.3,"A","F",0,2.30258509299405
"squirrel_23",11,0,NA,0,5.06700000000001,"A","F",1,2.39789527279837
"squirrel_28",1,0,NA,0,4.09999999999991,"A","M",0,0
"squirrel_28",2,0,NA,0,4.53300000000013,"A","M",0,0.693147180559945
"squirrel_28",3,0,NA,0,19.2329999999999,"A","M",0,1.09861228866811
"squirrel_29",1,1,6.69999999999999,0,6.86700000000002,"A","M",0,0
"squirrel_29",2,0,NA,1,13,"A","M",0,0.693147180559945
"squirrel_29",3,0,NA,1,21.1,"A","M",0,1.09861228866811
"squirrel_29",4,1,9.16700000000003,0,9.5,"A","M",0,1.38629436111989
"squirrel_29",5,0,NA,1,1.59899999999999,"A","M",0,1.6094379124341
"squirrel_29",6,0,NA,0,2.33300000000003,"A","M",0,1.79175946922805
"squirrel_29",7,0,NA,0,2.06600000000003,"A","M",0,1.94591014905531
"squirrel_29",8,0,NA,0,2.06700000000001,"A","M",0,2.07944154167984
"squirrel_29",9,1,6.56700000000001,0,7.267,"A","M",0,2.19722457733622
"squirrel_29",10,0,NA,1,9.70000000000005,"A","M",0,2.30258509299405
"squirrel_29",11,0,NA,0,3.56600000000003,"A","M",0,2.39789527279837
"squirrel_29",12,1,14.5,0,14.7330000000001,"A","M",0,2.484906649788
"squirrel_29",13,0,NA,0,1.26700000000005,"A","M",0,2.56494935746154
"squirrel_29",14,1,19.4,1,21.2339999999999,"A","M",0,2.63905732961526
"squirrel_29",15,0,NA,0,4.63400000000001,"A","M",0,2.70805020110221
"squirrel_29",16,0,NA,0,2.33299999999997,"A","M",0,2.77258872223978
"squirrel_29",17,0,NA,0,1.76700000000005,"A","M",0,2.83321334405622
"squirrel_29",18,1,4.10000000000002,0,4.43299999999999,"A","M",0,2.89037175789616
"squirrel_29",19,0,NA,1,14.8,"A","M",0,2.94443897916644
"squirrel_29",20,1,6.63300000000004,1,6.79999999999995,"A","M",0,2.99573227355399
"squirrel_29",21,0,NA,1,6.39999999999998,"A","M",0,3.04452243772342
"squirrel_29",22,0,NA,1,6.96600000000001,"A","M",0,3.09104245335832
"squirrel_29",23,0,NA,0,3.13300000000004,"A","M",0,3.13549421592915
"squirrel_29",25,1,5.5,0,5.86699999999996,"A","M",0,3.2188758248682
"squirrel_29",26,0,NA,1,12.2,"A","M",0,3.25809653802148
"squirrel_29",27,0,NA,1,4.03300000000002,"A","M",1,3.29583686600433
"squirrel_29",28,1,13,1,7.79999999999995,"A","M",0,3.3322045101752
"squirrel_29",29,0,NA,0,9.3660000000001,"A","M",1,3.36729582998647
"squirrel_29",30,1,13.7330000000001,1,15.033,"A","M",0,3.40119738166216
"squirrel_29",31,0,NA,0,5.10000000000002,"A","M",0,3.43398720448515
"squirrel_29",32,0,NA,0,5.53399999999999,"A","M",0,3.46573590279973
"squirrel_29",33,0,NA,0,3.36700000000008,"A","M",0,3.49650756146648
"squirrel_29",34,0,NA,0,1.70000000000005,"A","M",0,3.52636052461616
"squirrel_29",35,0,NA,0,2,"A","M",0,3.55534806148941
"squirrel_29",36,0,NA,0,1.36599999999999,"A","M",0,3.58351893845611
"squirrel_29",37,1,6.43299999999999,0,6.96600000000012,"A","M",1,3.61091791264422
"squirrel_29",38,0,NA,0,3.16699999999992,"A","M",0,3.63758615972639
"squirrel_29",39,1,11.7660000000001,1,12.3330000000001,"A","M",0,3.66356164612965
"squirrel_29",40,0,NA,1,5,"A","M",0,3.68887945411394
"squirrel_29",41,1,20.8,1,13.8,"A","M",0,3.71357206670431
"squirrel_29",42,0,NA,1,5.33299999999986,"A","M",0,3.73766961828337
"squirrel_29",43,2,3.7059999999999,0,7.10599999999999,"A","M",0,3.76120011569356
"squirrel_29",44,1,10.0329999999999,1,10.6669999999999,"A","M",0,3.78418963391826
"squirrel_29",45,0,NA,0,1.29999999999995,"A","M",0,3.80666248977032
"squirrel_29",46,0,NA,1,5,"A","M",0,3.8286413964891
"squirrel_29",48,0,NA,0,3.33300000000008,"A","M",0,3.87120101090789
"squirrel_29",49,0,NA,0,4.86699999999996,"A","M",0,3.89182029811063
"squirrel_19",1,0,NA,1,48.366,"A","F",0,0
"squirrel_19",2,0,NA,0,10.6,"A","F",0,0.693147180559945
"squirrel_19",3,0,NA,0,10.6999999999999,"A","F",0,1.09861228866811
"squirrel_19",4,0,NA,1,61.378,"A","F",0,1.38629436111989
"squirrel_19",5,0,NA,0,35.506,"A","F",0,1.6094379124341
"squirrel_21",1,0,NA,1,27.333,"A","M",0,0
"squirrel_21",2,0,NA,0,2,"A","M",0,0.693147180559945
"squirrel_21",3,0,NA,1,15.667,"A","M",0,1.09861228866811
"squirrel_21",4,0,NA,0,2.33300000000003,"A","M",0,1.38629436111989
"squirrel_21",5,1,10.633,1,11,"A","M",0,1.6094379124341
"squirrel_21",6,1,24.1,1,24.434,"A","M",0,1.79175946922805
"squirrel_21",7,0,NA,1,19.506,"A","M",0,1.94591014905531
"squirrel_21",8,1,1.90000000000003,0,2.26700000000005,"A","M",0,2.07944154167984
"squirrel_21",9,0,NA,1,1.33300000000003,"A","M",0,2.19722457733622
"squirrel_21",10,0,NA,0,2.53299999999996,"A","M",0,2.30258509299405
"squirrel_21",11,0,NA,1,2.63400000000001,"A","M",0,2.39789527279837
"squirrel_21",12,0,NA,1,2.83300000000003,"A","M",0,2.484906649788
"squirrel_21",13,0,NA,0,1.5,"A","M",0,2.56494935746154
"squirrel_21",14,0,NA,0,1.23400000000004,"A","M",0,2.63905732961526
"squirrel_21",15,1,7.03300000000002,1,7.56700000000001,"A","M",0,2.70805020110221
"squirrel_21",16,0,NA,0,1.96600000000001,"A","M",0,2.77258872223978
"squirrel_21",17,0,NA,0,9.733,"A","M",0,2.83321334405622
"squirrel_21",18,0,NA,0,2.39999999999998,"A","M",0,2.89037175789616
"squirrel_21",19,0,NA,0,1.03399999999999,"A","M",0,2.94443897916644
"squirrel_21",20,0,NA,0,4.5,"A","M",0,2.99573227355399
"squirrel_21",21,0,NA,1,48.7329999999999,"A","M",1,3.04452243772342
"squirrel_21",22,0,NA,0,15.667,"A","M",0,3.09104245335832
"squirrel_21",23,0,NA,0,3.63299999999992,"A","M",0,3.13549421592915
"squirrel_21",24,0,NA,0,7.16700000000003,"A","M",1,3.17805383034795
"squirrel_21",25,0,NA,0,3,"A","M",0,3.2188758248682
"squirrel_21",26,0,NA,0,6.36700000000008,"A","M",0,3.25809653802148
"squirrel_29",1,0,NA,0,1.134,"A","M",0,0
"squirrel_29",2,0,NA,0,5.5,"A","M",0,0.693147180559945
"squirrel_29",3,0,NA,0,2.03399999999999,"A","M",0,1.09861228866811
"squirrel_29",4,0,NA,0,12.2,"A","M",0,1.38629436111989
"squirrel_29",5,1,1.06699999999999,0,2.167,"A","M",0,1.6094379124341
"squirrel_29",6,1,24.866,1,25.433,"A","M",0,1.79175946922805
"squirrel_29",7,0,NA,1,20.033,"A","M",0,1.94591014905531
"squirrel_29",8,1,12.7,1,13.134,"A","M",0,2.07944154167984
"squirrel_29",9,0,NA,1,19.6,"A","M",0,2.19722457733622
"squirrel_29",10,1,1.93299999999999,0,2.5,"A","M",0,2.30258509299405
"squirrel_29",11,0,NA,0,5.73400000000004,"A","M",0,2.39789527279837
"squirrel_29",12,0,NA,0,3.79999999999995,"A","M",0,2.484906649788
"squirrel_29",13,0,NA,0,2.53299999999996,"A","M",0,2.56494935746154
"squirrel_29",14,0,NA,0,2.63400000000001,"A","M",0,2.63905732961526
"squirrel_29",15,0,NA,0,1.33400000000006,"A","M",0,2.70805020110221
"squirrel_29",16,0,NA,0,1.43999999999994,"A","M",0,2.77258872223978
"squirrel_29",17,1,1.46699999999998,0,2.0329999999999,"A","M",0,2.83321334405622
"squirrel_23",1,2,18.473,1,115.023,"A","F",0,0
"squirrel_23",2,3,25.133,1,138.545,"A","F",0,0.693147180559945
"squirrel_23",3,8,6.73300000000006,1,120.105,"A","F",1,1.09861228866811
"squirrel_23",4,3,54.6310000000001,1,149.31,"A","F",0,1.38629436111989
"squirrel_23",5,1,27.272,1,5,"A","F",0,1.6094379124341
"squirrel_23",7,0,NA,0,1.39999999999986,"A","F",1,1.94591014905531
"squirrel_23",8,1,1.96699999999987,1,6.43299999999999,"A","F",1,2.07944154167984
"squirrel_28",1,0,NA,1,12.633,"A","M",0,0
"squirrel_28",2,0,NA,1,33.333,"A","M",0,0.693147180559945
"squirrel_28",3,0,NA,1,19.733,"A","M",0,1.09861228866811
"squirrel_28",4,0,NA,1,79.5,"A","M",0,1.38629436111989
"squirrel_28",5,0,NA,1,55.006,"A","M",0,1.6094379124341
"squirrel_28",6,0,NA,1,99.866,"A","M",1,1.79175946922805
"squirrel_28",7,0,NA,1,140.038,"A","M",0,1.94591014905531
"squirrel_28",8,0,NA,1,28.8000000000001,"A","M",0,2.07944154167984
"squirrel_28",9,0,NA,1,183.878,"A","M",1,2.19722457733622
"squirrel_16",1,0,NA,0,1.733,"A","M",0,0
"squirrel_16",2,1,47.2,1,48.733,"A","M",0,0.693147180559945
"squirrel_16",3,1,78.799,1,79.533,"A","M",0,1.09861228866811
"squirrel_16",4,0,NA,0,82.646,"A","M",0,1.38629436111989
"squirrel_16",5,0,NA,0,8.63299999999998,"A","M",0,1.6094379124341
"squirrel_16",1,0,NA,1,115.611,"A","M",0,0
"squirrel_16",2,1,28.006,1,31.206,"A","M",0,0.693147180559945
"squirrel_16",1,0,NA,1,2.13400000000001,"A","M",0,0
"squirrel_23",1,1,42.179,1,92.657,"A","F",0,0
"squirrel_23",2,19,26.14,1,345.815,"A","F",0,0.693147180559945
"squirrel_23",3,13,2.34000000000003,1,136.736,"A","F",0,1.09861228866811
"squirrel_23",1,5,3.807,1,133.172,"A","F",0,0
"squirrel_23",2,4,44.312,1,85.785,"A","F",0,0.693147180559945
"squirrel_23",3,10,6.56700000000001,1,147.451,"A","F",0,1.09861228866811
"squirrel_28",1,0,NA,1,81.366,"A","M",0,0
"squirrel_29",1,1,44,1,44.2,"A","M",0,0
"squirrel_29",2,1,10.766,1,2.5,"A","M",0,0.693147180559945
"squirrel_29",4,1,10.233,1,10.467,"A","M",0,1.38629436111989
"squirrel_29",5,1,18.866,1,19.199,"A","M",0,1.6094379124341
"squirrel_29",6,1,20.633,1,20.933,"A","M",0,1.79175946922805
"squirrel_29",7,0,NA,1,48.033,"A","M",0,1.94591014905531
"squirrel_29",8,1,5.36700000000002,0,5.60000000000002,"A","M",0,2.07944154167984
"squirrel_29",9,1,54.899,1,45.499,"A","M",0,2.19722457733622
"squirrel_29",10,1,18.733,1,19.066,"A","M",0,2.30258509299405
"squirrel_29",11,0,NA,1,18.033,"A","M",0,2.39789527279837
"squirrel_29",12,0,NA,1,40.933,"A","M",0,2.484906649788
"squirrel_29",13,0,NA,1,208.065,"A","M",0,2.56494935746154
"squirrel_29",14,1,10.634,0,10.8,"A","M",0,2.63905732961526
"squirrel_29",15,1,36.6660000000002,1,36.8990000000001,"A","M",0,2.70805020110221
"squirrel_29",16,1,29.1659999999999,1,29.433,"A","M",0,2.77258872223978
"squirrel_29",17,0,NA,1,67.5,"A","M",0,2.83321334405622
"squirrel_29",18,1,56.6719999999998,0,57.3059999999998,"A","M",0,2.89037175789616
"squirrel_29",19,1,5.70000000000005,0,5.9670000000001,"A","M",0,2.94443897916644
"squirrel_21",1,0,NA,0,5.04,"A","M",0,0
"squirrel_21",2,0,NA,1,7.3,"A","M",0,0.693147180559945
"squirrel_21",3,1,12.3,1,16.333,"A","M",0,1.09861228866811
"squirrel_21",4,0,NA,1,9.033,"A","M",0,1.38629436111989
"squirrel_21",5,0,NA,0,3.833,"A","M",0,1.6094379124341
"squirrel_21",6,0,NA,0,4.06700000000001,"A","M",0,1.79175946922805
"squirrel_21",7,1,13.567,1,13.967,"A","M",0,1.94591014905531
"squirrel_21",8,1,17.099,1,17.399,"A","M",0,2.07944154167984
"squirrel_21",9,0,NA,1,17.3,"A","M",0,2.19722457733622
"squirrel_21",10,1,3.267,0,3.43299999999999,"A","M",0,2.30258509299405
"squirrel_21",11,2,6.24000000000001,1,6.53999999999999,"A","M",0,2.39789527279837
"squirrel_21",12,1,15.034,1,15.7,"A","M",0,2.484906649788
"squirrel_21",13,1,5.233,0,5.43300000000002,"A","M",0,2.56494935746154
"squirrel_21",14,0,NA,1,18.466,"A","M",0,2.63905732961526
"squirrel_21",15,1,1.79999999999995,0,2.13299999999998,"A","M",0,2.70805020110221
"squirrel_21",16,0,NA,0,1.57299999999998,"A","M",0,2.77258872223978
"squirrel_21",17,0,NA,0,9.93399999999997,"A","M",0,2.83321334405622
"squirrel_21",18,0,NA,0,1.69999999999993,"A","M",0,2.89037175789616
"squirrel_21",19,0,NA,1,9.84000000000003,"A","M",0,2.94443897916644
"squirrel_21",20,1,2.56599999999992,0,2.86599999999999,"A","M",0,2.99573227355399
"squirrel_21",21,1,15.1,1,15.467,"A","M",0,3.04452243772342
"squirrel_21",22,1,12.64,1,12.9069999999999,"A","M",0,3.09104245335832
"squirrel_21",23,1,24.0989999999999,1,24.433,"A","M",0,3.13549421592915
"squirrel_21",24,0,NA,0,1.94000000000005,"A","M",0,3.17805383034795
"squirrel_21",25,1,2.33300000000008,0,2.66700000000003,"A","M",0,3.2188758248682
"squirrel_21",26,1,10.9,0,11.2,"A","M",0,3.25809653802148
"squirrel_21",27,1,6.26699999999994,0,6.53399999999999,"A","M",0,3.29583686600433
"squirrel_21",28,2,32.38,1,32.6460000000001,"A","M",0,3.3322045101752
"squirrel_21",29,2,10.3,1,10.7329999999999,"A","M",0,3.36729582998647
"squirrel_21",30,0,NA,0,2.56600000000003,"A","M",0,3.40119738166216
"squirrel_21",31,3,5.73999999999978,1,6.00699999999983,"A","M",0,3.43398720448515
"squirrel_21",32,0,NA,0,15.2730000000001,"A","M",0,3.46573590279973
"squirrel_21",33,1,5.5,0,5.83300000000008,"A","M",0,3.49650756146648
"squirrel_21",34,3,17.4000000000001,1,17.7,"A","M",0,3.52636052461616
"squirrel_21",35,1,9.173,1,9.57300000000009,"A","M",0,3.55534806148941
"squirrel_21",36,0,NA,1,5,"A","M",0,3.58351893845611
"squirrel_21",37,1,9.27300000000014,0,9.60699999999997,"A","M",0,3.61091791264422
"squirrel_21",38,1,11.4000000000001,0,5.06700000000001,"A","M",0,3.63758615972639
"squirrel_21",39,5,43.0730000000001,1,22.1399999999999,"A","M",0,3.66356164612965
"squirrel_21",40,1,20.5329999999999,1,20.9669999999999,"A","M",0,3.68887945411394
"squirrel_21",41,1,26.933,1,42.7720000000002,"A","M",0,3.71357206670431
"squirrel_21",42,0,NA,0,5.46599999999989,"A","M",0,3.73766961828337
"squirrel_21",43,0,NA,0,7.30700000000002,"A","M",0,3.76120011569356
"squirrel_28",1,0,NA,0,31.833,"A","M",0,0
"squirrel_28",2,0,NA,0,36.1,"A","M",0,0.693147180559945
"squirrel_28",3,1,8.79999999999995,1,9.16699999999997,"A","M",0,1.09861228866811
"squirrel_28",4,0,NA,0,31.033,"A","M",0,1.38629436111989
"squirrel_28",5,0,NA,0,4.13899999999995,"A","M",0,1.6094379124341
"squirrel_28",6,0,NA,1,32.299,"A","M",0,1.79175946922805
"squirrel_28",7,0,NA,1,32.766,"A","M",0,1.94591014905531
"squirrel_28",8,0,NA,0,66.9390000000001,"A","M",0,2.07944154167984
"squirrel_28",9,0,NA,1,78.466,"A","M",0,2.19722457733622
"squirrel_28",10,6,59.4000000000001,1,188.332,"A","M",0,2.30258509299405
"squirrel_28",11,5,101.266,1,181.932,"A","M",1,2.39789527279837
"squirrel_29",1,0,NA,1,18.433,"A","M",0,0
"squirrel_29",2,0,NA,0,17.633,"A","M",0,0.693147180559945
"squirrel_23",1,2,22.873,1,88.772,"A","F",0,0
"squirrel_23",2,0,NA,0,12.833,"A","F",1,0.693147180559945
"squirrel_23",3,0,NA,0,8.267,"A","F",1,1.09861228866811
"squirrel_23",4,12,3.173,1,5,"A","F",0,1.38629436111989
"squirrel_23",5,5,7.56599999999997,1,45.399,"A","F",0,1.6094379124341
"squirrel_23",6,2,10.673,1,26.84,"A","F",0,1.79175946922805
"squirrel_29",1,0,NA,0,8.26600000000001,"A","M",1,0
"squirrel_29",2,0,NA,1,158.665,"A","M",1,0.693147180559945
"squirrel_29",3,0,NA,0,16.867,"A","M",0,1.09861228866811
"squirrel_29",4,1,125.105,1,125.438,"A","M",1,1.38629436111989
"squirrel_29",5,1,8.89999999999998,0,9.20000000000005,"A","M",1,1.6094379124341
"squirrel_29",6,0,NA,0,6.66699999999992,"A","M",1,1.79175946922805
"squirrel_29",7,0,NA,0,9.60000000000002,"A","M",1,1.94591014905531
"squirrel_30",2,0,NA,1,117.066,"P","F",1,0.693147180559945
"squirrel_30",3,0,NA,0,10.9,"P","F",1,1.09861228866811
"squirrel_15",1,1,59.472,1,59.772,"P","F",0,0
"squirrel_15",2,1,7.59999999999999,0,7.967,"P","F",0,0.693147180559945
"squirrel_15",3,1,39.305,1,39.539,"P","F",0,1.09861228866811
"squirrel_15",4,1,2.26599999999999,0,2.59999999999999,"P","F",0,1.38629436111989
"squirrel_15",5,0,NA,1,18.833,"P","F",0,1.6094379124341
"squirrel_15",6,1,0.966999999999985,0,1.334,"P","F",0,1.79175946922805
"squirrel_28",1,10,49.373,1,394.265,"A","M",0,0
"squirrel_28",2,4,34.333,1,361.209,"A","M",0,0.693147180559945
"squirrel_15",1,0,NA,0,32.991,"P","F",0,0
"squirrel_15",2,1,1.59999999999991,0,1.80000000000018,"P","F",0,0.693147180559945
"squirrel_16",1,0,NA,0,153.032,"A","M",0,0
"squirrel_16",2,0,NA,1,66.466,"A","M",1,0.693147180559945
"squirrel_16",5,0,NA,0,5.33299999999997,"A","M",0,1.6094379124341
"squirrel_16",6,0,NA,1,65.578,"A","M",0,1.79175946922805
"squirrel_16",7,0,NA,1,27.567,"A","M",0,1.94591014905531
"squirrel_16",8,0,NA,1,13.067,"A","M",1,2.07944154167984
"squirrel_16",9,0,NA,1,6.06600000000003,"A","M",1,2.19722457733622
"squirrel_16",10,0,NA,0,2.16700000000014,"A","M",1,2.30258509299405
"squirrel_16",11,0,NA,0,4.96599999999989,"A","M",1,2.39789527279837
"squirrel_16",12,0,NA,0,14.3990000000001,"A","M",1,2.484906649788
"squirrel_16",14,0,NA,0,6.23299999999972,"A","M",1,2.63905732961526
"squirrel_16",15,0,NA,0,3.86599999999999,"A","M",1,2.70805020110221
"squirrel_21",1,0,NA,0,75.684,"A","M",0,0
"squirrel_21",2,0,NA,1,76.699,"A","M",0,0.693147180559945
"squirrel_21",3,3,213.298,1,267.737,"A","M",1,1.09861228866811
"squirrel_21",4,2,29.2669999999998,1,71.1999999999998,"A","M",0,1.38629436111989
"squirrel_21",5,2,34.366,1,76.1989999999998,"A","M",0,1.6094379124341
"squirrel_21",6,0,NA,0,3.86699999999996,"A","M",1,1.79175946922805
"squirrel_21",7,0,NA,0,1.23299999999995,"A","M",1,1.94591014905531
"squirrel_21",8,0,NA,0,4.5,"A","M",1,2.07944154167984
"squirrel_21",9,0,NA,1,4.93299999999999,"A","M",1,2.19722457733622
"squirrel_21",10,0,NA,1,5.29999999999995,"A","M",1,2.30258509299405
"squirrel_21",12,0,NA,0,6.40000000000009,"A","M",0,2.484906649788
"squirrel_21",13,1,5.5329999999999,1,13.566,"A","M",0,2.56494935746154
"squirrel_21",14,0,NA,0,1.96699999999987,"A","M",1,2.63905732961526
"squirrel_21",15,0,NA,1,10.4059999999999,"A","M",1,2.70805020110221
"squirrel_21",16,0,NA,1,21.0330000000004,"A","M",1,2.77258872223978
"squirrel_21",17,0,NA,1,18.2659999999996,"A","M",1,2.83321334405622
"squirrel_21",18,0,NA,0,1.76699999999983,"A","M",1,2.89037175789616
"squirrel_21",19,0,NA,0,3.90599999999995,"A","M",1,2.94443897916644
"squirrel_21",20,0,NA,0,2.23400000000038,"A","M",1,2.99573227355399
"squirrel_21",21,0,NA,0,1.26699999999983,"A","M",1,3.04452243772342
"squirrel_21",22,0,NA,0,1.36599999999999,"A","M",1,3.09104245335832
"squirrel_21",23,0,NA,0,1.06700000000001,"A","M",1,3.13549421592915
"squirrel_21",24,0,NA,0,1.56700000000001,"A","M",1,3.17805383034795
"squirrel_21",25,1,97.5050000000001,0,98.1390000000001,"A","M",0,3.2188758248682
"squirrel_21",26,0,NA,0,8.66600000000017,"A","M",0,3.25809653802148
"squirrel_21",27,2,8.66699999999992,1,118.039,"A","M",0,3.29583686600433
"squirrel_21",28,1,13.873,0,20.5059999999999,"A","M",0,3.3322045101752
"squirrel_21",29,0,NA,0,4.40000000000009,"A","M",0,3.36729582998647
"squirrel_21",30,0,NA,0,2.76700000000028,"A","M",1,3.40119738166216
"squirrel_21",31,0,NA,0,3.33299999999963,"A","M",1,3.43398720448515
"squirrel_21",32,0,NA,0,2.36599999999999,"A","M",1,3.46573590279973
"squirrel_21",34,0,NA,0,5.9670000000001,"A","M",1,3.52636052461616
"squirrel_23",1,3,64.239,1,140.272,"A","F",0,0
"squirrel_23",2,0,NA,1,9.24000000000001,"A","F",0,0.693147180559945
"squirrel_23",3,1,10.066,1,14.833,"A","F",0,1.09861228866811
"squirrel_23",4,1,11.8,1,19.166,"A","F",0,1.38629436111989
"squirrel_23",5,0,NA,0,1.73400000000001,"A","F",1,1.6094379124341
"squirrel_23",6,2,6.59999999999997,1,19.233,"A","F",0,1.79175946922805
"squirrel_23",7,3,10.467,1,30.867,"A","F",1,1.94591014905531
"squirrel_23",8,2,3.69999999999993,1,46.8,"A","F",1,2.07944154167984
"squirrel_23",9,23,0.572999999999979,1,608.59,"A","F",0,2.19722457733622
"squirrel_23",10,1,1.29999999999995,1,4.93299999999999,"A","F",1,2.30258509299405
"squirrel_23",12,9,0.33400000000006,1,122.099,"A","F",1,2.484906649788
"squirrel_23",13,0,NA,0,3.20000000000005,"A","F",1,2.56494935746154
"squirrel_23",14,2,1.79999999999995,1,12.9000000000001,"A","F",1,2.63905732961526
"squirrel_23",15,0,NA,0,2.16700000000014,"A","F",0,2.70805020110221
"squirrel_23",16,3,4.20000000000005,1,33.933,"A","F",0,2.77258872223978
"squirrel_23",17,3,0.199999999999818,1,23.3,"A","F",1,2.83321334405622
"squirrel_23",18,4,1.06700000000001,1,71.1060000000002,"A","F",1,2.89037175789616
"squirrel_23",19,0,NA,0,8.86700000000019,"A","F",0,2.94443897916644
"squirrel_23",20,0,NA,0,11.5,"A","F",0,2.99573227355399
"squirrel_23",21,9,14.933,1,114.178,"A","F",0,3.04452243772342
"squirrel_23",23,6,12.0729999999999,1,52.7060000000001,"A","F",1,3.13549421592915
"squirrel_23",24,2,0.900000000000091,1,16.2660000000001,"A","F",1,3.17805383034795
"squirrel_23",25,1,2.26699999999983,1,6.39999999999964,"A","F",1,3.2188758248682
"squirrel_23",26,2,2.56700000000001,1,11.5340000000001,"A","F",1,3.25809653802148
"squirrel_23",27,2,5.63299999999981,1,1.33300000000008,"A","F",1,3.29583686600433
"squirrel_23",28,1,1.36599999999999,1,8.46600000000035,"A","F",1,3.3322045101752
"squirrel_23",29,1,0.766000000000076,1,4.73300000000017,"A","F",1,3.36729582998647
"squirrel_23",30,1,3.56700000000001,1,7.76699999999983,"A","F",1,3.40119738166216
"squirrel_23",31,4,1.43299999999999,1,19.9659999999999,"A","F",1,3.43398720448515
"squirrel_23",32,1,0.333000000000084,0,6.5659999999998,"A","F",1,3.46573590279973
"squirrel_23",33,6,3.47299999999996,1,63.2730000000001,"A","F",0,3.49650756146648
"squirrel_23",34,20,0.572999999999865,1,104.206,"A","F",0,3.52636052461616
"squirrel_29",1,0,NA,0,20.7,"A","M",0,0
"squirrel_29",2,0,NA,1,12.7330000000002,"A","M",1,0.693147180559945
"squirrel_29",3,0,NA,1,46.7660000000001,"A","M",1,1.09861228866811
"squirrel_29",4,0,NA,1,81.865,"A","M",1,1.38629436111989
"squirrel_29",5,0,NA,0,4.69999999999982,"A","M",1,1.6094379124341
"squirrel_29",6,1,22.8,1,60.2389999999998,"A","M",1,1.79175946922805
"squirrel_29",7,0,NA,1,43.2389999999996,"A","M",1,1.94591014905531
"squirrel_29",8,1,78.4120000000003,1,142.117,"A","M",1,2.07944154167984
"squirrel_29",9,0,NA,0,4.33300000000008,"A","M",0,2.19722457733622
"squirrel_29",10,0,NA,1,73.2049999999999,"A","M",0,2.30258509299405
"squirrel_29",11,0,NA,0,48.2669999999998,"A","M",0,2.39789527279837
"squirrel_29",12,0,NA,1,123.239,"A","M",0,2.484906649788
"squirrel_29",13,0,NA,0,13.7330000000002,"A","M",0,2.56494935746154
"squirrel_29",14,0,NA,0,19.9720000000002,"A","M",0,2.63905732961526
"squirrel_29",15,1,0.932999999999993,0,1.19999999999982,"A","M",0,2.70805020110221
"squirrel_29",16,0,NA,1,32.3989999999999,"A","M",0,2.77258872223978
"squirrel_29",17,0,NA,0,20.5330000000004,"A","M",0,2.83321334405622
"squirrel_29",18,0,NA,0,14.7670000000003,"A","M",0,2.89037175789616
"squirrel_16",1,0,NA,0,31.666,"A","M",0,0
"squirrel_16",2,1,21.266,0,21.6,"A","M",0,0.693147180559945
"squirrel_16",3,0,NA,1,30.1,"A","M",0,1.09861228866811
"squirrel_16",4,1,32.106,0,32.506,"A","M",0,1.38629436111989
"squirrel_16",5,0,NA,1,61.199,"A","M",0,1.6094379124341
"squirrel_16",6,0,NA,0,29.6,"A","M",0,1.79175946922805
"squirrel_16",7,0,NA,0,14.173,"A","M",0,1.94591014905531
"squirrel_16",8,1,4.90000000000003,0,5.40000000000003,"A","M",0,2.07944154167984
"squirrel_16",9,0,NA,1,94.366,"A","M",0,2.19722457733622
"squirrel_16",10,0,NA,0,10.567,"A","M",0,2.30258509299405
"squirrel_16",11,0,NA,0,14.907,"A","M",0,2.39789527279837
"squirrel_21",1,1,7.767,0,8.23399999999999,"A","M",0,0
"squirrel_21",2,1,16.733,1,17.066,"A","M",0,0.693147180559945
"squirrel_21",3,0,NA,1,10.6,"A","M",0,1.09861228866811
"squirrel_21",4,0,NA,1,7.833,"A","M",0,1.38629436111989
"squirrel_21",5,1,7.36600000000001,1,7.96600000000001,"A","M",0,1.6094379124341
"squirrel_21",6,0,NA,0,1.20000000000002,"A","M",0,1.79175946922805
"squirrel_21",7,0,NA,1,6.70000000000002,"A","M",0,1.94591014905531
"squirrel_21",8,0,NA,0,5.93299999999999,"A","M",0,2.07944154167984
"squirrel_21",9,0,NA,0,34.533,"A","M",0,2.19722457733622
"squirrel_21",10,0,NA,0,7.09999999999997,"A","M",0,2.30258509299405
"squirrel_29",1,0,NA,0,1.96600000000001,"A","M",0,0
"squirrel_15",2,0,NA,0,1.06599999999997,"P","F",0,0.693147180559945
"squirrel_15",3,0,NA,0,4.66699999999997,"P","F",1,1.09861228866811
"squirrel_15",4,0,NA,0,1.63400000000001,"P","F",0,1.38629436111989
"squirrel_15",5,1,103.178,1,104.811,"P","F",0,1.6094379124341
"squirrel_15",6,1,115.638,1,116.371,"P","F",0,1.79175946922805
"squirrel_15",7,0,NA,0,7.33299999999997,"P","F",0,1.94591014905531
"squirrel_15",9,0,NA,0,20.0720000000001,"P","F",0,2.19722457733622
"squirrel_16",1,4,6.03899999999999,1,106.172,"A","M",0,0
"squirrel_16",2,1,51.7,1,73.539,"A","M",0,0.693147180559945
"squirrel_16",3,1,17.2660000000001,1,47.1780000000001,"A","M",0,1.09861228866811
"squirrel_16",4,0,NA,0,18.2330000000002,"A","M",0,1.38629436111989
"squirrel_16",5,1,16.5060000000001,1,20.873,"A","M",0,1.6094379124341
"squirrel_21",1,1,26.4,0,26.7,"A","M",0,0
"squirrel_21",3,0,NA,0,13.066,"A","M",0,1.09861228866811
"squirrel_23",1,7,2.63399999999999,1,83.466,"A","F",0,0
"squirrel_23",2,2,0.232999999999976,1,65.732,"A","F",0,0.693147180559945
"squirrel_23",3,1,3.83300000000003,1,14.533,"A","F",0,1.09861228866811
"squirrel_23",4,1,0.966999999999871,1,14.8340000000001,"A","F",1,1.38629436111989
"squirrel_23",5,0,NA,1,6.59999999999991,"A","F",1,1.6094379124341
"squirrel_23",6,1,0.766999999999825,1,3.79999999999995,"A","F",1,1.79175946922805
"squirrel_23",7,1,1.59999999999991,1,10.4000000000001,"A","F",1,1.94591014905531
"squirrel_23",8,2,0.932999999999993,1,7.73299999999995,"A","F",1,2.07944154167984
"squirrel_23",9,1,0.0999999999999091,1,2.70000000000005,"A","F",1,2.19722457733622
"squirrel_23",10,0,NA,0,3.20000000000005,"A","F",1,2.30258509299405
"squirrel_23",11,1,4,1,21.9389999999999,"A","F",1,2.39789527279837
"squirrel_29",1,0,NA,1,30.733,"A","M",0,0
"squirrel_29",2,0,NA,1,55.366,"A","M",1,0.693147180559945
"squirrel_29",3,0,NA,0,25.433,"A","M",1,1.09861228866811
"squirrel_29",4,1,49.3320000000001,1,49.632,"A","M",0,1.38629436111989
"squirrel_29",5,1,27.534,1,27.867,"A","M",0,1.6094379124341
"squirrel_29",6,1,7.166,1,55.433,"A","M",0,1.79175946922805
"squirrel_29",7,0,NA,0,24.9,"A","M",0,1.94591014905531
"squirrel_29",8,0,NA,0,8.267,"A","M",0,2.07944154167984
"squirrel_29",9,3,23.272,1,35.672,"A","M",1,2.19722457733622
"squirrel_29",10,2,37.673,1,19.64,"A","M",0,2.30258509299405
"squirrel_29",11,6,51.905,1,61.7719999999999,"A","M",0,2.39789527279837
"squirrel_29",12,0,NA,1,63.3390000000002,"A","M",0,2.484906649788
"squirrel_29",13,1,3.33400000000006,0,3.79999999999995,"A","M",0,2.56494935746154
"squirrel_29",14,2,16.2329999999999,1,31.4659999999999,"A","M",0,2.63905732961526
"squirrel_29",15,0,NA,1,78.472,"A","M",0,2.70805020110221
"squirrel_29",16,3,61.3729999999998,1,175.212,"A","M",1,2.77258872223978
"squirrel_29",17,4,23.105,1,226.242,"A","M",0,2.83321334405622
"squirrel_29",18,0,NA,0,19.367,"A","M",0,2.89037175789616
"squirrel_29",19,0,NA,0,10.2329999999999,"A","M",0,2.94443897916644
"squirrel_29",20,0,NA,0,7.20000000000005,"A","M",0,2.99573227355399
"squirrel_15",1,0,NA,1,113.471,"P","F",0,0
"squirrel_15",2,0,NA,0,13.967,"P","F",0,0.693147180559945
"squirrel_15",3,0,NA,0,63.766,"P","F",0,1.09861228866811
"squirrel_15",4,0,NA,1,82.472,"P","F",0,1.38629436111989
"squirrel_15",5,0,NA,0,54.272,"P","F",0,1.6094379124341
"squirrel_15",6,0,NA,0,45.806,"P","F",0,1.79175946922805
"squirrel_15",7,0,NA,0,12.373,"P","F",0,1.94591014905531
"squirrel_15",8,0,NA,0,5,"P","F",1,2.07944154167984
"squirrel_15",9,0,NA,0,5.36699999999996,"P","F",1,2.19722457733622
"squirrel_15",10,0,NA,0,11.5999999999999,"P","F",1,2.30258509299405
"squirrel_15",11,0,NA,0,2.26700000000005,"P","F",1,2.39789527279837
"squirrel_16",1,0,NA,0,6,"A","M",1,0
"squirrel_21",1,0,NA,1,44.9,"A","M",0,0
"squirrel_21",2,0,NA,0,3.13299999999998,"A","M",0,0.693147180559945
"squirrel_21",3,0,NA,0,9.29999999999995,"A","M",0,1.09861228866811
"squirrel_21",4,0,NA,1,32.766,"A","M",1,1.38629436111989
"squirrel_21",5,0,NA,0,14.9669999999999,"A","M",1,1.6094379124341
"squirrel_21",6,2,64.6659999999999,0,5,"A","M",1,1.79175946922805
"squirrel_21",7,0,NA,1,156.371,"A","M",1,1.94591014905531
"squirrel_21",8,1,134.732,1,73.1600000000001,"A","M",1,2.07944154167984
"squirrel_21",9,1,51.499,1,51.6659999999999,"A","M",1,2.19722457733622
"squirrel_21",10,0,NA,1,21.366,"A","M",1,2.30258509299405
"squirrel_23",1,7,2.57299999999998,1,84.972,"A","F",0,0
"squirrel_23",2,2,5.23400000000004,1,65.351,"A","F",0,0.693147180559945
"squirrel_23",3,0,NA,0,2.60000000000002,"A","F",0,1.09861228866811
"squirrel_23",4,0,NA,0,2.69999999999993,"A","F",1,1.38629436111989
"squirrel_23",5,15,1.5,1,146.937,"A","F",1,1.6094379124341
"squirrel_29",1,0,NA,0,56.639,"A","M",0,0
"squirrel_29",2,0,NA,1,103.099,"A","M",1,0.693147180559945
"squirrel_29",3,0,NA,0,13.867,"A","M",0,1.09861228866811
"squirrel_29",4,0,NA,0,5.83299999999997,"A","M",0,1.38629436111989
"squirrel_29",5,0,NA,0,13.5,"A","M",0,1.6094379124341
"squirrel_29",6,0,NA,0,8.33299999999997,"A","M",0,1.79175946922805
"squirrel_29",7,0,NA,0,43.066,"A","M",0,1.94591014905531
"squirrel_29",8,2,80.951,1,140.717,"A","M",0,2.07944154167984
"squirrel_29",9,0,NA,0,5.83300000000008,"A","M",0,2.19722457733622
"squirrel_29",10,0,NA,0,6.23399999999992,"A","M",1,2.30258509299405
"squirrel_15",1,0,NA,1,32.772,"P","F",1,0
"squirrel_15",2,0,NA,0,13.7659999999998,"P","F",1,0.693147180559945
"squirrel_16",1,0,NA,0,12.7669999999999,"A","M",1,0
"squirrel_21",1,0,NA,0,5,"A","M",0,0
"squirrel_21",2,2,93.6049999999999,1,106.812,"A","M",0,0.693147180559945
"squirrel_21",3,1,94.032,0,94.5650000000001,"A","M",0,1.09861228866811
"squirrel_21",4,0,NA,0,36.106,"A","M",0,1.38629436111989
"squirrel_21",5,0,NA,1,106.999,"A","M",0,1.6094379124341
"squirrel_21",6,0,NA,0,3.66599999999994,"A","M",0,1.79175946922805
"squirrel_21",7,0,NA,1,11.6339999999999,"A","M",0,1.94591014905531
"squirrel_29",1,0,NA,0,19,"A","M",1,0
"squirrel_21",1,0,NA,1,61.633,"A","M",0,0
"squirrel_21",2,0,NA,0,3.233,"A","M",0,0.693147180559945
"squirrel_29",1,1,8.707,0,8.973,"A","M",0,0
"squirrel_29",2,0,NA,1,19.233,"A","M",0,0.693147180559945
"squirrel_29",3,0,NA,0,2,"A","M",0,1.09861228866811
"squirrel_29",4,0,NA,0,26.5,"A","M",0,1.38629436111989
"squirrel_29",5,0,NA,0,1.273,"A","M",0,1.6094379124341
"squirrel_21",1,2,37.94,1,38.773,"A","M",0,0
"squirrel_21",2,1,14.733,0,15.366,"A","M",0,0.693147180559945
"squirrel_21",3,1,33.4,1,33.933,"A","M",0,1.09861228866811
"squirrel_21",4,0,NA,1,47.167,"A","M",0,1.38629436111989
"squirrel_21",5,0,NA,1,26.999,"A","M",0,1.6094379124341
"squirrel_21",6,1,13.333,1,39.333,"A","M",0,1.79175946922805
"squirrel_21",7,0,NA,0,7.44,"A","M",0,1.94591014905531
"squirrel_21",8,1,3.40699999999998,1,21.973,"A","M",0,2.07944154167984
"squirrel_21",9,0,NA,0,8.19999999999999,"A","M",0,2.19722457733622
"squirrel_21",10,2,10.54,1,52.073,"A","M",0,2.30258509299405
"squirrel_21",11,2,28.867,1,29.4329999999999,"A","M",0,2.39789527279837
"squirrel_21",12,0,NA,0,4.66699999999992,"A","M",0,2.484906649788
"squirrel_21",13,3,3,1,3.89999999999998,"A","M",0,2.56494935746154
"squirrel_21",14,2,14.433,1,15.1669999999999,"A","M",0,2.63905732961526
"squirrel_21",15,2,9.07299999999998,1,9.93999999999994,"A","M",0,2.70805020110221
"squirrel_21",16,2,7.34000000000003,1,49.873,"A","M",0,2.77258872223978
"squirrel_29",1,0,NA,0,27.7,"A","M",0,0
"squirrel_29",2,0,NA,0,18.066,"A","M",0,0.693147180559945
"squirrel_29",3,0,NA,0,2.09999999999997,"A","M",0,1.09861228866811
"squirrel_29",4,0,NA,1,26.1,"A","M",0,1.38629436111989
"squirrel_29",5,0,NA,1,33.766,"A","M",0,1.6094379124341
"squirrel_29",6,0,NA,0,6.06599999999992,"A","M",0,1.79175946922805
